20180003024	1	artwork	-	vector	720	405	5	13	
20180003024	2	artwork	-	vector	720	405	13	20	
20180003024	3	artwork	-	raster	720	405	4	9	
20180003024	4	artwork	-	raster	720	405	3	7	
20180003024	5	artwork	-	vector	720	405	1	1	
20180003024	6	artwork	-	vector	720	405	6	8	
20180003024	7	artwork	-	vector	720	405	11	40	
20180003024	8	artwork	-	vector	720	405	13	42	
20180003024	9	artwork	-	vector	720	405	8	33	
20180003024	10	artwork	-	vector	720	405	5	25	
20180003024	11	artwork	-	vector	720	405	6	9	
20180003024	12	artwork	-	vector	720	405	16	24	
20180003024	13	artwork	-	vector	720	405	13	20	
20180003024	14	artwork	-	vector	720	405	13	18	
20180003024	15	artwork	-	vector	720	405	10	12	
20180003024	16	artwork	-	vector	720	405	16	31	
20180003024	17	artwork	-	vector	720	405	19	34	
20180003024	18	artwork	-	vector	720	405	21	36	
20180003024	19	artwork	-	vector	720	405	23	38	
20180003024	20	artwork	-	vector	720	405	23	35	
20180003024	21	artwork	-	vector	720	405	15	25	
20190030725	2	artwork	-	vector	196	39	20	24	
20190030725	3	equation	-	vector	67	28	7	8	
20190030725	3	equation	-	vector	73	29	3	4	
20190030725	3	equation	-	vector	61	29	3	4	
20190030725	3	equation	-	vector	175	34	17	21	
20190030725	3	equation	-	vector	98	57	7	11	
20190030725	4	artwork	captioned	vector	230	384	32	56	Fig. 1: (A) The STAs of previously scheduled flights m,nand the ETA of flight f at node k−1 (here, for the purpose of illustrating semi-infinite unavailable intervals, assumed to be the first node…
20190030725	4	artwork	captioned	vector	232	507	15	32	Fig. 2: (A) The only times (shown in blue) reachable at node k+1 by leaving node kat time instant Tk.
20190030725	5	equation	-	vector	221	41	5	14	
20190030725	5	equation	-	vector	223	43	5	15	
20190030725	6	artwork	-	vector	121	64	5	24	
20190030725	6	equation	-	vector	204	31	5	10	
20190030725	6	equation	-	vector	224	36	3	12	
20190030725	7	artwork	captioned	raster	489	344	31	115	TABLE I: A 6-flight example.
20190030725	8	artwork	-	raster	522	503	47	156	
20190030725	9	text	-	vector	255	13	1	12	
20190030725	9	equation	-	vector	53	27	2	4	
20190030725	9	equation	-	vector	171	47	5	16	
20190030725	9	equation	-	vector	205	33	6	17	
20190030725	9	equation	-	vector	83	40	2	6	
20190030725	9	equation	-	vector	47	26	1	2	
20190030725	9	equation	-	vector	178	57	6	16	
20190030725	9	equation	-	vector	225	110	39	62	
20190030725	9	equation	-	vector	132	39	3	10	
20190030725	9	equation	-	vector	34	70	2	3	
20190030725	9	artwork	-	vector	266	175	23	36	
20190030725	9	equation	-	vector	159	17	1	6	
20190030725	10	artwork	-	vector	251	663	87	484	
20200002975	2	artwork	captioned	raster	236	166	0	0	Figure 1. Sketch of the Transonic Dynamics Tunnel with cutaways revealing key features
20200002975	3	artwork	captioned	raster	391	260	0	0	Figure 2. Photo of spire and roughness element (block) installation in the TDT, with instrumentation rake in the foreground, looking upstream
20200002975	4	artwork	captioned	raster	353	250	0	0	Figure 3. Illustration of instrumentation rake with instrument locations
20200002975	4	equation	-	vector	88	35	2	6	
20200002975	5	artwork	captioned	raster	486	190	0	0	Figure 4. Results of velocity profile simulation in the TDT for three launch sites
20200002975	5	artwork	captioned	raster	215	209	0	0	Figure 5. Uniform flow velocity profile
20200002975	5	artwork	captioned	raster	243	175	0	0	Figure 6. Comparison of target turbulence spectra and wind-tunnel spectra in equivalent full-scale values
20200002975	6	artwork	captioned	raster	132	209	0	0	Figure 8. Turbulence intensity with uniform flow
20200002975	6	artwork	captioned	raster	364	190	0	0	Figure 7. Turbulence intensities at various simulated launch sites
20200002975	7	artwork	captioned	raster	219	263	0	0	Figure 9. Research model installed in TDT, looking upstream, 0 degree azimuth
20200002975	7	artwork	captioned	raster	352	163	0	0	Figure 10. Aluminum base details, research model
20200002975	8	artwork	-	raster	230	283	0	0	
20200002975	8	artwork	-	raster	223	161	0	0	
20200002975	9	artwork	captioned	raster	239	194	0	0	Figure 13. ABL velocity profile and equivalent uniform speed that produces the same static bending moment
20200002975	9	artwork	captioned	raster	249	189	0	0	Figure 14. Illustration of load components
20200002975	9	artwork	captioned	raster	242	182	0	0	Figure 15. Static bending moment due to drag, research model
20200002975	10	artwork	captioned	raster	498	525	0	0	Figure 16. Static bending moment due to drag, research model, segregated by azimuth angle regions
20200002975	11	artwork	-	raster	243	182	0	0	
20200002975	11	artwork	-	raster	229	171	0	0	
20200002975	11	artwork	captioned	raster	243	182	0	0	Figure 18. Maximum resultant bending moment, research model
20200002975	12	artwork	captioned	raster	203	164	0	0	Figure 19. Normalized static bending moment due to drag, proprietary model
20200002975	12	artwork	captioned	raster	243	182	0	0	Figure 20. Normalized peak bending moment due to lift, proprietary model
20200002975	12	artwork	captioned	raster	243	182	0	0	Figure 21. Normalized maximum resultant bending moment, proprietary model
20200002975	14	artwork	captioned	raster	550	568	0	0	Figure A1. Peak bending moment due to lift, research model, segregated by azimuth angle regions
20200002975	15	artwork	captioned	raster	530	547	0	0	Figure A2. Maximum resultant bending moment, research model, segregated by azimuth angle regions
20200002975	16	artwork	captioned	raster	510	597	0	0	Figure A3. Bending moment due to drag, proprietary model, segregated by azimuth angle regions
20200002975	17	artwork	captioned	raster	526	574	0	0	Figure A4. Peak bending moment due to lift, proprietary model, segregated by azimuth angle regions
20200002975	18	artwork	captioned	raster	521	576	0	0	Figure A5. Maximum resultant bending moment, proprietary model, segregated by azimuth angle regions
20200002975	20	artwork	-	raster	78	88	0	0	
20200002975	20	artwork	-	raster	78	90	0	0	
20200002975	20	artwork	-	raster	78	95	0	0	
2311.07842v1	2	equation	-	vector	250	13	1	13	
2311.07842v1	3	artwork	captioned	raster	144	91	0	0	Figure 1: Sample Execution Sequence and Application of Replay Algorithm.
2311.07842v1	3	equation	-	vector	74	14	2	5	
2311.07842v1	3	equation	-	vector	223	34	3	22	
2311.07842v1	3	listing	captioned	vector	246	77	9	35	Algorithm 1 ReplayEvents Operation
2311.07842v1	4	artwork	captioned	raster	120	24	0	0	Figure 2: Working of Shift() on Process 0. Here, 𝜖=15, and the shift is issued to advance to epoch 20.
2311.07842v1	4	listing	captioned	vector	244	86	8	26	Algorithm 2 Shift Operation
2311.07842v1	4	listing	captioned	vector	244	97	8	27	Algorithm 3 Send Message
2311.07842v1	4	listing	captioned	vector	244	202	18	63	Algorithm 4 Receive Message
2311.07842v1	5	artwork	captioned	raster	144	136	0	0	Figure 3: Replay of the Execution in Figure 1 with RepCl.
2311.07842v1	5	equation	-	vector	203	42	11	27	
2311.07842v1	5	equation	-	vector	215	29	2	11	
2311.07842v1	5	equation	-	vector	149	89	7	37	
2311.07842v1	5	equation	-	vector	246	26	2	14	
2311.07842v1	5	equation	-	vector	246	25	4	17	
2311.07842v1	5	equation	-	vector	139	18	1	4	
2311.07842v1	5	equation	-	vector	252	49	8	27	
2311.07842v1	5	listing	captioned	vector	244	64	5	23	Algorithm 5 MergeSameEpoch Operation
2311.07842v1	5	listing	captioned	vector	244	62	5	22	Algorithm 6 EqualOffset Operation
2311.07842v1	6	artwork	captioned	raster	216	102	0	0	Figure 4: Sample 𝑅𝑒𝑝𝐶𝑙 representation.
2311.07842v1	7	artwork	-	raster	151	274	2	14	
2311.07842v1	7	artwork	-	raster	166	287	3	24	
2311.07842v1	7	artwork	-	raster	151	274	2	14	
2311.07842v1	8	text	-	vector	244	14	2	15	
2311.07842v1	8	artwork	-	raster	244	118	3	22	
2311.07842v1	8	artwork	-	raster	246	118	3	22	
2311.07842v1	8	artwork	-	raster	240	118	3	22	
2311.07842v1	8	artwork	-	raster	243	118	3	21	
2311.07842v1	8	artwork	-	raster	240	118	3	21	
2311.07842v1	8	artwork	-	raster	240	118	3	21	
2311.07842v1	9	artwork	-	raster	242	216	5	49	
2311.07842v1	10	artwork	captioned	raster	120	74	0	0	Figure 13: Effect of using E instead of E𝑎 in 𝑅𝑒𝑝𝐶𝑙.
2311.07842v1	12	artwork	-	raster	252	112	0	0	
2311.07842v1	12	artwork	-	raster	504	287	7	53	
Beginning_and_Intermediate_Algebra	2	artwork	-	raster	53	19	0	0	
Beginning_and_Intermediate_Algebra	9	equation	-	vector	28	39	2	4	
Beginning_and_Intermediate_Algebra	9	equation	-	vector	22	39	2	3	
Beginning_and_Intermediate_Algebra	11	equation	-	vector	35	23	2	3	
Beginning_and_Intermediate_Algebra	11	equation	-	vector	35	23	2	3	
Beginning_and_Intermediate_Algebra	11	equation	-	vector	38	28	2	4	
Beginning_and_Intermediate_Algebra	11	equation	-	vector	43	29	2	4	
Beginning_and_Intermediate_Algebra	11	equation	-	vector	38	29	2	4	
Beginning_and_Intermediate_Algebra	11	equation	-	vector	35	22	2	3	
Beginning_and_Intermediate_Algebra	11	equation	-	vector	43	29	2	4	
Beginning_and_Intermediate_Algebra	11	equation	-	vector	38	29	2	4	
Beginning_and_Intermediate_Algebra	11	equation	-	vector	43	23	2	3	
Beginning_and_Intermediate_Algebra	11	equation	-	vector	43	28	2	4	
Beginning_and_Intermediate_Algebra	11	equation	-	vector	43	84	6	11	
Beginning_and_Intermediate_Algebra	11	equation	-	vector	38	54	4	7	
Beginning_and_Intermediate_Algebra	12	equation	-	vector	17	31	2	2	
Beginning_and_Intermediate_Algebra	12	equation	-	vector	63	39	5	9	
Beginning_and_Intermediate_Algebra	13	equation	-	vector	305	32	4	10	
Beginning_and_Intermediate_Algebra	13	equation	-	vector	98	31	2	4	
Beginning_and_Intermediate_Algebra	13	equation	-	vector	38	32	4	4	
Beginning_and_Intermediate_Algebra	13	equation	-	vector	32	32	4	4	
Beginning_and_Intermediate_Algebra	13	equation	-	vector	98	31	2	4	
Beginning_and_Intermediate_Algebra	13	equation	-	vector	138	39	5	10	
Beginning_and_Intermediate_Algebra	14	equation	-	vector	190	32	4	9	
Beginning_and_Intermediate_Algebra	14	equation	-	vector	38	32	4	4	
Beginning_and_Intermediate_Algebra	14	equation	-	vector	305	32	4	10	
Beginning_and_Intermediate_Algebra	14	equation	-	vector	98	31	2	4	
Beginning_and_Intermediate_Algebra	14	equation	-	vector	253	31	4	11	
Beginning_and_Intermediate_Algebra	14	equation	-	vector	176	31	2	7	
Beginning_and_Intermediate_Algebra	14	equation	-	vector	92	31	2	4	
Beginning_and_Intermediate_Algebra	14	text	-	vector	429	35	4	33	
Beginning_and_Intermediate_Algebra	14	equation	-	vector	205	67	5	21	
Beginning_and_Intermediate_Algebra	15	equation	-	vector	289	32	4	10	
Beginning_and_Intermediate_Algebra	15	equation	-	vector	170	31	2	7	
Beginning_and_Intermediate_Algebra	15	equation	-	vector	92	31	2	4	
Beginning_and_Intermediate_Algebra	15	equation	-	vector	100	31	4	8	
Beginning_and_Intermediate_Algebra	15	equation	-	vector	60	71	8	14	
Beginning_and_Intermediate_Algebra	15	equation	-	vector	98	31	2	4	
Beginning_and_Intermediate_Algebra	15	equation	-	vector	91	32	4	7	
Beginning_and_Intermediate_Algebra	15	equation	-	vector	402	71	8	29	
Beginning_and_Intermediate_Algebra	15	equation	-	vector	170	31	2	7	
Beginning_and_Intermediate_Algebra	15	equation	-	vector	92	31	2	4	
Beginning_and_Intermediate_Algebra	16	equation	-	vector	29	22	2	3	
Beginning_and_Intermediate_Algebra	16	equation	-	vector	29	22	2	3	
Beginning_and_Intermediate_Algebra	16	equation	-	vector	29	22	2	3	
Beginning_and_Intermediate_Algebra	16	equation	-	vector	29	22	2	3	
Beginning_and_Intermediate_Algebra	16	equation	-	vector	29	22	2	3	
Beginning_and_Intermediate_Algebra	16	equation	-	vector	35	22	2	3	
Beginning_and_Intermediate_Algebra	16	equation	-	vector	35	22	2	3	
Beginning_and_Intermediate_Algebra	16	equation	-	vector	35	22	2	3	
Beginning_and_Intermediate_Algebra	16	equation	-	vector	35	22	2	3	
Beginning_and_Intermediate_Algebra	16	equation	-	vector	35	22	2	3	
Beginning_and_Intermediate_Algebra	16	equation	-	vector	29	22	2	3	
Beginning_and_Intermediate_Algebra	16	equation	-	vector	29	23	2	3	
Beginning_and_Intermediate_Algebra	16	equation	-	vector	29	22	2	3	
Beginning_and_Intermediate_Algebra	16	equation	-	vector	29	22	2	3	
Beginning_and_Intermediate_Algebra	16	equation	-	vector	35	22	2	3	
Beginning_and_Intermediate_Algebra	16	equation	-	vector	35	22	2	3	
Beginning_and_Intermediate_Algebra	16	equation	-	vector	35	22	2	3	
Beginning_and_Intermediate_Algebra	16	equation	-	vector	35	22	2	3	
Beginning_and_Intermediate_Algebra	16	equation	-	vector	39	22	2	3	
Beginning_and_Intermediate_Algebra	16	equation	-	vector	39	22	2	3	
Beginning_and_Intermediate_Algebra	16	equation	-	vector	55	23	2	4	
Beginning_and_Intermediate_Algebra	16	equation	-	vector	68	28	3	5	
Beginning_and_Intermediate_Algebra	16	equation	-	vector	73	27	2	5	
Beginning_and_Intermediate_Algebra	16	equation	-	vector	87	28	5	8	
Beginning_and_Intermediate_Algebra	16	equation	-	vector	57	23	2	4	
Beginning_and_Intermediate_Algebra	16	equation	-	vector	56	23	3	6	
Beginning_and_Intermediate_Algebra	16	equation	-	vector	50	23	2	4	
Beginning_and_Intermediate_Algebra	16	equation	-	vector	69	28	4	7	
Beginning_and_Intermediate_Algebra	16	equation	-	vector	82	28	3	6	
Beginning_and_Intermediate_Algebra	16	equation	-	vector	68	28	2	5	
Beginning_and_Intermediate_Algebra	16	equation	-	vector	56	23	3	6	
Beginning_and_Intermediate_Algebra	16	equation	-	vector	87	28	5	8	
Beginning_and_Intermediate_Algebra	16	equation	-	vector	82	28	3	6	
Beginning_and_Intermediate_Algebra	16	equation	-	vector	87	28	5	8	
Beginning_and_Intermediate_Algebra	16	equation	-	vector	73	28	4	7	
Beginning_and_Intermediate_Algebra	16	equation	-	vector	56	23	3	6	
Beginning_and_Intermediate_Algebra	17	equation	-	vector	66	211	22	44	
Beginning_and_Intermediate_Algebra	17	equation	-	vector	75	211	22	46	
Beginning_and_Intermediate_Algebra	17	equation	-	vector	50	23	3	6	
Beginning_and_Intermediate_Algebra	17	equation	-	vector	50	23	3	6	
Beginning_and_Intermediate_Algebra	17	equation	-	vector	73	101	14	26	
Beginning_and_Intermediate_Algebra	17	equation	-	vector	96	54	9	16	
Beginning_and_Intermediate_Algebra	17	equation	-	vector	73	75	11	19	
Beginning_and_Intermediate_Algebra	17	equation	-	vector	95	157	23	37	
Beginning_and_Intermediate_Algebra	17	equation	-	vector	99	335	45	80	
Beginning_and_Intermediate_Algebra	18	equation	-	vector	123	20	1	3	
Beginning_and_Intermediate_Algebra	19	equation	-	vector	189	51	4	15	
Beginning_and_Intermediate_Algebra	19	equation	-	vector	382	182	23	76	
Beginning_and_Intermediate_Algebra	20	equation	-	vector	70	44	3	9	
Beginning_and_Intermediate_Algebra	20	equation	-	vector	72	43	2	6	
Beginning_and_Intermediate_Algebra	20	text	-	vector	384	35	2	13	
Beginning_and_Intermediate_Algebra	20	equation	-	vector	107	31	2	4	
Beginning_and_Intermediate_Algebra	20	equation	-	vector	177	76	6	25	
Beginning_and_Intermediate_Algebra	20	equation	-	vector	154	35	3	10	
Beginning_and_Intermediate_Algebra	21	equation	-	vector	179	91	6	35	
Beginning_and_Intermediate_Algebra	21	equation	-	vector	132	29	2	15	
Beginning_and_Intermediate_Algebra	21	equation	-	vector	154	29	2	14	
Beginning_and_Intermediate_Algebra	21	equation	-	vector	117	44	5	18	
Beginning_and_Intermediate_Algebra	21	equation	-	vector	76	29	3	7	
Beginning_and_Intermediate_Algebra	21	equation	-	vector	79	30	3	11	
Beginning_and_Intermediate_Algebra	21	equation	-	vector	103	29	2	12	
Beginning_and_Intermediate_Algebra	21	equation	-	vector	157	30	3	24	
Beginning_and_Intermediate_Algebra	22	equation	-	vector	411	152	11	64	
Beginning_and_Intermediate_Algebra	22	equation	-	vector	309	39	3	23	
Beginning_and_Intermediate_Algebra	23	equation	-	vector	242	28	1	8	
Beginning_and_Intermediate_Algebra	25	equation	-	vector	204	195	13	91	
Beginning_and_Intermediate_Algebra	25	equation	-	vector	204	108	5	49	
Beginning_and_Intermediate_Algebra	25	equation	-	vector	191	64	2	21	
Beginning_and_Intermediate_Algebra	25	equation	-	vector	408	123	11	80	
Beginning_and_Intermediate_Algebra	28	equation	-	vector	76	35	1	4	
Beginning_and_Intermediate_Algebra	28	equation	-	vector	191	71	5	19	
Beginning_and_Intermediate_Algebra	28	equation	-	vector	167	65	4	15	
Beginning_and_Intermediate_Algebra	29	equation	-	vector	275	72	5	29	
Beginning_and_Intermediate_Algebra	29	equation	-	vector	60	57	3	8	
Beginning_and_Intermediate_Algebra	29	equation	-	vector	133	72	4	14	
Beginning_and_Intermediate_Algebra	29	equation	-	vector	62	65	3	9	
Beginning_and_Intermediate_Algebra	29	equation	-	vector	255	63	5	23	
Beginning_and_Intermediate_Algebra	30	equation	-	vector	75	57	3	11	
Beginning_and_Intermediate_Algebra	30	equation	-	vector	146	72	4	14	
Beginning_and_Intermediate_Algebra	30	equation	-	vector	74	57	3	9	
Beginning_and_Intermediate_Algebra	30	equation	-	vector	189	63	4	20	
Beginning_and_Intermediate_Algebra	30	equation	-	vector	167	28	1	8	
Beginning_and_Intermediate_Algebra	30	equation	-	vector	218	72	4	22	
Beginning_and_Intermediate_Algebra	31	equation	-	vector	57	65	3	8	
Beginning_and_Intermediate_Algebra	31	equation	captioned	vector	68	57	3	9	Table 3. Multiplication Examples
Beginning_and_Intermediate_Algebra	31	equation	-	vector	51	57	3	6	
Beginning_and_Intermediate_Algebra	31	equation	captioned	vector	67	61	5	9	Table 4. Division Examples
Beginning_and_Intermediate_Algebra	31	equation	-	vector	105	71	5	15	
Beginning_and_Intermediate_Algebra	31	equation	-	vector	212	80	9	23	
Beginning_and_Intermediate_Algebra	31	equation	-	vector	116	63	7	14	
Beginning_and_Intermediate_Algebra	32	equation	-	vector	109	547	27	79	
Beginning_and_Intermediate_Algebra	32	equation	-	vector	103	248	17	42	
Beginning_and_Intermediate_Algebra	32	equation	-	vector	98	308	19	44	
Beginning_and_Intermediate_Algebra	33	equation	-	vector	76	36	1	3	
Beginning_and_Intermediate_Algebra	33	equation	-	vector	273	98	9	41	
Beginning_and_Intermediate_Algebra	33	equation	-	vector	181	71	4	15	
Beginning_and_Intermediate_Algebra	34	equation	-	vector	263	99	7	41	
Beginning_and_Intermediate_Algebra	34	equation	-	vector	282	107	8	38	
Beginning_and_Intermediate_Algebra	34	equation	-	vector	65	89	4	15	
Beginning_and_Intermediate_Algebra	35	equation	-	vector	189	40	3	13	
Beginning_and_Intermediate_Algebra	35	equation	-	vector	85	86	5	16	
Beginning_and_Intermediate_Algebra	35	equation	-	vector	72	86	5	16	
Beginning_and_Intermediate_Algebra	35	equation	-	vector	79	94	5	13	
Beginning_and_Intermediate_Algebra	35	equation	-	vector	75	94	5	16	
Beginning_and_Intermediate_Algebra	35	equation	captioned	vector	81	86	5	18	Table 5. Two-Step Equation Examples
Beginning_and_Intermediate_Algebra	35	equation	-	vector	76	78	6	15	
Beginning_and_Intermediate_Algebra	35	equation	-	vector	410	48	8	23	
Beginning_and_Intermediate_Algebra	36	equation	-	vector	104	508	26	95	
Beginning_and_Intermediate_Algebra	36	equation	-	vector	110	517	29	95	
Beginning_and_Intermediate_Algebra	37	equation	-	vector	255	116	10	42	
Beginning_and_Intermediate_Algebra	37	equation	-	vector	310	99	9	42	
Beginning_and_Intermediate_Algebra	38	equation	-	vector	162	39	2	11	
Beginning_and_Intermediate_Algebra	38	equation	-	vector	90	36	1	4	
Beginning_and_Intermediate_Algebra	38	equation	-	vector	277	133	12	54	
Beginning_and_Intermediate_Algebra	38	equation	-	vector	254	63	5	16	
Beginning_and_Intermediate_Algebra	39	equation	-	vector	354	134	10	61	
Beginning_and_Intermediate_Algebra	39	equation	-	vector	313	169	16	78	
Beginning_and_Intermediate_Algebra	39	equation	-	vector	354	99	9	48	
Beginning_and_Intermediate_Algebra	40	equation	-	vector	162	40	2	11	
Beginning_and_Intermediate_Algebra	40	equation	-	vector	368	169	15	84	
Beginning_and_Intermediate_Algebra	40	equation	-	vector	173	54	2	12	
Beginning_and_Intermediate_Algebra	41	equation	-	vector	336	63	5	19	
Beginning_and_Intermediate_Algebra	41	equation	-	vector	110	89	4	15	
Beginning_and_Intermediate_Algebra	41	equation	-	vector	308	101	9	47	
Beginning_and_Intermediate_Algebra	42	equation	-	vector	198	505	25	145	
Beginning_and_Intermediate_Algebra	42	equation	-	vector	197	506	25	152	
Beginning_and_Intermediate_Algebra	43	equation	-	vector	165	31	4	12	
Beginning_and_Intermediate_Algebra	43	equation	-	vector	429	59	11	46	
Beginning_and_Intermediate_Algebra	43	equation	-	vector	181	32	7	10	
Beginning_and_Intermediate_Algebra	43	equation	-	vector	302	32	7	13	
Beginning_and_Intermediate_Algebra	43	equation	-	vector	429	229	31	88	
Beginning_and_Intermediate_Algebra	44	equation	-	vector	263	120	12	43	
Beginning_and_Intermediate_Algebra	44	equation	-	vector	256	37	7	14	
Beginning_and_Intermediate_Algebra	44	equation	-	vector	321	32	7	13	
Beginning_and_Intermediate_Algebra	44	equation	-	vector	341	78	12	32	
Beginning_and_Intermediate_Algebra	44	equation	-	vector	308	155	17	66	
Beginning_and_Intermediate_Algebra	45	equation	-	vector	345	173	15	73	
Beginning_and_Intermediate_Algebra	45	equation	-	vector	413	203	29	94	
Beginning_and_Intermediate_Algebra	45	equation	-	vector	294	32	11	18	
Beginning_and_Intermediate_Algebra	45	equation	-	vector	383	72	18	37	
Beginning_and_Intermediate_Algebra	46	equation	-	vector	155	467	97	167	
Beginning_and_Intermediate_Algebra	46	equation	-	vector	191	441	116	200	
Beginning_and_Intermediate_Algebra	47	text	-	vector	429	46	4	47	
Beginning_and_Intermediate_Algebra	47	equation	-	vector	72	71	3	12	
Beginning_and_Intermediate_Algebra	47	equation	-	vector	353	64	8	37	
Beginning_and_Intermediate_Algebra	48	text	-	vector	277	22	2	12	
Beginning_and_Intermediate_Algebra	48	equation	-	vector	290	102	11	40	
Beginning_and_Intermediate_Algebra	48	equation	-	vector	54	39	3	5	
Beginning_and_Intermediate_Algebra	48	equation	-	vector	410	120	14	62	
Beginning_and_Intermediate_Algebra	49	equation	-	vector	400	105	13	48	
Beginning_and_Intermediate_Algebra	49	equation	-	vector	188	28	1	7	
Beginning_and_Intermediate_Algebra	49	equation	-	vector	83	36	2	3	
Beginning_and_Intermediate_Algebra	49	equation	-	vector	105	117	10	23	
Beginning_and_Intermediate_Algebra	49	equation	-	vector	186	34	1	8	
Beginning_and_Intermediate_Algebra	49	equation	-	vector	51	39	3	5	
Beginning_and_Intermediate_Algebra	49	equation	-	vector	44	30	3	3	
Beginning_and_Intermediate_Algebra	49	equation	-	vector	234	68	6	18	
Beginning_and_Intermediate_Algebra	50	equation	-	vector	310	173	16	58	
Beginning_and_Intermediate_Algebra	50	equation	-	vector	394	229	29	92	
Beginning_and_Intermediate_Algebra	51	equation	-	vector	155	605	43	180	
Beginning_and_Intermediate_Algebra	51	equation	-	vector	157	598	48	173	
Beginning_and_Intermediate_Algebra	52	equation	-	vector	310	54	3	17	
Beginning_and_Intermediate_Algebra	52	equation	-	vector	310	89	7	34	
Beginning_and_Intermediate_Algebra	52	equation	-	vector	75	48	2	6	
Beginning_and_Intermediate_Algebra	53	equation	-	vector	310	54	3	18	
Beginning_and_Intermediate_Algebra	53	equation	-	vector	310	125	9	49	
Beginning_and_Intermediate_Algebra	53	equation	-	vector	361	54	3	22	
Beginning_and_Intermediate_Algebra	53	equation	-	vector	60	85	5	14	
Beginning_and_Intermediate_Algebra	53	equation	-	vector	70	94	5	15	
Beginning_and_Intermediate_Algebra	54	equation	-	vector	107	36	1	5	
Beginning_and_Intermediate_Algebra	54	equation	-	vector	365	125	11	59	
Beginning_and_Intermediate_Algebra	54	equation	-	vector	60	86	5	15	
Beginning_and_Intermediate_Algebra	54	equation	-	vector	70	94	5	15	
Beginning_and_Intermediate_Algebra	55	equation	-	vector	97	72	3	10	
Beginning_and_Intermediate_Algebra	55	equation	-	vector	445	54	3	22	
Beginning_and_Intermediate_Algebra	55	equation	-	vector	84	122	9	26	
Beginning_and_Intermediate_Algebra	55	equation	-	vector	259	35	4	15	
Beginning_and_Intermediate_Algebra	55	equation	-	vector	105	136	10	28	
Beginning_and_Intermediate_Algebra	56	equation	-	vector	143	480	21	89	
Beginning_and_Intermediate_Algebra	56	equation	-	vector	142	503	23	95	
Beginning_and_Intermediate_Algebra	57	equation	-	vector	154	41	2	8	
Beginning_and_Intermediate_Algebra	57	equation	-	vector	119	42	4	9	
Beginning_and_Intermediate_Algebra	58	text	-	vector	429	46	4	48	
Beginning_and_Intermediate_Algebra	58	equation	-	vector	228	28	1	12	
Beginning_and_Intermediate_Algebra	58	equation	-	vector	232	64	5	17	
Beginning_and_Intermediate_Algebra	58	equation	-	vector	40	30	3	3	
Beginning_and_Intermediate_Algebra	58	equation	-	vector	205	80	9	20	
Beginning_and_Intermediate_Algebra	58	equation	-	vector	272	80	9	24	
Beginning_and_Intermediate_Algebra	59	equation	-	vector	364	125	11	57	
Beginning_and_Intermediate_Algebra	59	equation	-	vector	375	179	20	72	
Beginning_and_Intermediate_Algebra	60	equation	-	vector	441	173	19	62	
Beginning_and_Intermediate_Algebra	60	equation	-	vector	422	199	23	73	
Beginning_and_Intermediate_Algebra	61	equation	-	vector	406	37	2	28	
Beginning_and_Intermediate_Algebra	64	equation	-	vector	401	44	2	22	
Beginning_and_Intermediate_Algebra	64	equation	-	vector	378	109	11	48	
Beginning_and_Intermediate_Algebra	65	equation	-	vector	404	213	22	123	
Beginning_and_Intermediate_Algebra	65	equation	-	vector	352	148	16	78	
Beginning_and_Intermediate_Algebra	66	equation	-	vector	436	213	22	116	
Beginning_and_Intermediate_Algebra	66	equation	-	vector	448	213	22	109	
Beginning_and_Intermediate_Algebra	67	equation	-	vector	377	222	22	109	
Beginning_and_Intermediate_Algebra	68	equation	-	vector	351	204	19	105	
Beginning_and_Intermediate_Algebra	68	equation	-	vector	373	144	15	83	
Beginning_and_Intermediate_Algebra	72	artwork	captioned	vector	159	50	4	7	Table 6. Structure of Age Table
Beginning_and_Intermediate_Algebra	72	artwork	-	vector	122	50	4	6	
Beginning_and_Intermediate_Algebra	72	artwork	-	vector	122	50	6	9	
Beginning_and_Intermediate_Algebra	72	artwork	-	vector	156	50	8	14	
Beginning_and_Intermediate_Algebra	72	artwork	-	vector	137	50	8	12	
Beginning_and_Intermediate_Algebra	73	artwork	-	vector	132	50	3	5	
Beginning_and_Intermediate_Algebra	73	artwork	-	vector	132	50	5	9	
Beginning_and_Intermediate_Algebra	73	artwork	-	vector	166	56	7	14	
Beginning_and_Intermediate_Algebra	73	equation	-	vector	45	28	1	2	
Beginning_and_Intermediate_Algebra	73	artwork	-	vector	395	179	20	112	
Beginning_and_Intermediate_Algebra	74	artwork	-	vector	129	56	6	9	
Beginning_and_Intermediate_Algebra	74	artwork	-	vector	163	56	8	13	
Beginning_and_Intermediate_Algebra	74	artwork	-	vector	405	251	31	123	
Beginning_and_Intermediate_Algebra	74	artwork	-	vector	146	133	13	27	
Beginning_and_Intermediate_Algebra	75	artwork	-	vector	138	50	6	7	
Beginning_and_Intermediate_Algebra	75	artwork	-	vector	151	50	8	11	
Beginning_and_Intermediate_Algebra	75	artwork	-	vector	300	152	15	61	
Beginning_and_Intermediate_Algebra	75	equation	-	vector	97	133	7	20	
Beginning_and_Intermediate_Algebra	79	artwork	captioned	vector	178	50	5	7	Table 7. Structure of Distance Problem
Beginning_and_Intermediate_Algebra	80	artwork	-	vector	175	50	5	7	
Beginning_and_Intermediate_Algebra	80	artwork	-	vector	175	50	7	9	
Beginning_and_Intermediate_Algebra	80	artwork	-	vector	175	50	9	11	
Beginning_and_Intermediate_Algebra	80	artwork	-	vector	157	50	5	7	
Beginning_and_Intermediate_Algebra	80	artwork	-	vector	433	146	23	73	
Beginning_and_Intermediate_Algebra	81	artwork	-	vector	161	50	9	11	
Beginning_and_Intermediate_Algebra	81	artwork	-	vector	163	50	7	7	
Beginning_and_Intermediate_Algebra	81	artwork	-	vector	163	56	9	10	
Beginning_and_Intermediate_Algebra	81	artwork	-	vector	422	218	34	123	
Beginning_and_Intermediate_Algebra	82	artwork	-	vector	159	50	7	7	
Beginning_and_Intermediate_Algebra	82	artwork	-	vector	159	50	9	11	
Beginning_and_Intermediate_Algebra	82	artwork	-	vector	429	157	28	95	
Beginning_and_Intermediate_Algebra	82	artwork	-	vector	433	128	24	80	
Beginning_and_Intermediate_Algebra	83	artwork	-	vector	157	50	7	7	
Beginning_and_Intermediate_Algebra	83	artwork	-	vector	168	56	9	10	
Beginning_and_Intermediate_Algebra	83	equation	-	vector	31	28	1	2	
Beginning_and_Intermediate_Algebra	83	artwork	-	vector	439	230	31	107	
Beginning_and_Intermediate_Algebra	89	artwork	-	vector	201	120	8	11	
Beginning_and_Intermediate_Algebra	89	artwork	-	vector	201	120	3	3	
Beginning_and_Intermediate_Algebra	90	artwork	-	vector	201	120	6	10	
Beginning_and_Intermediate_Algebra	90	artwork	-	vector	201	122	8	12	
Beginning_and_Intermediate_Algebra	90	artwork	-	vector	201	125	9	11	
Beginning_and_Intermediate_Algebra	90	equation	-	vector	209	16	1	11	
Beginning_and_Intermediate_Algebra	91	artwork	-	vector	201	121	7	7	
Beginning_and_Intermediate_Algebra	91	artwork	-	vector	56	71	5	9	
Beginning_and_Intermediate_Algebra	91	artwork	-	vector	201	120	0	0	
Beginning_and_Intermediate_Algebra	91	artwork	-	vector	94	103	5	10	
Beginning_and_Intermediate_Algebra	91	equation	-	vector	247	74	4	36	
Beginning_and_Intermediate_Algebra	92	artwork	-	vector	100	103	5	11	
Beginning_and_Intermediate_Algebra	92	equation	-	vector	322	337	28	143	
Beginning_and_Intermediate_Algebra	93	artwork	-	vector	56	65	6	9	
Beginning_and_Intermediate_Algebra	93	artwork	-	vector	201	120	0	0	
Beginning_and_Intermediate_Algebra	94	artwork	-	vector	203	122	10	10	
Beginning_and_Intermediate_Algebra	94	equation	-	vector	97	280	18	51	
Beginning_and_Intermediate_Algebra	94	equation	-	vector	103	259	16	47	
Beginning_and_Intermediate_Algebra	95	artwork	-	vector	201	120	2	4	
Beginning_and_Intermediate_Algebra	95	equation	-	vector	205	55	6	25	
Beginning_and_Intermediate_Algebra	95	equation	-	vector	96	32	3	5	
Beginning_and_Intermediate_Algebra	96	artwork	-	vector	201	123	2	4	
Beginning_and_Intermediate_Algebra	96	equation	-	vector	205	34	6	17	
Beginning_and_Intermediate_Algebra	96	artwork	-	vector	201	120	0	0	
Beginning_and_Intermediate_Algebra	96	artwork	-	vector	201	120	0	0	
Beginning_and_Intermediate_Algebra	96	equation	-	vector	207	38	3	14	
Beginning_and_Intermediate_Algebra	96	equation	-	vector	207	45	5	19	
Beginning_and_Intermediate_Algebra	97	equation	-	vector	242	39	9	17	
Beginning_and_Intermediate_Algebra	97	equation	-	vector	388	125	11	46	
Beginning_and_Intermediate_Algebra	97	equation	-	vector	385	124	15	49	
Beginning_and_Intermediate_Algebra	98	equation	-	vector	287	105	9	39	
Beginning_and_Intermediate_Algebra	98	equation	-	vector	376	116	13	46	
Beginning_and_Intermediate_Algebra	98	equation	-	vector	305	198	18	66	
Beginning_and_Intermediate_Algebra	99	text	-	vector	364	28	2	18	
Beginning_and_Intermediate_Algebra	99	equation	-	vector	296	245	28	78	
Beginning_and_Intermediate_Algebra	100	artwork	-	vector	201	120	0	0	
Beginning_and_Intermediate_Algebra	100	artwork	-	vector	201	120	0	0	
Beginning_and_Intermediate_Algebra	100	artwork	-	vector	201	120	0	0	
Beginning_and_Intermediate_Algebra	100	artwork	-	vector	201	120	0	0	
Beginning_and_Intermediate_Algebra	100	artwork	-	vector	201	120	0	0	
Beginning_and_Intermediate_Algebra	100	artwork	-	vector	201	120	0	0	
Beginning_and_Intermediate_Algebra	100	artwork	-	vector	201	120	0	0	
Beginning_and_Intermediate_Algebra	100	artwork	-	vector	201	120	0	0	
Beginning_and_Intermediate_Algebra	101	artwork	-	vector	201	120	0	0	
Beginning_and_Intermediate_Algebra	101	artwork	-	vector	203	122	0	0	
Beginning_and_Intermediate_Algebra	101	equation	-	vector	10	23	2	2	
Beginning_and_Intermediate_Algebra	101	equation	-	vector	9	23	2	2	
Beginning_and_Intermediate_Algebra	101	equation	-	vector	9	23	2	2	
Beginning_and_Intermediate_Algebra	101	equation	-	vector	9	23	2	2	
Beginning_and_Intermediate_Algebra	101	equation	-	vector	10	23	2	2	
Beginning_and_Intermediate_Algebra	101	equation	-	vector	10	23	2	2	
Beginning_and_Intermediate_Algebra	101	equation	-	vector	10	23	2	2	
Beginning_and_Intermediate_Algebra	101	equation	-	vector	14	23	2	2	
Beginning_and_Intermediate_Algebra	101	equation	-	vector	10	23	2	2	
Beginning_and_Intermediate_Algebra	102	equation	-	vector	236	35	1	8	
Beginning_and_Intermediate_Algebra	102	equation	-	vector	344	71	9	28	
Beginning_and_Intermediate_Algebra	102	equation	-	vector	197	110	11	30	
Beginning_and_Intermediate_Algebra	103	equation	-	vector	374	103	13	45	
Beginning_and_Intermediate_Algebra	103	artwork	-	vector	425	198	18	74	
Beginning_and_Intermediate_Algebra	103	artwork	-	vector	426	167	12	45	
Beginning_and_Intermediate_Algebra	104	artwork	-	vector	201	120	0	0	
Beginning_and_Intermediate_Algebra	104	artwork	-	vector	425	276	26	113	
Beginning_and_Intermediate_Algebra	104	equation	-	vector	131	33	1	5	
Beginning_and_Intermediate_Algebra	105	artwork	-	vector	201	120	0	0	
Beginning_and_Intermediate_Algebra	105	artwork	-	vector	201	120	0	0	
Beginning_and_Intermediate_Algebra	105	artwork	-	vector	201	120	0	0	
Beginning_and_Intermediate_Algebra	105	artwork	-	vector	201	120	0	0	
Beginning_and_Intermediate_Algebra	105	artwork	-	vector	201	120	0	0	
Beginning_and_Intermediate_Algebra	105	equation	-	vector	186	114	7	32	
Beginning_and_Intermediate_Algebra	105	equation	-	vector	185	114	7	32	
Beginning_and_Intermediate_Algebra	106	artwork	-	vector	201	120	0	0	
Beginning_and_Intermediate_Algebra	106	equation	-	vector	119	226	11	43	
Beginning_and_Intermediate_Algebra	106	equation	-	vector	118	217	12	43	
Beginning_and_Intermediate_Algebra	106	equation	-	vector	112	178	12	35	
Beginning_and_Intermediate_Algebra	106	equation	-	vector	99	176	14	33	
Beginning_and_Intermediate_Algebra	107	text	-	vector	387	28	2	17	
Beginning_and_Intermediate_Algebra	107	equation	-	vector	254	36	1	8	
Beginning_and_Intermediate_Algebra	107	equation	-	vector	314	76	6	27	
Beginning_and_Intermediate_Algebra	107	equation	-	vector	268	98	11	33	
Beginning_and_Intermediate_Algebra	108	equation	-	vector	24	23	2	3	
Beginning_and_Intermediate_Algebra	108	equation	-	vector	325	148	15	46	
Beginning_and_Intermediate_Algebra	108	equation	-	vector	426	133	19	60	
Beginning_and_Intermediate_Algebra	109	equation	-	vector	416	176	20	79	
Beginning_and_Intermediate_Algebra	109	equation	-	vector	430	210	35	99	
Beginning_and_Intermediate_Algebra	110	equation	-	vector	185	231	18	56	
Beginning_and_Intermediate_Algebra	110	equation	-	vector	185	231	16	54	
Beginning_and_Intermediate_Algebra	110	equation	-	vector	203	232	18	56	
Beginning_and_Intermediate_Algebra	110	equation	-	vector	188	223	18	55	
Beginning_and_Intermediate_Algebra	112	artwork	-	vector	201	120	0	0	
Beginning_and_Intermediate_Algebra	112	equation	-	vector	205	69	8	32	
Beginning_and_Intermediate_Algebra	112	artwork	-	vector	201	120	0	0	
Beginning_and_Intermediate_Algebra	112	equation	-	vector	205	55	6	22	
Beginning_and_Intermediate_Algebra	112	equation	-	vector	408	130	13	64	
Beginning_and_Intermediate_Algebra	113	equation	-	vector	303	31	3	14	
Beginning_and_Intermediate_Algebra	113	equation	-	vector	118	31	3	6	
Beginning_and_Intermediate_Algebra	113	equation	-	vector	389	143	15	67	
Beginning_and_Intermediate_Algebra	113	equation	-	vector	389	31	3	5	
Beginning_and_Intermediate_Algebra	113	equation	-	vector	129	38	3	6	
Beginning_and_Intermediate_Algebra	113	equation	-	vector	371	123	13	61	
Beginning_and_Intermediate_Algebra	113	equation	-	vector	216	31	3	10	
Beginning_and_Intermediate_Algebra	113	equation	-	vector	265	32	3	14	
Beginning_and_Intermediate_Algebra	113	equation	-	vector	352	90	6	26	
Beginning_and_Intermediate_Algebra	114	equation	-	vector	431	49	5	22	
Beginning_and_Intermediate_Algebra	114	equation	-	vector	336	111	10	35	
Beginning_and_Intermediate_Algebra	114	equation	-	vector	363	187	13	52	
Beginning_and_Intermediate_Algebra	114	equation	-	vector	390	169	15	81	
Beginning_and_Intermediate_Algebra	115	equation	-	vector	85	116	4	20	
Beginning_and_Intermediate_Algebra	115	equation	-	vector	91	114	8	21	
Beginning_and_Intermediate_Algebra	115	equation	-	vector	91	109	6	16	
Beginning_and_Intermediate_Algebra	115	equation	-	vector	97	115	8	19	
Beginning_and_Intermediate_Algebra	115	equation	-	vector	264	284	20	95	
Beginning_and_Intermediate_Algebra	116	equation	-	vector	274	170	6	60	
Beginning_and_Intermediate_Algebra	116	equation	-	vector	289	457	30	154	
Beginning_and_Intermediate_Algebra	119	artwork	-	raster	235	33	0	0	
Beginning_and_Intermediate_Algebra	119	artwork	-	raster	239	70	1	4	
Beginning_and_Intermediate_Algebra	119	equation	-	vector	155	34	1	5	
Beginning_and_Intermediate_Algebra	120	artwork	-	raster	235	33	0	0	
Beginning_and_Intermediate_Algebra	120	artwork	-	raster	235	33	0	0	
Beginning_and_Intermediate_Algebra	121	equation	-	vector	156	104	6	33	
Beginning_and_Intermediate_Algebra	121	equation	-	vector	37	16	1	2	
Beginning_and_Intermediate_Algebra	121	artwork	-	raster	397	140	6	40	
Beginning_and_Intermediate_Algebra	121	artwork	-	raster	286	70	1	4	
Beginning_and_Intermediate_Algebra	122	artwork	-	raster	235	33	0	0	
Beginning_and_Intermediate_Algebra	122	artwork	-	raster	235	33	0	0	
Beginning_and_Intermediate_Algebra	122	artwork	-	raster	235	33	0	0	
Beginning_and_Intermediate_Algebra	122	artwork	-	raster	235	33	0	0	
Beginning_and_Intermediate_Algebra	122	artwork	-	raster	235	33	0	0	
Beginning_and_Intermediate_Algebra	122	artwork	-	raster	235	33	0	0	
Beginning_and_Intermediate_Algebra	123	equation	-	vector	60	22	2	3	
Beginning_and_Intermediate_Algebra	123	equation	-	vector	70	23	2	5	
Beginning_and_Intermediate_Algebra	123	equation	-	vector	63	23	2	5	
Beginning_and_Intermediate_Algebra	123	equation	-	vector	75	59	4	11	
Beginning_and_Intermediate_Algebra	123	equation	-	vector	70	23	2	6	
Beginning_and_Intermediate_Algebra	123	equation	-	vector	75	81	8	15	
Beginning_and_Intermediate_Algebra	124	artwork	-	raster	390	185	6	48	
Beginning_and_Intermediate_Algebra	124	equation	-	vector	108	36	1	5	
Beginning_and_Intermediate_Algebra	125	artwork	-	raster	469	90	0	0	
Beginning_and_Intermediate_Algebra	125	equation	-	vector	347	68	4	38	
Beginning_and_Intermediate_Algebra	125	equation	-	vector	114	16	1	4	
Beginning_and_Intermediate_Algebra	125	artwork	-	raster	235	90	0	0	
Beginning_and_Intermediate_Algebra	125	equation	-	vector	180	29	1	7	
Beginning_and_Intermediate_Algebra	126	artwork	-	raster	469	90	0	0	
Beginning_and_Intermediate_Algebra	126	equation	-	vector	368	86	6	51	
Beginning_and_Intermediate_Algebra	126	artwork	-	raster	235	33	0	0	
Beginning_and_Intermediate_Algebra	127	equation	-	vector	131	27	2	6	
Beginning_and_Intermediate_Algebra	127	equation	-	vector	123	27	2	8	
Beginning_and_Intermediate_Algebra	127	equation	-	vector	125	56	4	16	
Beginning_and_Intermediate_Algebra	127	equation	-	vector	81	27	2	5	
Beginning_and_Intermediate_Algebra	127	equation	-	vector	69	23	2	5	
Beginning_and_Intermediate_Algebra	128	artwork	-	raster	235	33	0	0	
Beginning_and_Intermediate_Algebra	128	artwork	-	raster	235	33	0	0	
Beginning_and_Intermediate_Algebra	129	equation	-	vector	200	34	2	11	
Beginning_and_Intermediate_Algebra	129	table	-	raster	247	202	12	33	
Beginning_and_Intermediate_Algebra	130	artwork	-	raster	235	33	0	0	
Beginning_and_Intermediate_Algebra	130	artwork	-	vector	318	298	22	93	
Beginning_and_Intermediate_Algebra	130	equation	-	vector	106	36	1	7	
Beginning_and_Intermediate_Algebra	131	equation	-	vector	101	69	4	14	
Beginning_and_Intermediate_Algebra	131	artwork	-	raster	235	33	0	0	
Beginning_and_Intermediate_Algebra	131	equation	-	vector	330	95	6	43	
Beginning_and_Intermediate_Algebra	131	artwork	-	raster	235	33	0	0	
Beginning_and_Intermediate_Algebra	132	equation	-	vector	122	185	7	38	
Beginning_and_Intermediate_Algebra	134	equation	-	vector	273	42	2	16	
Beginning_and_Intermediate_Algebra	134	equation	-	vector	65	40	2	7	
Beginning_and_Intermediate_Algebra	134	equation	-	vector	162	63	3	12	
Beginning_and_Intermediate_Algebra	134	equation	-	vector	213	46	3	9	
Beginning_and_Intermediate_Algebra	135	artwork	-	vector	201	120	1	1	
Beginning_and_Intermediate_Algebra	135	equation	-	vector	351	155	14	61	
Beginning_and_Intermediate_Algebra	135	equation	-	vector	121	116	12	23	
Beginning_and_Intermediate_Algebra	136	artwork	-	vector	201	120	1	1	
Beginning_and_Intermediate_Algebra	136	artwork	-	vector	201	120	0	0	
Beginning_and_Intermediate_Algebra	136	equation	-	vector	132	63	6	14	
Beginning_and_Intermediate_Algebra	136	equation	-	vector	110	115	12	22	
Beginning_and_Intermediate_Algebra	137	artwork	-	vector	201	120	0	0	
Beginning_and_Intermediate_Algebra	137	equation	-	vector	200	210	17	52	
Beginning_and_Intermediate_Algebra	138	equation	-	vector	122	600	42	143	
Beginning_and_Intermediate_Algebra	138	equation	-	vector	113	597	43	150	
Beginning_and_Intermediate_Algebra	139	equation	-	vector	389	105	9	40	
Beginning_and_Intermediate_Algebra	139	equation	-	vector	106	67	3	11	
Beginning_and_Intermediate_Algebra	139	equation	-	vector	299	54	2	17	
Beginning_and_Intermediate_Algebra	140	equation	-	vector	374	190	16	65	
Beginning_and_Intermediate_Algebra	140	equation	-	vector	386	273	24	107	
Beginning_and_Intermediate_Algebra	141	artwork	-	vector	382	275	23	88	
Beginning_and_Intermediate_Algebra	141	equation	-	vector	99	235	13	41	
Beginning_and_Intermediate_Algebra	142	equation	-	vector	390	158	15	72	
Beginning_and_Intermediate_Algebra	142	equation	-	vector	362	158	14	74	
Beginning_and_Intermediate_Algebra	143	equation	-	vector	399	424	49	164	
Beginning_and_Intermediate_Algebra	144	equation	-	vector	119	581	30	119	
Beginning_and_Intermediate_Algebra	144	equation	-	vector	117	581	30	129	
Beginning_and_Intermediate_Algebra	145	equation	-	vector	117	217	10	43	
Beginning_and_Intermediate_Algebra	145	equation	-	vector	117	217	10	46	
Beginning_and_Intermediate_Algebra	146	equation	-	vector	342	238	19	78	
Beginning_and_Intermediate_Algebra	146	equation	-	vector	82	42	2	6	
Beginning_and_Intermediate_Algebra	146	equation	-	vector	95	28	1	4	
Beginning_and_Intermediate_Algebra	147	equation	-	vector	328	222	20	76	
Beginning_and_Intermediate_Algebra	147	equation	-	vector	433	304	22	119	
Beginning_and_Intermediate_Algebra	148	equation	-	vector	219	83	6	22	
Beginning_and_Intermediate_Algebra	148	table	-	vector	387	441	34	112	
Beginning_and_Intermediate_Algebra	149	equation	-	vector	390	175	10	46	
Beginning_and_Intermediate_Algebra	149	equation	-	vector	313	226	14	52	
Beginning_and_Intermediate_Algebra	150	equation	-	vector	121	604	36	146	
Beginning_and_Intermediate_Algebra	150	equation	-	vector	131	591	40	144	
Beginning_and_Intermediate_Algebra	151	equation	-	vector	102	72	3	16	
Beginning_and_Intermediate_Algebra	152	equation	-	vector	327	63	5	33	
Beginning_and_Intermediate_Algebra	152	equation	-	vector	339	63	5	33	
Beginning_and_Intermediate_Algebra	152	equation	-	vector	88	46	2	10	
Beginning_and_Intermediate_Algebra	152	equation	-	vector	122	152	7	27	
Beginning_and_Intermediate_Algebra	152	equation	-	vector	70	99	5	15	
Beginning_and_Intermediate_Algebra	152	equation	-	vector	403	125	9	38	
Beginning_and_Intermediate_Algebra	153	equation	-	vector	431	520	35	209	
Beginning_and_Intermediate_Algebra	154	equation	-	vector	396	46	3	19	
Beginning_and_Intermediate_Algebra	154	equation	-	vector	373	388	32	129	
Beginning_and_Intermediate_Algebra	154	equation	-	vector	108	54	2	11	
Beginning_and_Intermediate_Algebra	155	equation	-	vector	360	217	12	65	
Beginning_and_Intermediate_Algebra	155	equation	-	vector	408	252	15	92	
Beginning_and_Intermediate_Algebra	156	equation	-	vector	125	597	33	201	
Beginning_and_Intermediate_Algebra	156	equation	-	vector	122	597	33	203	
Beginning_and_Intermediate_Algebra	157	equation	-	vector	169	320	17	123	
Beginning_and_Intermediate_Algebra	157	equation	-	vector	153	320	17	115	
Beginning_and_Intermediate_Algebra	158	artwork	-	vector	167	65	6	8	
Beginning_and_Intermediate_Algebra	159	artwork	-	vector	176	65	10	10	
Beginning_and_Intermediate_Algebra	159	artwork	-	vector	176	65	12	12	
Beginning_and_Intermediate_Algebra	159	artwork	-	vector	176	65	14	14	
Beginning_and_Intermediate_Algebra	159	equation	-	vector	349	46	3	13	
Beginning_and_Intermediate_Algebra	159	equation	-	vector	134	152	7	23	
Beginning_and_Intermediate_Algebra	159	equation	-	vector	70	63	3	9	
Beginning_and_Intermediate_Algebra	160	artwork	-	vector	165	65	10	10	
Beginning_and_Intermediate_Algebra	160	artwork	-	vector	165	65	12	12	
Beginning_and_Intermediate_Algebra	160	artwork	-	vector	165	65	14	14	
Beginning_and_Intermediate_Algebra	160	equation	-	vector	87	45	2	10	
Beginning_and_Intermediate_Algebra	160	equation	-	vector	120	158	8	32	
Beginning_and_Intermediate_Algebra	161	artwork	-	vector	163	65	13	13	
Beginning_and_Intermediate_Algebra	161	artwork	-	vector	163	65	12	12	
Beginning_and_Intermediate_Algebra	161	artwork	-	vector	163	65	13	13	
Beginning_and_Intermediate_Algebra	161	equation	-	vector	73	71	4	12	
Beginning_and_Intermediate_Algebra	161	equation	-	vector	218	51	3	27	
Beginning_and_Intermediate_Algebra	161	equation	-	vector	77	45	2	7	
Beginning_and_Intermediate_Algebra	161	equation	-	vector	348	115	9	42	
Beginning_and_Intermediate_Algebra	162	artwork	-	vector	183	65	6	8	
Beginning_and_Intermediate_Algebra	162	artwork	-	vector	182	65	10	12	
Beginning_and_Intermediate_Algebra	162	artwork	-	vector	182	65	12	14	
Beginning_and_Intermediate_Algebra	162	artwork	-	vector	182	65	14	16	
Beginning_and_Intermediate_Algebra	162	equation	-	vector	38	25	1	2	
Beginning_and_Intermediate_Algebra	162	equation	-	vector	107	45	2	8	
Beginning_and_Intermediate_Algebra	162	equation	-	vector	165	54	2	10	
Beginning_and_Intermediate_Algebra	163	artwork	-	vector	199	65	10	13	
Beginning_and_Intermediate_Algebra	163	artwork	-	vector	220	65	12	17	
Beginning_and_Intermediate_Algebra	163	artwork	-	vector	220	65	13	18	
Beginning_and_Intermediate_Algebra	163	equation	-	vector	151	161	9	30	
Beginning_and_Intermediate_Algebra	163	equation	-	vector	149	126	7	21	
Beginning_and_Intermediate_Algebra	167	artwork	-	vector	162	65	6	8	
Beginning_and_Intermediate_Algebra	167	artwork	-	vector	157	65	10	10	
Beginning_and_Intermediate_Algebra	168	artwork	-	vector	157	65	12	13	
Beginning_and_Intermediate_Algebra	168	artwork	-	vector	176	65	15	18	
Beginning_and_Intermediate_Algebra	168	artwork	-	vector	157	65	10	10	
Beginning_and_Intermediate_Algebra	168	artwork	-	vector	157	65	12	13	
Beginning_and_Intermediate_Algebra	168	equation	-	vector	114	146	8	26	
Beginning_and_Intermediate_Algebra	169	artwork	-	vector	182	65	15	18	
Beginning_and_Intermediate_Algebra	169	artwork	-	vector	161	65	12	14	
Beginning_and_Intermediate_Algebra	169	artwork	-	vector	162	65	15	17	
Beginning_and_Intermediate_Algebra	169	equation	-	vector	380	110	10	39	
Beginning_and_Intermediate_Algebra	169	equation	-	vector	104	46	2	8	
Beginning_and_Intermediate_Algebra	170	artwork	-	vector	181	65	12	12	
Beginning_and_Intermediate_Algebra	170	artwork	-	vector	181	64	15	15	
Beginning_and_Intermediate_Algebra	170	equation	-	vector	404	217	18	91	
Beginning_and_Intermediate_Algebra	170	equation	-	vector	85	46	2	10	
Beginning_and_Intermediate_Algebra	170	equation	-	vector	315	72	4	19	
Beginning_and_Intermediate_Algebra	171	artwork	-	vector	181	65	12	12	
Beginning_and_Intermediate_Algebra	171	artwork	-	vector	181	65	15	15	
Beginning_and_Intermediate_Algebra	171	equation	-	vector	181	181	10	43	
Beginning_and_Intermediate_Algebra	171	equation	-	vector	168	51	3	24	
Beginning_and_Intermediate_Algebra	171	equation	-	vector	193	110	6	22	
Beginning_and_Intermediate_Algebra	177	equation	-	vector	174	66	6	16	
Beginning_and_Intermediate_Algebra	177	equation	-	vector	246	29	1	7	
Beginning_and_Intermediate_Algebra	178	equation	-	vector	207	44	4	10	
Beginning_and_Intermediate_Algebra	178	equation	-	vector	117	31	2	4	
Beginning_and_Intermediate_Algebra	178	equation	-	vector	293	29	1	10	
Beginning_and_Intermediate_Algebra	178	equation	-	vector	71	31	3	5	
Beginning_and_Intermediate_Algebra	178	equation	-	vector	40	32	2	2	
Beginning_and_Intermediate_Algebra	179	equation	-	vector	413	140	13	32	
Beginning_and_Intermediate_Algebra	179	equation	-	vector	312	29	1	10	
Beginning_and_Intermediate_Algebra	179	equation	-	vector	429	89	14	40	
Beginning_and_Intermediate_Algebra	180	equation	-	vector	92	63	4	5	
Beginning_and_Intermediate_Algebra	180	equation	-	vector	110	32	2	4	
Beginning_and_Intermediate_Algebra	180	artwork	-	vector	429	129	17	65	
Beginning_and_Intermediate_Algebra	181	equation	-	vector	65	32	2	3	
Beginning_and_Intermediate_Algebra	181	equation	-	vector	37	32	2	2	
Beginning_and_Intermediate_Algebra	181	equation	-	vector	44	32	2	2	
Beginning_and_Intermediate_Algebra	181	equation	-	vector	142	32	2	5	
Beginning_and_Intermediate_Algebra	181	equation	-	vector	417	209	16	44	
Beginning_and_Intermediate_Algebra	182	equation	-	vector	34	24	2	3	
Beginning_and_Intermediate_Algebra	182	equation	-	vector	34	24	2	3	
Beginning_and_Intermediate_Algebra	182	equation	-	vector	47	24	2	3	
Beginning_and_Intermediate_Algebra	182	equation	-	vector	47	24	2	3	
Beginning_and_Intermediate_Algebra	182	equation	-	vector	98	181	18	32	
Beginning_and_Intermediate_Algebra	182	equation	-	vector	34	24	2	3	
Beginning_and_Intermediate_Algebra	182	equation	-	vector	34	24	2	3	
Beginning_and_Intermediate_Algebra	182	equation	-	vector	43	24	2	2	
Beginning_and_Intermediate_Algebra	182	equation	-	vector	40	24	2	3	
Beginning_and_Intermediate_Algebra	182	equation	-	vector	64	81	8	17	
Beginning_and_Intermediate_Algebra	182	equation	-	vector	63	24	3	5	
Beginning_and_Intermediate_Algebra	182	equation	-	vector	54	24	2	2	
Beginning_and_Intermediate_Algebra	182	equation	-	vector	87	54	5	12	
Beginning_and_Intermediate_Algebra	182	equation	-	vector	94	42	4	7	
Beginning_and_Intermediate_Algebra	182	equation	-	vector	92	58	7	12	
Beginning_and_Intermediate_Algebra	183	equation	-	vector	16	32	2	2	
Beginning_and_Intermediate_Algebra	183	equation	-	vector	16	32	2	2	
Beginning_and_Intermediate_Algebra	183	equation	-	vector	37	66	3	7	
Beginning_and_Intermediate_Algebra	183	equation	-	vector	221	29	1	8	
Beginning_and_Intermediate_Algebra	184	equation	-	vector	16	32	2	2	
Beginning_and_Intermediate_Algebra	184	equation	-	vector	16	32	2	2	
Beginning_and_Intermediate_Algebra	184	equation	-	vector	16	30	2	2	
Beginning_and_Intermediate_Algebra	184	equation	-	vector	59	33	2	3	
Beginning_and_Intermediate_Algebra	184	equation	-	vector	156	30	4	7	
Beginning_and_Intermediate_Algebra	184	equation	-	vector	19	30	2	2	
Beginning_and_Intermediate_Algebra	184	equation	-	vector	60	30	3	5	
Beginning_and_Intermediate_Algebra	184	equation	-	vector	79	82	9	11	
Beginning_and_Intermediate_Algebra	185	equation	-	vector	90	33	3	4	
Beginning_and_Intermediate_Algebra	185	equation	-	vector	53	33	2	2	
Beginning_and_Intermediate_Algebra	185	equation	-	vector	103	32	2	4	
Beginning_and_Intermediate_Algebra	185	equation	-	vector	307	73	4	33	
Beginning_and_Intermediate_Algebra	185	equation	-	vector	324	30	3	11	
Beginning_and_Intermediate_Algebra	185	equation	-	vector	329	94	17	28	
Beginning_and_Intermediate_Algebra	186	equation	-	vector	80	33	2	2	
Beginning_and_Intermediate_Algebra	186	equation	-	vector	109	32	2	4	
Beginning_and_Intermediate_Algebra	186	equation	-	vector	107	32	2	4	
Beginning_and_Intermediate_Algebra	186	equation	-	vector	100	32	2	4	
Beginning_and_Intermediate_Algebra	186	equation	-	vector	108	32	2	4	
Beginning_and_Intermediate_Algebra	186	equation	-	vector	308	37	2	14	
Beginning_and_Intermediate_Algebra	186	equation	-	vector	395	74	6	31	
Beginning_and_Intermediate_Algebra	186	equation	-	vector	426	198	18	65	
Beginning_and_Intermediate_Algebra	186	equation	-	vector	72	33	2	2	
Beginning_and_Intermediate_Algebra	187	equation	-	vector	79	55	5	15	
Beginning_and_Intermediate_Algebra	187	equation	-	vector	66	81	6	12	
Beginning_and_Intermediate_Algebra	187	equation	-	vector	60	24	2	5	
Beginning_and_Intermediate_Algebra	187	equation	-	vector	61	24	2	3	
Beginning_and_Intermediate_Algebra	187	equation	-	vector	54	24	2	4	
Beginning_and_Intermediate_Algebra	187	equation	-	vector	63	24	3	6	
Beginning_and_Intermediate_Algebra	187	equation	-	vector	93	24	3	8	
Beginning_and_Intermediate_Algebra	187	equation	-	vector	66	24	3	6	
Beginning_and_Intermediate_Algebra	187	equation	-	vector	62	24	2	3	
Beginning_and_Intermediate_Algebra	187	equation	-	vector	90	56	6	12	
Beginning_and_Intermediate_Algebra	187	equation	-	vector	79	24	3	7	
Beginning_and_Intermediate_Algebra	187	equation	-	vector	71	30	2	8	
Beginning_and_Intermediate_Algebra	187	equation	-	vector	84	116	11	28	
Beginning_and_Intermediate_Algebra	187	equation	-	vector	45	24	2	3	
Beginning_and_Intermediate_Algebra	187	equation	-	vector	66	24	2	5	
Beginning_and_Intermediate_Algebra	187	equation	-	vector	60	24	2	4	
Beginning_and_Intermediate_Algebra	187	equation	-	vector	66	24	2	6	
Beginning_and_Intermediate_Algebra	187	equation	-	vector	77	24	3	7	
Beginning_and_Intermediate_Algebra	187	equation	-	vector	64	24	3	7	
Beginning_and_Intermediate_Algebra	187	equation	-	vector	72	24	2	5	
Beginning_and_Intermediate_Algebra	187	equation	-	vector	92	55	5	15	
Beginning_and_Intermediate_Algebra	187	equation	-	vector	128	24	3	9	
Beginning_and_Intermediate_Algebra	187	equation	-	vector	71	24	3	6	
Beginning_and_Intermediate_Algebra	187	artwork	-	vector	98	30	2	7	
Beginning_and_Intermediate_Algebra	189	equation	-	vector	347	78	6	30	
Beginning_and_Intermediate_Algebra	189	equation	-	vector	263	79	5	17	
Beginning_and_Intermediate_Algebra	189	equation	-	vector	399	70	6	29	
Beginning_and_Intermediate_Algebra	190	equation	-	vector	374	78	5	27	
Beginning_and_Intermediate_Algebra	190	equation	-	vector	424	95	8	41	
Beginning_and_Intermediate_Algebra	190	equation	-	vector	411	187	14	60	
Beginning_and_Intermediate_Algebra	191	equation	-	vector	65	29	2	9	
Beginning_and_Intermediate_Algebra	191	equation	-	vector	58	29	2	8	
Beginning_and_Intermediate_Algebra	191	equation	-	vector	69	29	2	9	
Beginning_and_Intermediate_Algebra	191	equation	-	vector	63	29	2	7	
Beginning_and_Intermediate_Algebra	191	equation	-	vector	69	58	4	17	
Beginning_and_Intermediate_Algebra	191	equation	-	vector	69	113	8	33	
Beginning_and_Intermediate_Algebra	191	equation	-	vector	69	86	6	25	
Beginning_and_Intermediate_Algebra	192	equation	-	vector	362	74	9	37	
Beginning_and_Intermediate_Algebra	192	equation	-	vector	325	93	7	36	
Beginning_and_Intermediate_Algebra	194	equation	-	vector	243	302	24	111	
Beginning_and_Intermediate_Algebra	197	equation	-	vector	319	129	14	50	
Beginning_and_Intermediate_Algebra	198	equation	-	vector	256	68	6	26	
Beginning_and_Intermediate_Algebra	198	equation	-	vector	102	77	4	11	
Beginning_and_Intermediate_Algebra	199	equation	-	vector	116	113	10	26	
Beginning_and_Intermediate_Algebra	199	equation	-	vector	94	85	7	17	
Beginning_and_Intermediate_Algebra	202	equation	-	vector	238	96	8	27	
Beginning_and_Intermediate_Algebra	203	equation	-	vector	219	87	8	28	
Beginning_and_Intermediate_Algebra	205	equation	-	vector	124	32	4	7	
Beginning_and_Intermediate_Algebra	205	equation	-	vector	131	33	8	9	
Beginning_and_Intermediate_Algebra	205	equation	-	vector	97	32	3	7	
Beginning_and_Intermediate_Algebra	205	equation	-	vector	119	33	8	10	
Beginning_and_Intermediate_Algebra	205	equation	-	vector	176	31	6	9	
Beginning_and_Intermediate_Algebra	206	equation	-	vector	110	31	2	4	
Beginning_and_Intermediate_Algebra	206	equation	-	vector	362	96	9	35	
Beginning_and_Intermediate_Algebra	206	equation	-	vector	361	113	10	38	
Beginning_and_Intermediate_Algebra	206	equation	-	vector	415	149	12	52	
Beginning_and_Intermediate_Algebra	207	equation	-	vector	271	67	4	20	
Beginning_and_Intermediate_Algebra	207	equation	-	vector	262	67	4	20	
Beginning_and_Intermediate_Algebra	207	equation	-	vector	131	76	7	15	
Beginning_and_Intermediate_Algebra	207	equation	-	vector	54	32	3	4	
Beginning_and_Intermediate_Algebra	207	equation	-	vector	131	78	7	15	
Beginning_and_Intermediate_Algebra	207	equation	-	vector	50	32	3	3	
Beginning_and_Intermediate_Algebra	207	equation	-	vector	131	117	9	24	
Beginning_and_Intermediate_Algebra	207	equation	-	vector	439	158	16	53	
Beginning_and_Intermediate_Algebra	208	equation	-	vector	188	39	3	9	
Beginning_and_Intermediate_Algebra	208	equation	-	vector	114	32	3	9	
Beginning_and_Intermediate_Algebra	208	equation	-	vector	204	32	4	12	
Beginning_and_Intermediate_Algebra	208	equation	-	vector	257	66	3	18	
Beginning_and_Intermediate_Algebra	208	equation	-	vector	55	32	3	3	
Beginning_and_Intermediate_Algebra	208	equation	-	vector	148	77	6	17	
Beginning_and_Intermediate_Algebra	208	equation	-	vector	380	111	16	56	
Beginning_and_Intermediate_Algebra	208	equation	-	vector	436	144	17	52	
Beginning_and_Intermediate_Algebra	209	equation	-	vector	73	32	2	7	
Beginning_and_Intermediate_Algebra	209	artwork	-	vector	104	3	0	0	
Beginning_and_Intermediate_Algebra	209	equation	-	vector	267	67	3	20	
Beginning_and_Intermediate_Algebra	209	equation	-	vector	285	79	6	24	
Beginning_and_Intermediate_Algebra	209	equation	-	vector	55	32	3	3	
Beginning_and_Intermediate_Algebra	209	equation	-	vector	130	77	7	17	
Beginning_and_Intermediate_Algebra	209	equation	-	vector	130	112	10	26	
Beginning_and_Intermediate_Algebra	209	equation	-	vector	398	145	18	54	
Beginning_and_Intermediate_Algebra	210	equation	-	vector	70	76	6	18	
Beginning_and_Intermediate_Algebra	210	equation	-	vector	94	104	11	28	
Beginning_and_Intermediate_Algebra	210	equation	-	vector	83	78	8	23	
Beginning_and_Intermediate_Algebra	210	equation	-	vector	77	51	5	15	
Beginning_and_Intermediate_Algebra	210	equation	-	vector	80	51	6	14	
Beginning_and_Intermediate_Algebra	210	equation	-	vector	105	105	13	37	
Beginning_and_Intermediate_Algebra	210	equation	-	vector	89	24	3	9	
Beginning_and_Intermediate_Algebra	210	equation	-	vector	81	24	2	9	
Beginning_and_Intermediate_Algebra	210	equation	-	vector	107	30	3	9	
Beginning_and_Intermediate_Algebra	210	equation	-	vector	87	233	26	64	
Beginning_and_Intermediate_Algebra	210	equation	-	vector	103	262	29	82	
Beginning_and_Intermediate_Algebra	210	equation	-	vector	107	77	10	30	
Beginning_and_Intermediate_Algebra	212	equation	-	vector	330	48	8	23	
Beginning_and_Intermediate_Algebra	213	equation	-	vector	335	66	10	33	
Beginning_and_Intermediate_Algebra	213	equation	-	vector	195	68	13	24	
Beginning_and_Intermediate_Algebra	213	equation	-	vector	379	68	15	40	
Beginning_and_Intermediate_Algebra	214	equation	-	vector	394	51	11	26	
Beginning_and_Intermediate_Algebra	214	equation	-	vector	162	44	11	16	
Beginning_and_Intermediate_Algebra	217	artwork	-	vector	130	37	4	13	
Beginning_and_Intermediate_Algebra	217	artwork	-	vector	159	62	4	14	
Beginning_and_Intermediate_Algebra	217	artwork	-	vector	146	44	2	10	
Beginning_and_Intermediate_Algebra	217	artwork	-	vector	361	95	8	48	
Beginning_and_Intermediate_Algebra	218	artwork	-	vector	357	77	7	43	
Beginning_and_Intermediate_Algebra	218	artwork	-	vector	358	79	12	47	
Beginning_and_Intermediate_Algebra	218	artwork	-	vector	155	132	14	36	
Beginning_and_Intermediate_Algebra	219	artwork	-	vector	121	77	4	18	
Beginning_and_Intermediate_Algebra	219	artwork	-	vector	399	95	11	55	
Beginning_and_Intermediate_Algebra	221	equation	-	vector	296	33	1	7	
Beginning_and_Intermediate_Algebra	225	equation	-	vector	316	33	1	8	
Beginning_and_Intermediate_Algebra	226	equation	-	vector	234	41	2	19	
Beginning_and_Intermediate_Algebra	226	equation	-	vector	385	83	9	41	
Beginning_and_Intermediate_Algebra	227	equation	-	vector	390	83	9	39	
Beginning_and_Intermediate_Algebra	227	equation	-	vector	246	84	4	25	
Beginning_and_Intermediate_Algebra	227	equation	-	vector	251	100	5	32	
Beginning_and_Intermediate_Algebra	227	equation	-	vector	265	58	3	24	
Beginning_and_Intermediate_Algebra	229	equation	-	vector	266	37	2	11	
Beginning_and_Intermediate_Algebra	230	text	-	vector	429	33	4	34	
Beginning_and_Intermediate_Algebra	230	equation	-	vector	191	29	1	8	
Beginning_and_Intermediate_Algebra	230	equation	-	vector	232	29	1	11	
Beginning_and_Intermediate_Algebra	231	equation	-	vector	295	69	4	27	
Beginning_and_Intermediate_Algebra	232	equation	-	vector	272	108	11	46	
Beginning_and_Intermediate_Algebra	234	equation	-	vector	269	138	9	41	
Beginning_and_Intermediate_Algebra	234	equation	-	vector	265	49	2	18	
Beginning_and_Intermediate_Algebra	237	equation	-	vector	284	121	11	47	
Beginning_and_Intermediate_Algebra	237	equation	-	vector	412	108	10	58	
Beginning_and_Intermediate_Algebra	238	equation	-	vector	221	80	7	23	
Beginning_and_Intermediate_Algebra	238	equation	-	vector	396	135	11	76	
Beginning_and_Intermediate_Algebra	238	equation	-	vector	409	178	18	89	
Beginning_and_Intermediate_Algebra	238	equation	-	vector	161	67	6	20	
Beginning_and_Intermediate_Algebra	239	equation	-	vector	284	121	10	48	
Beginning_and_Intermediate_Algebra	239	equation	-	vector	409	174	17	70	
Beginning_and_Intermediate_Algebra	239	equation	-	vector	370	135	12	74	
Beginning_and_Intermediate_Algebra	240	equation	-	vector	427	116	12	71	
Beginning_and_Intermediate_Algebra	240	equation	-	vector	426	197	17	92	
Beginning_and_Intermediate_Algebra	241	equation	-	vector	170	497	26	119	
Beginning_and_Intermediate_Algebra	241	equation	-	vector	138	473	26	100	
Beginning_and_Intermediate_Algebra	243	equation	-	vector	42	31	2	3	
Beginning_and_Intermediate_Algebra	243	equation	-	vector	364	188	14	63	
Beginning_and_Intermediate_Algebra	243	text	-	vector	429	23	2	20	
Beginning_and_Intermediate_Algebra	243	equation	-	vector	206	41	6	17	
Beginning_and_Intermediate_Algebra	244	equation	-	vector	320	33	3	16	
Beginning_and_Intermediate_Algebra	244	equation	-	vector	104	41	3	10	
Beginning_and_Intermediate_Algebra	244	equation	-	vector	83	39	2	7	
Beginning_and_Intermediate_Algebra	244	equation	-	vector	164	72	5	12	
Beginning_and_Intermediate_Algebra	244	equation	-	vector	39	32	2	2	
Beginning_and_Intermediate_Algebra	244	equation	-	vector	103	32	2	4	
Beginning_and_Intermediate_Algebra	245	equation	-	vector	131	39	3	6	
Beginning_and_Intermediate_Algebra	245	equation	-	vector	52	81	4	8	
Beginning_and_Intermediate_Algebra	245	equation	-	vector	92	31	2	4	
Beginning_and_Intermediate_Algebra	245	equation	-	vector	67	32	3	7	
Beginning_and_Intermediate_Algebra	245	equation	-	vector	75	31	2	8	
Beginning_and_Intermediate_Algebra	245	equation	-	vector	112	31	2	6	
Beginning_and_Intermediate_Algebra	245	equation	-	vector	50	80	6	8	
Beginning_and_Intermediate_Algebra	246	equation	-	vector	55	24	2	7	
Beginning_and_Intermediate_Algebra	246	equation	-	vector	52	24	2	5	
Beginning_and_Intermediate_Algebra	246	equation	-	vector	67	24	2	5	
Beginning_and_Intermediate_Algebra	246	equation	-	vector	65	24	2	8	
Beginning_and_Intermediate_Algebra	246	equation	-	vector	52	30	2	9	
Beginning_and_Intermediate_Algebra	246	equation	-	vector	57	23	2	7	
Beginning_and_Intermediate_Algebra	246	equation	-	vector	62	24	3	7	
Beginning_and_Intermediate_Algebra	246	equation	-	vector	65	30	3	7	
Beginning_and_Intermediate_Algebra	246	equation	-	vector	43	24	2	3	
Beginning_and_Intermediate_Algebra	246	equation	-	vector	43	23	2	3	
Beginning_and_Intermediate_Algebra	246	equation	-	vector	43	24	2	3	
Beginning_and_Intermediate_Algebra	246	equation	-	vector	60	23	2	4	
Beginning_and_Intermediate_Algebra	246	equation	-	vector	49	23	2	5	
Beginning_and_Intermediate_Algebra	246	equation	-	vector	67	23	2	8	
Beginning_and_Intermediate_Algebra	246	equation	-	vector	66	24	2	5	
Beginning_and_Intermediate_Algebra	246	equation	-	vector	80	24	2	8	
Beginning_and_Intermediate_Algebra	246	equation	-	vector	40	23	2	3	
Beginning_and_Intermediate_Algebra	246	equation	-	vector	43	23	2	3	
Beginning_and_Intermediate_Algebra	246	equation	-	vector	43	24	2	3	
Beginning_and_Intermediate_Algebra	246	equation	-	vector	70	23	2	5	
Beginning_and_Intermediate_Algebra	246	equation	-	vector	57	23	2	5	
Beginning_and_Intermediate_Algebra	246	equation	-	vector	52	24	2	10	
Beginning_and_Intermediate_Algebra	246	equation	-	vector	58	23	2	6	
Beginning_and_Intermediate_Algebra	246	equation	-	vector	80	30	4	10	
Beginning_and_Intermediate_Algebra	246	equation	-	vector	135	88	7	32	
Beginning_and_Intermediate_Algebra	246	equation	-	vector	135	93	7	29	
Beginning_and_Intermediate_Algebra	246	equation	-	vector	61	52	5	11	
Beginning_and_Intermediate_Algebra	246	equation	-	vector	72	111	12	30	
Beginning_and_Intermediate_Algebra	246	equation	-	vector	60	49	4	9	
Beginning_and_Intermediate_Algebra	246	equation	-	vector	75	51	6	18	
Beginning_and_Intermediate_Algebra	247	equation	-	vector	80	120	12	33	
Beginning_and_Intermediate_Algebra	247	equation	-	vector	79	30	4	10	
Beginning_and_Intermediate_Algebra	247	equation	-	vector	84	23	2	8	
Beginning_and_Intermediate_Algebra	247	equation	-	vector	56	23	2	6	
Beginning_and_Intermediate_Algebra	247	equation	-	vector	57	23	2	7	
Beginning_and_Intermediate_Algebra	247	equation	-	vector	84	23	2	8	
Beginning_and_Intermediate_Algebra	247	equation	-	vector	83	30	5	11	
Beginning_and_Intermediate_Algebra	248	equation	-	vector	38	32	4	4	
Beginning_and_Intermediate_Algebra	248	equation	-	vector	305	32	4	10	
Beginning_and_Intermediate_Algebra	248	equation	-	vector	98	31	2	4	
Beginning_and_Intermediate_Algebra	249	equation	-	vector	153	32	4	6	
Beginning_and_Intermediate_Algebra	249	equation	-	vector	125	31	2	4	
Beginning_and_Intermediate_Algebra	249	equation	-	vector	44	33	4	4	
Beginning_and_Intermediate_Algebra	249	equation	-	vector	128	33	4	6	
Beginning_and_Intermediate_Algebra	249	equation	-	vector	102	32	2	4	
Beginning_and_Intermediate_Algebra	249	equation	-	vector	132	41	6	15	
Beginning_and_Intermediate_Algebra	249	equation	-	vector	155	39	5	15	
Beginning_and_Intermediate_Algebra	249	equation	-	vector	160	32	4	9	
Beginning_and_Intermediate_Algebra	249	equation	-	vector	60	33	4	4	
Beginning_and_Intermediate_Algebra	249	equation	-	vector	195	33	5	9	
Beginning_and_Intermediate_Algebra	250	equation	-	vector	156	31	2	8	
Beginning_and_Intermediate_Algebra	250	equation	-	vector	31	31	2	3	
Beginning_and_Intermediate_Algebra	250	equation	-	vector	299	33	6	22	
Beginning_and_Intermediate_Algebra	250	equation	-	vector	112	39	2	5	
Beginning_and_Intermediate_Algebra	250	equation	-	vector	371	160	25	73	
Beginning_and_Intermediate_Algebra	250	equation	-	vector	202	32	6	20	
Beginning_and_Intermediate_Algebra	250	equation	-	vector	196	39	8	20	
Beginning_and_Intermediate_Algebra	251	table	-	vector	371	590	175	434	
Beginning_and_Intermediate_Algebra	252	equation	-	vector	174	30	7	25	
Beginning_and_Intermediate_Algebra	252	equation	-	vector	188	30	8	23	
Beginning_and_Intermediate_Algebra	252	equation	-	vector	164	30	7	25	
Beginning_and_Intermediate_Algebra	252	equation	-	vector	147	30	8	19	
Beginning_and_Intermediate_Algebra	254	equation	-	vector	117	32	2	4	
Beginning_and_Intermediate_Algebra	254	equation	-	vector	369	77	8	30	
Beginning_and_Intermediate_Algebra	254	equation	-	vector	349	115	11	35	
Beginning_and_Intermediate_Algebra	254	equation	-	vector	108	29	5	10	
Beginning_and_Intermediate_Algebra	255	equation	-	vector	160	40	7	9	
Beginning_and_Intermediate_Algebra	255	equation	-	vector	352	34	7	21	
Beginning_and_Intermediate_Algebra	255	equation	-	vector	213	34	4	18	
Beginning_and_Intermediate_Algebra	255	equation	-	vector	429	56	13	62	
Beginning_and_Intermediate_Algebra	255	equation	-	vector	25	31	2	2	
Beginning_and_Intermediate_Algebra	255	equation	-	vector	42	32	2	2	
Beginning_and_Intermediate_Algebra	255	equation	-	vector	162	52	6	20	
Beginning_and_Intermediate_Algebra	256	equation	-	vector	66	23	4	6	
Beginning_and_Intermediate_Algebra	256	equation	-	vector	71	29	4	11	
Beginning_and_Intermediate_Algebra	256	equation	-	vector	105	29	6	10	
Beginning_and_Intermediate_Algebra	256	equation	-	vector	48	28	5	6	
Beginning_and_Intermediate_Algebra	256	equation	-	vector	50	28	5	5	
Beginning_and_Intermediate_Algebra	256	equation	-	vector	86	28	5	6	
Beginning_and_Intermediate_Algebra	256	equation	-	vector	95	60	11	22	
Beginning_and_Intermediate_Algebra	256	equation	-	vector	49	28	5	5	
Beginning_and_Intermediate_Algebra	256	equation	-	vector	66	28	5	6	
Beginning_and_Intermediate_Algebra	256	equation	-	vector	105	64	12	23	
Beginning_and_Intermediate_Algebra	256	equation	-	vector	90	28	5	6	
Beginning_and_Intermediate_Algebra	256	equation	-	vector	109	29	5	14	
Beginning_and_Intermediate_Algebra	256	equation	-	vector	89	29	5	12	
Beginning_and_Intermediate_Algebra	256	equation	-	vector	168	155	27	65	
Beginning_and_Intermediate_Algebra	257	equation	-	vector	112	39	2	5	
Beginning_and_Intermediate_Algebra	257	equation	-	vector	133	123	11	25	
Beginning_and_Intermediate_Algebra	258	equation	-	vector	107	122	10	23	
Beginning_and_Intermediate_Algebra	258	equation	-	vector	63	39	2	5	
Beginning_and_Intermediate_Algebra	258	equation	-	vector	138	39	2	7	
Beginning_and_Intermediate_Algebra	258	equation	-	vector	335	81	12	27	
Beginning_and_Intermediate_Algebra	258	equation	-	vector	142	31	4	7	
Beginning_and_Intermediate_Algebra	259	equation	-	vector	98	31	2	4	
Beginning_and_Intermediate_Algebra	259	equation	-	vector	385	118	19	47	
Beginning_and_Intermediate_Algebra	259	equation	-	vector	169	32	2	5	
Beginning_and_Intermediate_Algebra	259	equation	-	vector	66	32	2	3	
Beginning_and_Intermediate_Algebra	259	equation	-	vector	120	32	2	5	
Beginning_and_Intermediate_Algebra	259	equation	-	vector	150	32	4	7	
Beginning_and_Intermediate_Algebra	259	equation	-	vector	134	31	2	5	
Beginning_and_Intermediate_Algebra	259	equation	-	vector	320	81	14	29	
Beginning_and_Intermediate_Algebra	260	equation	-	vector	356	99	20	45	
Beginning_and_Intermediate_Algebra	260	equation	-	vector	210	32	4	11	
Beginning_and_Intermediate_Algebra	260	equation	-	vector	152	32	2	8	
Beginning_and_Intermediate_Algebra	260	equation	-	vector	161	41	4	13	
Beginning_and_Intermediate_Algebra	260	equation	-	vector	180	41	3	9	
Beginning_and_Intermediate_Algebra	260	equation	-	vector	76	39	2	6	
Beginning_and_Intermediate_Algebra	260	equation	-	vector	112	39	2	7	
Beginning_and_Intermediate_Algebra	260	equation	-	vector	405	141	19	71	
Beginning_and_Intermediate_Algebra	261	equation	-	vector	72	23	3	10	
Beginning_and_Intermediate_Algebra	261	equation	-	vector	123	29	5	15	
Beginning_and_Intermediate_Algebra	261	equation	-	vector	116	104	15	31	
Beginning_and_Intermediate_Algebra	261	equation	-	vector	140	528	99	213	
Beginning_and_Intermediate_Algebra	261	equation	-	vector	89	180	24	62	
Beginning_and_Intermediate_Algebra	261	equation	-	vector	123	155	25	65	
Beginning_and_Intermediate_Algebra	261	equation	-	vector	123	130	27	69	
Beginning_and_Intermediate_Algebra	262	equation	-	vector	98	31	2	4	
Beginning_and_Intermediate_Algebra	262	equation	-	vector	32	42	7	9	
Beginning_and_Intermediate_Algebra	262	equation	-	vector	40	42	8	10	
Beginning_and_Intermediate_Algebra	262	equation	-	vector	303	138	13	22	
Beginning_and_Intermediate_Algebra	262	equation	-	vector	32	42	7	9	
Beginning_and_Intermediate_Algebra	263	equation	-	vector	121	31	2	5	
Beginning_and_Intermediate_Algebra	263	equation	-	vector	36	31	2	5	
Beginning_and_Intermediate_Algebra	263	equation	-	vector	98	31	2	4	
Beginning_and_Intermediate_Algebra	263	equation	-	vector	51	41	2	4	
Beginning_and_Intermediate_Algebra	263	equation	-	vector	62	43	7	9	
Beginning_and_Intermediate_Algebra	263	equation	-	vector	57	78	7	7	
Beginning_and_Intermediate_Algebra	263	equation	-	vector	66	50	6	6	
Beginning_and_Intermediate_Algebra	263	equation	-	vector	75	83	6	12	
Beginning_and_Intermediate_Algebra	263	equation	-	vector	31	30	2	3	
Beginning_and_Intermediate_Algebra	263	equation	-	vector	45	43	5	12	
Beginning_and_Intermediate_Algebra	264	equation	-	vector	133	31	2	8	
Beginning_and_Intermediate_Algebra	264	equation	-	vector	61	31	2	7	
Beginning_and_Intermediate_Algebra	264	equation	-	vector	129	31	2	7	
Beginning_and_Intermediate_Algebra	264	equation	-	vector	164	41	3	10	
Beginning_and_Intermediate_Algebra	264	equation	-	vector	91	44	5	19	
Beginning_and_Intermediate_Algebra	264	equation	-	vector	75	78	11	14	
Beginning_and_Intermediate_Algebra	264	equation	-	vector	130	50	10	14	
Beginning_and_Intermediate_Algebra	264	equation	-	vector	61	49	8	22	
Beginning_and_Intermediate_Algebra	264	equation	-	vector	68	49	7	21	
Beginning_and_Intermediate_Algebra	265	equation	-	vector	172	39	2	15	
Beginning_and_Intermediate_Algebra	265	equation	-	vector	130	73	7	20	
Beginning_and_Intermediate_Algebra	265	equation	-	vector	50	31	2	5	
Beginning_and_Intermediate_Algebra	265	equation	-	vector	116	39	3	7	
Beginning_and_Intermediate_Algebra	265	equation	-	vector	68	33	2	5	
Beginning_and_Intermediate_Algebra	265	equation	-	vector	121	31	2	7	
Beginning_and_Intermediate_Algebra	265	equation	-	vector	186	87	9	39	
Beginning_and_Intermediate_Algebra	265	equation	-	vector	42	42	5	9	
Beginning_and_Intermediate_Algebra	265	equation	-	vector	77	45	5	8	
Beginning_and_Intermediate_Algebra	266	equation	-	vector	36	48	5	6	
Beginning_and_Intermediate_Algebra	266	equation	-	vector	32	43	4	6	
Beginning_and_Intermediate_Algebra	266	equation	-	vector	37	46	7	9	
Beginning_and_Intermediate_Algebra	266	equation	-	vector	46	49	6	10	
Beginning_and_Intermediate_Algebra	266	equation	-	vector	50	50	4	9	
Beginning_and_Intermediate_Algebra	266	equation	-	vector	47	44	8	14	
Beginning_and_Intermediate_Algebra	266	equation	-	vector	17	44	4	4	
Beginning_and_Intermediate_Algebra	266	equation	-	vector	34	49	5	8	
Beginning_and_Intermediate_Algebra	266	equation	-	vector	60	46	10	12	
Beginning_and_Intermediate_Algebra	266	equation	-	vector	51	50	6	8	
Beginning_and_Intermediate_Algebra	266	equation	-	vector	66	50	4	11	
Beginning_and_Intermediate_Algebra	266	equation	-	vector	36	46	4	6	
Beginning_and_Intermediate_Algebra	266	equation	-	vector	36	37	4	6	
Beginning_and_Intermediate_Algebra	266	equation	-	vector	32	50	6	9	
Beginning_and_Intermediate_Algebra	266	equation	-	vector	50	49	4	8	
Beginning_and_Intermediate_Algebra	266	equation	-	vector	45	50	4	9	
Beginning_and_Intermediate_Algebra	266	equation	-	vector	47	50	6	10	
Beginning_and_Intermediate_Algebra	266	equation	-	vector	35	49	5	7	
Beginning_and_Intermediate_Algebra	266	equation	-	vector	57	49	11	12	
Beginning_and_Intermediate_Algebra	266	equation	-	vector	57	49	10	12	
Beginning_and_Intermediate_Algebra	266	equation	-	vector	55	49	6	10	
Beginning_and_Intermediate_Algebra	266	equation	-	vector	66	44	5	13	
Beginning_and_Intermediate_Algebra	267	equation	-	vector	69	42	3	5	
Beginning_and_Intermediate_Algebra	267	equation	-	vector	80	42	2	5	
Beginning_and_Intermediate_Algebra	267	equation	-	vector	70	49	5	12	
Beginning_and_Intermediate_Algebra	267	equation	-	vector	45	44	8	14	
Beginning_and_Intermediate_Algebra	267	equation	-	vector	65	46	11	15	
Beginning_and_Intermediate_Algebra	267	equation	-	vector	60	48	8	16	
Beginning_and_Intermediate_Algebra	267	equation	-	vector	47	50	9	12	
Beginning_and_Intermediate_Algebra	267	equation	-	vector	67	51	13	14	
Beginning_and_Intermediate_Algebra	267	equation	-	vector	61	50	8	22	
Beginning_and_Intermediate_Algebra	267	equation	-	vector	82	51	7	18	
Beginning_and_Intermediate_Algebra	267	equation	-	vector	55	35	3	6	
Beginning_and_Intermediate_Algebra	267	equation	-	vector	80	42	4	7	
Beginning_and_Intermediate_Algebra	267	equation	-	vector	69	42	3	5	
Beginning_and_Intermediate_Algebra	267	equation	-	vector	105	42	3	8	
Beginning_and_Intermediate_Algebra	268	equation	-	vector	215	36	4	10	
Beginning_and_Intermediate_Algebra	268	equation	-	vector	173	31	5	8	
Beginning_and_Intermediate_Algebra	269	equation	-	vector	191	81	5	17	
Beginning_and_Intermediate_Algebra	269	equation	-	vector	241	149	16	45	
Beginning_and_Intermediate_Algebra	269	equation	-	vector	236	143	18	47	
Beginning_and_Intermediate_Algebra	270	equation	-	vector	271	176	20	62	
Beginning_and_Intermediate_Algebra	270	equation	-	vector	271	179	17	73	
Beginning_and_Intermediate_Algebra	271	text	-	vector	299	31	2	16	
Beginning_and_Intermediate_Algebra	271	equation	-	vector	31	30	2	3	
Beginning_and_Intermediate_Algebra	271	text	-	vector	266	31	2	11	
Beginning_and_Intermediate_Algebra	271	equation	-	vector	357	167	18	68	
Beginning_and_Intermediate_Algebra	271	equation	-	vector	12	30	2	2	
Beginning_and_Intermediate_Algebra	271	equation	-	vector	346	102	10	30	
Beginning_and_Intermediate_Algebra	272	equation	-	vector	68	244	40	53	
Beginning_and_Intermediate_Algebra	272	equation	-	vector	64	28	5	8	
Beginning_and_Intermediate_Algebra	272	equation	-	vector	84	186	29	52	
Beginning_and_Intermediate_Algebra	272	equation	-	vector	65	152	25	33	
Beginning_and_Intermediate_Algebra	272	equation	-	vector	79	121	20	30	
Beginning_and_Intermediate_Algebra	272	equation	-	vector	79	123	20	34	
Beginning_and_Intermediate_Algebra	272	equation	-	vector	79	60	9	18	
Beginning_and_Intermediate_Algebra	274	equation	-	vector	225	121	10	31	
Beginning_and_Intermediate_Algebra	274	equation	-	vector	230	32	7	13	
Beginning_and_Intermediate_Algebra	274	equation	-	vector	223	38	6	10	
Beginning_and_Intermediate_Algebra	275	equation	-	vector	429	351	38	153	
Beginning_and_Intermediate_Algebra	275	equation	-	vector	209	30	6	21	
Beginning_and_Intermediate_Algebra	275	equation	-	vector	157	31	7	12	
Beginning_and_Intermediate_Algebra	276	equation	-	vector	383	231	19	112	
Beginning_and_Intermediate_Algebra	276	equation	-	vector	390	213	21	103	
Beginning_and_Intermediate_Algebra	276	equation	-	vector	410	102	18	47	
Beginning_and_Intermediate_Algebra	277	equation	-	vector	154	36	1	7	
Beginning_and_Intermediate_Algebra	277	equation	-	vector	368	80	13	35	
Beginning_and_Intermediate_Algebra	277	equation	-	vector	429	335	46	177	
Beginning_and_Intermediate_Algebra	278	equation	-	vector	79	31	2	7	
Beginning_and_Intermediate_Algebra	278	equation	-	vector	148	377	79	150	
Beginning_and_Intermediate_Algebra	278	equation	-	vector	143	165	33	81	
Beginning_and_Intermediate_Algebra	278	equation	-	vector	148	516	107	223	
Beginning_and_Intermediate_Algebra	279	equation	-	vector	240	42	20	22	
Beginning_and_Intermediate_Algebra	280	equation	-	vector	405	157	16	70	
Beginning_and_Intermediate_Algebra	280	equation	-	vector	415	179	13	51	
Beginning_and_Intermediate_Algebra	281	equation	-	vector	437	207	20	41	
Beginning_and_Intermediate_Algebra	281	equation	-	vector	145	31	2	5	
Beginning_and_Intermediate_Algebra	281	equation	-	vector	429	41	5	20	
Beginning_and_Intermediate_Algebra	281	equation	-	vector	134	52	6	7	
Beginning_and_Intermediate_Algebra	282	equation	-	vector	357	189	23	44	
Beginning_and_Intermediate_Algebra	282	equation	-	vector	420	268	27	67	
Beginning_and_Intermediate_Algebra	283	equation	-	vector	429	257	29	83	
Beginning_and_Intermediate_Algebra	284	artwork	-	vector	196	218	17	74	
Beginning_and_Intermediate_Algebra	284	artwork	-	vector	201	148	10	39	
Beginning_and_Intermediate_Algebra	284	artwork	-	vector	200	163	11	45	
Beginning_and_Intermediate_Algebra	284	artwork	-	vector	209	190	15	66	
Beginning_and_Intermediate_Algebra	284	artwork	-	vector	101	86	5	21	
Beginning_and_Intermediate_Algebra	286	text	-	vector	425	62	6	56	
Beginning_and_Intermediate_Algebra	288	artwork	-	vector	155	81	10	22	
Beginning_and_Intermediate_Algebra	288	equation	-	vector	277	46	5	14	
Beginning_and_Intermediate_Algebra	289	equation	-	vector	261	91	8	34	
Beginning_and_Intermediate_Algebra	289	equation	-	vector	255	109	9	43	
Beginning_and_Intermediate_Algebra	289	equation	-	vector	276	153	14	68	
Beginning_and_Intermediate_Algebra	290	equation	-	vector	114	38	1	5	
Beginning_and_Intermediate_Algebra	290	equation	-	vector	422	83	10	41	
Beginning_and_Intermediate_Algebra	290	table	-	vector	421	99	11	54	
Beginning_and_Intermediate_Algebra	291	equation	-	vector	99	69	2	5	
Beginning_and_Intermediate_Algebra	291	equation	-	vector	107	603	31	66	
Beginning_and_Intermediate_Algebra	291	equation	-	vector	67	254	15	30	
Beginning_and_Intermediate_Algebra	291	equation	-	vector	84	191	12	23	
Beginning_and_Intermediate_Algebra	291	equation	-	vector	89	80	4	10	
Beginning_and_Intermediate_Algebra	292	equation	-	vector	101	36	2	7	
Beginning_and_Intermediate_Algebra	292	artwork	-	vector	165	81	9	22	
Beginning_and_Intermediate_Algebra	292	equation	-	vector	272	46	4	12	
Beginning_and_Intermediate_Algebra	293	text	-	vector	429	114	11	80	
Beginning_and_Intermediate_Algebra	293	equation	-	vector	377	134	15	60	
Beginning_and_Intermediate_Algebra	293	equation	-	vector	385	134	15	56	
Beginning_and_Intermediate_Algebra	293	equation	-	vector	405	100	12	46	
Beginning_and_Intermediate_Algebra	294	equation	-	vector	67	223	13	23	
Beginning_and_Intermediate_Algebra	294	equation	-	vector	87	277	20	36	
Beginning_and_Intermediate_Algebra	294	equation	-	vector	82	393	25	44	
Beginning_and_Intermediate_Algebra	294	equation	-	vector	103	168	12	23	
Beginning_and_Intermediate_Algebra	295	equation	-	vector	228	56	6	19	
Beginning_and_Intermediate_Algebra	296	equation	-	vector	402	64	2	30	
Beginning_and_Intermediate_Algebra	296	equation	-	vector	420	109	17	86	
Beginning_and_Intermediate_Algebra	296	equation	-	vector	399	117	13	68	
Beginning_and_Intermediate_Algebra	297	equation	-	vector	203	579	56	243	
Beginning_and_Intermediate_Algebra	297	equation	-	vector	199	555	56	226	
Beginning_and_Intermediate_Algebra	298	equation	-	vector	278	41	1	12	
Beginning_and_Intermediate_Algebra	298	equation	-	vector	356	138	10	57	
Beginning_and_Intermediate_Algebra	298	equation	-	vector	354	116	12	42	
Beginning_and_Intermediate_Algebra	298	equation	-	vector	427	177	15	90	
Beginning_and_Intermediate_Algebra	299	equation	-	vector	417	115	20	88	
Beginning_and_Intermediate_Algebra	299	equation	-	vector	430	123	8	100	
Beginning_and_Intermediate_Algebra	299	equation	-	vector	389	275	26	67	
Beginning_and_Intermediate_Algebra	300	equation	-	vector	393	156	17	37	
Beginning_and_Intermediate_Algebra	300	equation	-	vector	402	157	18	41	
Beginning_and_Intermediate_Algebra	300	equation	-	vector	426	248	24	69	
Beginning_and_Intermediate_Algebra	301	equation	-	vector	370	245	22	53	
Beginning_and_Intermediate_Algebra	301	equation	-	vector	389	197	23	61	
Beginning_and_Intermediate_Algebra	301	equation	-	vector	72	40	3	4	
Beginning_and_Intermediate_Algebra	302	equation	-	vector	175	592	52	142	
Beginning_and_Intermediate_Algebra	302	equation	-	vector	183	596	52	148	
Beginning_and_Intermediate_Algebra	303	equation	-	vector	350	107	12	39	
Beginning_and_Intermediate_Algebra	304	equation	-	vector	372	177	14	52	
Beginning_and_Intermediate_Algebra	304	equation	-	vector	400	341	41	110	
Beginning_and_Intermediate_Algebra	305	text	-	vector	429	63	8	70	
Beginning_and_Intermediate_Algebra	305	equation	-	vector	429	44	4	27	
Beginning_and_Intermediate_Algebra	305	equation	-	vector	405	219	19	58	
Beginning_and_Intermediate_Algebra	305	equation	-	vector	301	66	7	17	
Beginning_and_Intermediate_Algebra	305	equation	-	vector	82	47	4	7	
Beginning_and_Intermediate_Algebra	306	equation	-	vector	426	184	21	61	
Beginning_and_Intermediate_Algebra	306	equation	-	vector	429	212	23	57	
Beginning_and_Intermediate_Algebra	306	equation	-	vector	422	245	19	79	
Beginning_and_Intermediate_Algebra	307	equation	-	vector	384	237	18	120	
Beginning_and_Intermediate_Algebra	307	artwork	-	vector	403	248	38	97	
Beginning_and_Intermediate_Algebra	308	equation	-	vector	71	605	53	143	
Beginning_and_Intermediate_Algebra	308	equation	-	vector	69	601	57	161	
Beginning_and_Intermediate_Algebra	309	equation	-	vector	65	43	2	12	
Beginning_and_Intermediate_Algebra	309	equation	-	vector	64	49	4	12	
Beginning_and_Intermediate_Algebra	310	equation	-	vector	429	36	6	24	
Beginning_and_Intermediate_Algebra	310	equation	-	vector	374	22	3	12	
Beginning_and_Intermediate_Algebra	310	equation	-	vector	270	36	4	12	
Beginning_and_Intermediate_Algebra	310	artwork	-	vector	174	68	18	33	
Beginning_and_Intermediate_Algebra	310	artwork	-	vector	186	68	19	33	
Beginning_and_Intermediate_Algebra	310	equation	-	vector	42	39	3	5	
Beginning_and_Intermediate_Algebra	311	equation	-	vector	134	31	2	4	
Beginning_and_Intermediate_Algebra	311	equation	-	vector	96	31	2	4	
Beginning_and_Intermediate_Algebra	311	equation	-	vector	290	30	3	8	
Beginning_and_Intermediate_Algebra	311	equation	-	vector	297	90	17	24	
Beginning_and_Intermediate_Algebra	311	equation	-	vector	319	61	24	45	
Beginning_and_Intermediate_Algebra	311	equation	-	vector	319	91	14	24	
Beginning_and_Intermediate_Algebra	311	equation	-	vector	67	41	10	14	
Beginning_and_Intermediate_Algebra	312	equation	-	vector	290	22	3	9	
Beginning_and_Intermediate_Algebra	312	equation	-	vector	266	29	1	8	
Beginning_and_Intermediate_Algebra	312	equation	-	vector	70	42	12	17	
Beginning_and_Intermediate_Algebra	312	equation	-	vector	37	41	8	9	
Beginning_and_Intermediate_Algebra	312	equation	-	vector	23	36	4	4	
Beginning_and_Intermediate_Algebra	312	equation	-	vector	413	233	59	105	
Beginning_and_Intermediate_Algebra	312	equation	-	vector	65	42	10	12	
Beginning_and_Intermediate_Algebra	312	equation	-	vector	27	42	6	6	
Beginning_and_Intermediate_Algebra	313	equation	-	vector	68	47	6	11	
Beginning_and_Intermediate_Algebra	313	equation	-	vector	62	31	6	8	
Beginning_and_Intermediate_Algebra	313	equation	-	vector	263	73	11	24	
Beginning_and_Intermediate_Algebra	313	equation	-	vector	34	22	3	4	
Beginning_and_Intermediate_Algebra	313	equation	-	vector	45	22	3	4	
Beginning_and_Intermediate_Algebra	313	equation	-	vector	57	22	3	4	
Beginning_and_Intermediate_Algebra	313	equation	-	vector	52	22	3	4	
Beginning_and_Intermediate_Algebra	313	equation	-	vector	29	22	3	4	
Beginning_and_Intermediate_Algebra	313	equation	-	vector	35	22	3	4	
Beginning_and_Intermediate_Algebra	313	equation	-	vector	41	22	3	4	
Beginning_and_Intermediate_Algebra	313	equation	-	vector	54	22	3	4	
Beginning_and_Intermediate_Algebra	313	equation	-	vector	69	49	10	14	
Beginning_and_Intermediate_Algebra	313	equation	-	vector	84	72	10	14	
Beginning_and_Intermediate_Algebra	313	equation	-	vector	63	31	7	10	
Beginning_and_Intermediate_Algebra	313	equation	-	vector	85	87	15	20	
Beginning_and_Intermediate_Algebra	313	equation	-	vector	58	37	6	7	
Beginning_and_Intermediate_Algebra	313	equation	-	vector	85	37	8	13	
Beginning_and_Intermediate_Algebra	313	equation	-	vector	51	37	6	7	
Beginning_and_Intermediate_Algebra	313	equation	-	vector	94	204	49	62	
Beginning_and_Intermediate_Algebra	313	equation	-	vector	86	86	18	24	
Beginning_and_Intermediate_Algebra	314	equation	-	vector	340	117	17	41	
Beginning_and_Intermediate_Algebra	314	equation	-	vector	348	69	6	16	
Beginning_and_Intermediate_Algebra	314	equation	-	vector	348	87	8	22	
Beginning_and_Intermediate_Algebra	315	equation	-	vector	429	118	11	51	
Beginning_and_Intermediate_Algebra	315	equation	-	vector	381	100	9	28	
Beginning_and_Intermediate_Algebra	315	equation	-	vector	385	142	32	67	
Beginning_and_Intermediate_Algebra	315	equation	-	vector	419	147	15	58	
Beginning_and_Intermediate_Algebra	316	equation	-	vector	55	40	3	3	
Beginning_and_Intermediate_Algebra	316	equation	-	vector	427	113	11	53	
Beginning_and_Intermediate_Algebra	316	equation	-	vector	362	91	8	21	
Beginning_and_Intermediate_Algebra	316	equation	-	vector	393	123	11	33	
Beginning_and_Intermediate_Algebra	317	equation	-	vector	75	162	13	19	
Beginning_and_Intermediate_Algebra	317	equation	-	vector	75	162	13	19	
Beginning_and_Intermediate_Algebra	317	equation	-	vector	190	454	56	96	
Beginning_and_Intermediate_Algebra	317	equation	-	vector	162	451	53	93	
Beginning_and_Intermediate_Algebra	318	equation	-	vector	429	74	6	44	
Beginning_and_Intermediate_Algebra	318	equation	-	vector	46	82	5	10	
Beginning_and_Intermediate_Algebra	320	equation	-	vector	196	78	4	17	
Beginning_and_Intermediate_Algebra	320	equation	-	vector	174	77	6	19	
Beginning_and_Intermediate_Algebra	320	equation	-	vector	333	94	8	33	
Beginning_and_Intermediate_Algebra	320	equation	-	vector	256	94	8	30	
Beginning_and_Intermediate_Algebra	320	equation	-	vector	327	113	14	42	
Beginning_and_Intermediate_Algebra	321	equation	-	vector	303	82	7	22	
Beginning_and_Intermediate_Algebra	321	equation	-	vector	115	31	2	5	
Beginning_and_Intermediate_Algebra	321	text	-	vector	429	45	6	49	
Beginning_and_Intermediate_Algebra	321	equation	-	vector	34	32	2	4	
Beginning_and_Intermediate_Algebra	321	equation	-	vector	384	41	4	17	
Beginning_and_Intermediate_Algebra	321	equation	-	vector	95	32	2	6	
Beginning_and_Intermediate_Algebra	321	equation	-	vector	57	31	2	4	
Beginning_and_Intermediate_Algebra	321	equation	-	vector	121	31	2	6	
Beginning_and_Intermediate_Algebra	321	equation	-	vector	164	83	5	17	
Beginning_and_Intermediate_Algebra	321	equation	-	vector	224	83	5	20	
Beginning_and_Intermediate_Algebra	322	equation	-	vector	261	66	5	27	
Beginning_and_Intermediate_Algebra	322	equation	-	vector	355	83	7	31	
Beginning_and_Intermediate_Algebra	322	equation	-	vector	373	126	13	55	
Beginning_and_Intermediate_Algebra	322	equation	-	vector	367	162	17	62	
Beginning_and_Intermediate_Algebra	323	equation	-	vector	55	23	2	5	
Beginning_and_Intermediate_Algebra	323	equation	-	vector	59	23	2	4	
Beginning_and_Intermediate_Algebra	323	equation	-	vector	55	23	2	4	
Beginning_and_Intermediate_Algebra	323	equation	-	vector	55	23	2	5	
Beginning_and_Intermediate_Algebra	323	equation	-	vector	35	23	2	3	
Beginning_and_Intermediate_Algebra	323	equation	-	vector	55	59	4	9	
Beginning_and_Intermediate_Algebra	323	equation	-	vector	55	152	10	24	
Beginning_and_Intermediate_Algebra	323	equation	-	vector	55	54	4	11	
Beginning_and_Intermediate_Algebra	323	equation	-	vector	47	54	4	9	
Beginning_and_Intermediate_Algebra	324	equation	-	vector	87	127	11	21	
Beginning_and_Intermediate_Algebra	324	equation	-	vector	87	128	11	22	
Beginning_and_Intermediate_Algebra	326	equation	-	vector	304	232	20	85	
Beginning_and_Intermediate_Algebra	326	equation	-	vector	318	81	6	30	
Beginning_and_Intermediate_Algebra	327	equation	-	vector	165	48	2	13	
Beginning_and_Intermediate_Algebra	327	equation	-	vector	322	225	25	84	
Beginning_and_Intermediate_Algebra	327	equation	-	vector	389	231	28	131	
Beginning_and_Intermediate_Algebra	327	equation	-	vector	216	58	2	10	
Beginning_and_Intermediate_Algebra	328	equation	-	vector	214	90	7	26	
Beginning_and_Intermediate_Algebra	328	equation	-	vector	192	101	5	31	
Beginning_and_Intermediate_Algebra	328	equation	-	vector	114	28	1	5	
Beginning_and_Intermediate_Algebra	328	equation	-	vector	335	241	29	104	
Beginning_and_Intermediate_Algebra	329	equation	-	vector	137	63	3	11	
Beginning_and_Intermediate_Algebra	329	equation	-	vector	387	261	34	149	
Beginning_and_Intermediate_Algebra	329	equation	-	vector	205	83	6	25	
Beginning_and_Intermediate_Algebra	329	equation	-	vector	193	101	9	34	
Beginning_and_Intermediate_Algebra	330	equation	-	vector	142	28	1	6	
Beginning_and_Intermediate_Algebra	330	equation	-	vector	412	565	57	271	
Beginning_and_Intermediate_Algebra	331	equation	-	vector	145	243	20	71	
Beginning_and_Intermediate_Algebra	331	equation	-	vector	145	244	22	72	
Beginning_and_Intermediate_Algebra	332	equation	-	vector	328	38	2	16	
Beginning_and_Intermediate_Algebra	332	equation	-	vector	188	65	6	18	
Beginning_and_Intermediate_Algebra	332	equation	-	vector	350	46	2	17	
Beginning_and_Intermediate_Algebra	332	equation	-	vector	44	38	1	2	
Beginning_and_Intermediate_Algebra	333	equation	-	vector	162	65	4	13	
Beginning_and_Intermediate_Algebra	333	equation	-	vector	364	160	16	81	
Beginning_and_Intermediate_Algebra	333	equation	-	vector	405	186	21	76	
Beginning_and_Intermediate_Algebra	334	equation	-	vector	429	32	5	33	
Beginning_and_Intermediate_Algebra	334	equation	-	vector	243	133	14	44	
Beginning_and_Intermediate_Algebra	334	equation	-	vector	367	199	20	95	
Beginning_and_Intermediate_Algebra	334	equation	-	vector	360	85	12	39	
Beginning_and_Intermediate_Algebra	335	equation	-	vector	405	167	16	73	
Beginning_and_Intermediate_Algebra	335	equation	-	vector	358	300	33	129	
Beginning_and_Intermediate_Algebra	336	equation	-	vector	111	263	20	53	
Beginning_and_Intermediate_Algebra	336	equation	-	vector	117	138	8	22	
Beginning_and_Intermediate_Algebra	336	equation	-	vector	97	60	6	14	
Beginning_and_Intermediate_Algebra	336	equation	-	vector	92	28	3	7	
Beginning_and_Intermediate_Algebra	336	equation	-	vector	99	92	9	20	
Beginning_and_Intermediate_Algebra	336	equation	-	vector	102	101	9	20	
Beginning_and_Intermediate_Algebra	336	equation	-	vector	108	36	3	7	
Beginning_and_Intermediate_Algebra	337	equation	-	vector	280	108	7	41	
Beginning_and_Intermediate_Algebra	337	equation	-	vector	238	107	9	39	
Beginning_and_Intermediate_Algebra	338	equation	-	vector	429	42	5	31	
Beginning_and_Intermediate_Algebra	338	equation	-	vector	316	87	13	41	
Beginning_and_Intermediate_Algebra	338	equation	-	vector	339	167	26	55	
Beginning_and_Intermediate_Algebra	338	equation	-	vector	342	100	21	38	
Beginning_and_Intermediate_Algebra	339	equation	-	vector	275	83	9	21	
Beginning_and_Intermediate_Algebra	339	artwork	-	vector	363	262	34	100	
Beginning_and_Intermediate_Algebra	339	equation	-	vector	100	29	1	7	
Beginning_and_Intermediate_Algebra	340	equation	-	vector	343	289	29	107	
Beginning_and_Intermediate_Algebra	340	equation	-	vector	388	159	34	70	
Beginning_and_Intermediate_Algebra	340	equation	-	vector	309	163	33	52	
Beginning_and_Intermediate_Algebra	341	equation	-	vector	287	76	9	20	
Beginning_and_Intermediate_Algebra	341	equation	-	vector	422	196	41	88	
Beginning_and_Intermediate_Algebra	341	equation	-	vector	310	232	40	69	
Beginning_and_Intermediate_Algebra	342	equation	-	vector	381	586	103	361	
Beginning_and_Intermediate_Algebra	343	equation	-	vector	420	189	41	81	
Beginning_and_Intermediate_Algebra	343	equation	-	vector	373	222	46	75	
Beginning_and_Intermediate_Algebra	344	equation	-	vector	429	37	5	25	
Beginning_and_Intermediate_Algebra	344	equation	-	vector	376	40	4	19	
Beginning_and_Intermediate_Algebra	344	equation	-	vector	276	31	4	14	
Beginning_and_Intermediate_Algebra	344	equation	-	vector	345	193	17	72	
Beginning_and_Intermediate_Algebra	344	equation	-	vector	433	96	12	50	
Beginning_and_Intermediate_Algebra	345	equation	-	vector	349	133	16	47	
Beginning_and_Intermediate_Algebra	345	equation	-	vector	386	208	27	102	
Beginning_and_Intermediate_Algebra	345	equation	-	vector	385	191	24	70	
Beginning_and_Intermediate_Algebra	346	artwork	-	vector	367	224	28	96	
Beginning_and_Intermediate_Algebra	346	equation	-	vector	426	145	18	55	
Beginning_and_Intermediate_Algebra	347	equation	-	vector	159	553	31	111	
Beginning_and_Intermediate_Algebra	347	equation	-	vector	145	553	29	112	
Beginning_and_Intermediate_Algebra	348	equation	-	vector	333	136	12	68	
Beginning_and_Intermediate_Algebra	348	equation	-	vector	400	153	16	77	
Beginning_and_Intermediate_Algebra	349	equation	-	vector	98	36	2	5	
Beginning_and_Intermediate_Algebra	349	equation	-	vector	352	117	11	41	
Beginning_and_Intermediate_Algebra	349	equation	-	vector	204	23	2	10	
Beginning_and_Intermediate_Algebra	349	equation	-	vector	392	169	16	75	
Beginning_and_Intermediate_Algebra	350	equation	-	vector	363	153	18	70	
Beginning_and_Intermediate_Algebra	350	equation	-	vector	417	186	22	85	
Beginning_and_Intermediate_Algebra	350	equation	-	vector	403	203	23	80	
Beginning_and_Intermediate_Algebra	351	equation	-	vector	42	23	2	5	
Beginning_and_Intermediate_Algebra	351	equation	-	vector	42	23	4	6	
Beginning_and_Intermediate_Algebra	351	equation	-	vector	42	23	4	6	
Beginning_and_Intermediate_Algebra	351	equation	-	vector	55	58	8	10	
Beginning_and_Intermediate_Algebra	351	equation	-	vector	63	252	20	43	
Beginning_and_Intermediate_Algebra	351	equation	-	vector	42	23	4	6	
Beginning_and_Intermediate_Algebra	351	equation	-	vector	42	23	4	6	
Beginning_and_Intermediate_Algebra	351	equation	-	vector	41	23	3	4	
Beginning_and_Intermediate_Algebra	351	equation	-	vector	78	329	24	55	
Beginning_and_Intermediate_Algebra	352	equation	-	vector	444	214	22	117	
Beginning_and_Intermediate_Algebra	353	equation	-	vector	441	210	30	109	
Beginning_and_Intermediate_Algebra	353	equation	-	vector	435	316	35	137	
Beginning_and_Intermediate_Algebra	354	equation	-	vector	401	263	37	142	
Beginning_and_Intermediate_Algebra	354	equation	-	vector	375	269	28	107	
Beginning_and_Intermediate_Algebra	355	equation	-	vector	340	108	9	63	
Beginning_and_Intermediate_Algebra	355	equation	-	vector	440	437	55	241	
Beginning_and_Intermediate_Algebra	356	equation	-	vector	194	582	46	163	
Beginning_and_Intermediate_Algebra	356	equation	-	vector	181	582	57	165	
Beginning_and_Intermediate_Algebra	357	artwork	-	vector	219	20	2	9	
Beginning_and_Intermediate_Algebra	358	artwork	-	vector	222	20	2	9	
Beginning_and_Intermediate_Algebra	358	equation	-	vector	363	181	18	85	
Beginning_and_Intermediate_Algebra	358	artwork	-	vector	426	276	31	108	
Beginning_and_Intermediate_Algebra	359	artwork	-	vector	320	20	2	14	
Beginning_and_Intermediate_Algebra	359	artwork	-	vector	403	274	27	125	
Beginning_and_Intermediate_Algebra	359	artwork	-	vector	325	119	10	45	
Beginning_and_Intermediate_Algebra	360	equation	-	vector	359	273	30	119	
Beginning_and_Intermediate_Algebra	360	artwork	-	vector	432	204	18	80	
Beginning_and_Intermediate_Algebra	361	equation	-	vector	312	110	10	44	
Beginning_and_Intermediate_Algebra	361	artwork	-	vector	405	340	32	140	
Beginning_and_Intermediate_Algebra	364	text	-	vector	429	34	3	32	
Beginning_and_Intermediate_Algebra	364	text	-	vector	429	34	3	32	
Beginning_and_Intermediate_Algebra	364	equation	-	vector	17	31	2	2	
Beginning_and_Intermediate_Algebra	364	equation	-	vector	315	31	6	15	
Beginning_and_Intermediate_Algebra	364	equation	-	vector	429	103	20	108	
Beginning_and_Intermediate_Algebra	364	equation	-	vector	68	36	5	7	
Beginning_and_Intermediate_Algebra	365	equation	-	vector	136	31	6	8	
Beginning_and_Intermediate_Algebra	365	equation	-	vector	338	74	7	28	
Beginning_and_Intermediate_Algebra	365	equation	-	vector	365	74	7	31	
Beginning_and_Intermediate_Algebra	365	equation	-	vector	60	31	7	8	
Beginning_and_Intermediate_Algebra	365	equation	-	vector	67	30	8	8	
Beginning_and_Intermediate_Algebra	365	equation	-	vector	138	37	6	8	
Beginning_and_Intermediate_Algebra	365	equation	-	vector	361	53	9	25	
Beginning_and_Intermediate_Algebra	366	equation	-	vector	428	238	24	110	
Beginning_and_Intermediate_Algebra	366	equation	-	vector	420	115	11	33	
Beginning_and_Intermediate_Algebra	366	equation	-	vector	407	78	12	32	
Beginning_and_Intermediate_Algebra	367	equation	-	vector	394	245	23	104	
Beginning_and_Intermediate_Algebra	367	equation	-	vector	248	92	9	35	
Beginning_and_Intermediate_Algebra	367	equation	-	vector	329	72	15	30	
Beginning_and_Intermediate_Algebra	368	text	-	vector	425	45	4	39	
Beginning_and_Intermediate_Algebra	368	text	-	vector	398	35	3	32	
Beginning_and_Intermediate_Algebra	369	text	-	vector	421	53	5	51	
Beginning_and_Intermediate_Algebra	369	text	-	vector	421	35	3	36	
Beginning_and_Intermediate_Algebra	369	text	-	vector	429	35	4	36	
Beginning_and_Intermediate_Algebra	369	text	-	vector	421	82	7	70	
Beginning_and_Intermediate_Algebra	369	text	-	vector	425	34	3	31	
Beginning_and_Intermediate_Algebra	369	text	-	vector	413	45	4	45	
Beginning_and_Intermediate_Algebra	370	equation	-	vector	409	422	40	186	
Beginning_and_Intermediate_Algebra	371	equation	-	vector	426	447	44	196	
Beginning_and_Intermediate_Algebra	372	equation	-	vector	136	258	12	44	
Beginning_and_Intermediate_Algebra	372	equation	-	vector	137	258	14	46	
Beginning_and_Intermediate_Algebra	373	artwork	-	vector	169	50	5	5	
Beginning_and_Intermediate_Algebra	373	artwork	-	vector	154	50	8	8	
Beginning_and_Intermediate_Algebra	373	artwork	-	vector	154	56	11	14	
Beginning_and_Intermediate_Algebra	373	equation	-	vector	388	94	9	31	
Beginning_and_Intermediate_Algebra	374	artwork	-	vector	156	50	8	8	
Beginning_and_Intermediate_Algebra	374	artwork	-	vector	156	56	11	14	
Beginning_and_Intermediate_Algebra	374	equation	-	vector	427	303	37	111	
Beginning_and_Intermediate_Algebra	374	equation	-	vector	370	134	16	52	
Beginning_and_Intermediate_Algebra	375	artwork	-	vector	159	50	5	5	
Beginning_and_Intermediate_Algebra	375	equation	-	vector	396	358	44	143	
Beginning_and_Intermediate_Algebra	376	artwork	-	vector	153	50	8	8	
Beginning_and_Intermediate_Algebra	376	artwork	-	vector	164	56	9	14	
Beginning_and_Intermediate_Algebra	376	equation	-	vector	427	369	42	163	
Beginning_and_Intermediate_Algebra	377	artwork	-	vector	151	56	7	10	
Beginning_and_Intermediate_Algebra	377	artwork	-	vector	157	153	17	31	
Beginning_and_Intermediate_Algebra	377	equation	-	vector	355	236	24	99	
Beginning_and_Intermediate_Algebra	377	equation	-	vector	424	71	14	43	
Beginning_and_Intermediate_Algebra	378	equation	-	vector	417	34	3	26	
Beginning_and_Intermediate_Algebra	379	text	-	vector	394	45	4	37	
Beginning_and_Intermediate_Algebra	379	text	-	vector	425	34	3	31	
Beginning_and_Intermediate_Algebra	380	artwork	-	vector	201	120	0	0	
Beginning_and_Intermediate_Algebra	380	artwork	-	vector	187	293	23	67	
Beginning_and_Intermediate_Algebra	381	artwork	-	vector	201	120	3	4	
Beginning_and_Intermediate_Algebra	381	equation	-	vector	118	40	3	8	
Beginning_and_Intermediate_Algebra	381	equation	-	vector	83	29	1	5	
Beginning_and_Intermediate_Algebra	381	equation	-	vector	399	248	24	112	
Beginning_and_Intermediate_Algebra	382	artwork	-	vector	201	120	0	0	
Beginning_and_Intermediate_Algebra	382	artwork	-	vector	201	120	0	0	
Beginning_and_Intermediate_Algebra	382	equation	-	vector	393	310	29	130	
Beginning_and_Intermediate_Algebra	383	artwork	-	vector	201	150	1	1	
Beginning_and_Intermediate_Algebra	383	artwork	-	vector	201	151	1	1	
Beginning_and_Intermediate_Algebra	383	artwork	-	vector	201	151	1	2	
Beginning_and_Intermediate_Algebra	383	artwork	-	vector	201	151	1	1	
Beginning_and_Intermediate_Algebra	383	artwork	-	vector	201	167	3	5	
Beginning_and_Intermediate_Algebra	383	artwork	-	vector	201	150	1	2	
Beginning_and_Intermediate_Algebra	384	equation	-	vector	137	278	19	64	
Beginning_and_Intermediate_Algebra	384	equation	-	vector	133	278	17	63	
Beginning_and_Intermediate_Algebra	386	equation	-	vector	360	45	6	21	
Beginning_and_Intermediate_Algebra	387	artwork	-	vector	126	75	0	0	
Beginning_and_Intermediate_Algebra	387	artwork	-	vector	126	75	0	0	
Beginning_and_Intermediate_Algebra	387	artwork	-	vector	126	75	0	0	
Beginning_and_Intermediate_Algebra	387	equation	-	vector	284	110	13	50	
Beginning_and_Intermediate_Algebra	387	equation	-	vector	310	110	14	56	
Beginning_and_Intermediate_Algebra	388	equation	-	vector	416	129	9	58	
Beginning_and_Intermediate_Algebra	388	equation	-	vector	167	41	3	12	
Beginning_and_Intermediate_Algebra	388	equation	-	vector	338	46	3	13	
Beginning_and_Intermediate_Algebra	389	equation	-	vector	429	50	5	36	
Beginning_and_Intermediate_Algebra	389	equation	-	vector	345	108	11	42	
Beginning_and_Intermediate_Algebra	389	equation	-	vector	306	100	7	31	
Beginning_and_Intermediate_Algebra	389	equation	-	vector	338	90	7	35	
Beginning_and_Intermediate_Algebra	389	equation	-	vector	117	62	5	9	
Beginning_and_Intermediate_Algebra	390	equation	-	vector	142	36	1	5	
Beginning_and_Intermediate_Algebra	390	equation	-	vector	315	65	4	22	
Beginning_and_Intermediate_Algebra	390	equation	-	vector	332	100	11	54	
Beginning_and_Intermediate_Algebra	391	artwork	-	vector	100	108	0	0	
Beginning_and_Intermediate_Algebra	391	artwork	-	vector	107	104	0	0	
Beginning_and_Intermediate_Algebra	391	artwork	-	vector	110	104	0	0	
Beginning_and_Intermediate_Algebra	391	artwork	-	vector	113	98	0	0	
Beginning_and_Intermediate_Algebra	391	equation	-	vector	78	55	3	10	
Beginning_and_Intermediate_Algebra	391	equation	-	vector	77	56	3	11	
Beginning_and_Intermediate_Algebra	391	equation	-	vector	102	140	12	31	
Beginning_and_Intermediate_Algebra	391	equation	-	vector	113	123	10	26	
Beginning_and_Intermediate_Algebra	392	equation	-	vector	203	416	16	104	
Beginning_and_Intermediate_Algebra	392	equation	-	vector	195	407	19	109	
Beginning_and_Intermediate_Algebra	393	equation	-	vector	221	95	7	23	
Beginning_and_Intermediate_Algebra	393	equation	-	vector	149	187	10	36	
Beginning_and_Intermediate_Algebra	393	equation	-	vector	90	98	4	14	
Beginning_and_Intermediate_Algebra	394	equation	-	vector	152	31	2	6	
Beginning_and_Intermediate_Algebra	394	equation	-	vector	70	41	3	6	
Beginning_and_Intermediate_Algebra	394	equation	-	vector	74	45	2	5	
Beginning_and_Intermediate_Algebra	394	equation	-	vector	94	71	3	10	
Beginning_and_Intermediate_Algebra	394	equation	-	vector	93	65	4	12	
Beginning_and_Intermediate_Algebra	394	equation	-	vector	98	76	5	11	
Beginning_and_Intermediate_Algebra	395	equation	-	vector	75	39	2	5	
Beginning_and_Intermediate_Algebra	395	equation	-	vector	88	57	3	10	
Beginning_and_Intermediate_Algebra	395	equation	-	vector	84	65	3	9	
Beginning_and_Intermediate_Algebra	395	equation	-	vector	125	36	1	4	
Beginning_and_Intermediate_Algebra	396	equation	-	vector	99	67	4	13	
Beginning_and_Intermediate_Algebra	396	equation	-	vector	351	101	8	37	
Beginning_and_Intermediate_Algebra	397	equation	-	vector	81	61	4	10	
Beginning_and_Intermediate_Algebra	397	equation	-	vector	81	61	4	12	
Beginning_and_Intermediate_Algebra	398	equation	-	vector	107	52	3	14	
Beginning_and_Intermediate_Algebra	398	equation	-	vector	93	51	3	13	
Beginning_and_Intermediate_Algebra	398	equation	-	vector	106	160	10	38	
Beginning_and_Intermediate_Algebra	398	equation	-	vector	114	338	20	79	
Beginning_and_Intermediate_Algebra	398	equation	-	vector	134	162	12	44	
Beginning_and_Intermediate_Algebra	398	equation	-	vector	136	446	29	103	
Beginning_and_Intermediate_Algebra	399	equation	-	vector	138	666	43	161	
Beginning_and_Intermediate_Algebra	399	equation	-	vector	106	51	4	13	
Beginning_and_Intermediate_Algebra	399	equation	-	vector	124	389	29	91	
Beginning_and_Intermediate_Algebra	399	equation	-	vector	115	215	15	55	
Beginning_and_Intermediate_Algebra	400	equation	-	vector	110	369	26	98	
Beginning_and_Intermediate_Algebra	400	equation	-	vector	119	369	22	91	
Beginning_and_Intermediate_Algebra	402	equation	-	vector	420	157	15	57	
Beginning_and_Intermediate_Algebra	402	equation	-	vector	421	103	11	40	
Beginning_and_Intermediate_Algebra	402	equation	-	vector	426	186	22	64	
Beginning_and_Intermediate_Algebra	402	equation	-	vector	70	65	6	16	
Beginning_and_Intermediate_Algebra	403	equation	-	vector	165	39	2	10	
Beginning_and_Intermediate_Algebra	403	equation	-	vector	193	72	5	17	
Beginning_and_Intermediate_Algebra	403	equation	-	vector	308	76	8	42	
Beginning_and_Intermediate_Algebra	403	equation	-	vector	49	49	6	14	
Beginning_and_Intermediate_Algebra	403	equation	-	vector	126	49	5	17	
Beginning_and_Intermediate_Algebra	404	equation	-	vector	254	109	10	41	
Beginning_and_Intermediate_Algebra	404	equation	-	vector	282	37	2	12	
Beginning_and_Intermediate_Algebra	404	equation	-	vector	59	31	3	5	
Beginning_and_Intermediate_Algebra	404	equation	-	vector	60	31	3	6	
Beginning_and_Intermediate_Algebra	404	equation	-	vector	321	137	10	55	
Beginning_and_Intermediate_Algebra	404	equation	-	vector	88	81	5	12	
Beginning_and_Intermediate_Algebra	405	equation	-	vector	108	211	20	57	
Beginning_and_Intermediate_Algebra	405	equation	-	vector	97	209	20	51	
Beginning_and_Intermediate_Algebra	405	equation	-	vector	123	364	26	81	
Beginning_and_Intermediate_Algebra	405	equation	-	vector	122	361	30	89	
Beginning_and_Intermediate_Algebra	406	equation	-	vector	232	135	11	41	
Beginning_and_Intermediate_Algebra	407	equation	-	vector	227	121	11	41	
Beginning_and_Intermediate_Algebra	407	equation	-	vector	429	37	4	17	
Beginning_and_Intermediate_Algebra	407	equation	-	vector	366	187	19	60	
Beginning_and_Intermediate_Algebra	407	equation	-	vector	324	22	2	11	
Beginning_and_Intermediate_Algebra	407	equation	-	vector	395	191	19	76	
Beginning_and_Intermediate_Algebra	408	equation	-	vector	320	168	16	63	
Beginning_and_Intermediate_Algebra	408	equation	-	vector	290	36	3	13	
Beginning_and_Intermediate_Algebra	408	equation	-	vector	401	219	29	88	
Beginning_and_Intermediate_Algebra	409	equation	-	vector	141	569	34	95	
Beginning_and_Intermediate_Algebra	409	equation	-	vector	114	565	36	94	
Beginning_and_Intermediate_Algebra	410	equation	-	vector	429	46	7	45	
Beginning_and_Intermediate_Algebra	410	equation	-	vector	281	47	3	14	
Beginning_and_Intermediate_Algebra	410	equation	-	vector	291	124	18	37	
Beginning_and_Intermediate_Algebra	410	equation	-	vector	288	45	4	14	
Beginning_and_Intermediate_Algebra	411	equation	-	vector	251	92	8	33	
Beginning_and_Intermediate_Algebra	411	equation	-	vector	296	149	14	54	
Beginning_and_Intermediate_Algebra	411	equation	-	vector	262	125	15	39	
Beginning_and_Intermediate_Algebra	411	equation	-	vector	280	108	10	33	
Beginning_and_Intermediate_Algebra	412	equation	-	vector	204	63	4	14	
Beginning_and_Intermediate_Algebra	412	equation	-	vector	204	63	5	19	
Beginning_and_Intermediate_Algebra	412	equation	-	vector	321	74	7	22	
Beginning_and_Intermediate_Algebra	412	equation	-	vector	238	137	13	42	
Beginning_and_Intermediate_Algebra	413	equation	-	vector	86	74	3	14	
Beginning_and_Intermediate_Algebra	413	equation	-	vector	69	81	5	13	
Beginning_and_Intermediate_Algebra	413	equation	-	vector	129	212	9	47	
Beginning_and_Intermediate_Algebra	413	equation	-	vector	130	212	9	43	
Beginning_and_Intermediate_Algebra	413	equation	-	vector	85	74	6	15	
Beginning_and_Intermediate_Algebra	413	equation	-	vector	74	78	9	14	
Beginning_and_Intermediate_Algebra	413	equation	-	vector	9	23	2	2	
Beginning_and_Intermediate_Algebra	413	equation	-	vector	14	23	2	2	
Beginning_and_Intermediate_Algebra	414	equation	-	vector	274	124	8	30	
Beginning_and_Intermediate_Algebra	414	equation	-	vector	430	76	7	28	
Beginning_and_Intermediate_Algebra	415	equation	-	vector	244	76	4	11	
Beginning_and_Intermediate_Algebra	415	equation	-	vector	354	158	12	47	
Beginning_and_Intermediate_Algebra	415	equation	-	vector	425	141	11	37	
Beginning_and_Intermediate_Algebra	416	artwork	-	vector	143	109	14	14	
Beginning_and_Intermediate_Algebra	416	equation	-	vector	430	139	11	39	
Beginning_and_Intermediate_Algebra	416	equation	-	vector	272	116	6	27	
Beginning_and_Intermediate_Algebra	417	equation	-	vector	283	109	7	25	
Beginning_and_Intermediate_Algebra	417	equation	-	vector	290	109	7	27	
Beginning_and_Intermediate_Algebra	420	artwork	-	vector	97	98	3	3	
Beginning_and_Intermediate_Algebra	420	equation	-	vector	355	37	7	9	
Beginning_and_Intermediate_Algebra	421	artwork	-	vector	129	65	4	5	
Beginning_and_Intermediate_Algebra	421	artwork	-	vector	171	67	8	14	
Beginning_and_Intermediate_Algebra	421	equation	-	vector	128	84	27	27	
Beginning_and_Intermediate_Algebra	421	equation	-	vector	129	80	27	30	
Beginning_and_Intermediate_Algebra	422	artwork	-	vector	84	95	3	3	
Beginning_and_Intermediate_Algebra	422	artwork	-	vector	128	77	3	3	
Beginning_and_Intermediate_Algebra	422	equation	-	vector	239	30	4	9	
Beginning_and_Intermediate_Algebra	422	equation	-	vector	212	63	3	17	
Beginning_and_Intermediate_Algebra	422	equation	-	vector	245	31	4	9	
Beginning_and_Intermediate_Algebra	422	equation	-	vector	183	45	3	9	
Beginning_and_Intermediate_Algebra	422	equation	-	vector	54	31	5	5	
Beginning_and_Intermediate_Algebra	422	equation	-	vector	320	31	6	15	
Beginning_and_Intermediate_Algebra	423	artwork	-	vector	42	76	2	4	
Beginning_and_Intermediate_Algebra	423	artwork	-	vector	63	51	3	4	
Beginning_and_Intermediate_Algebra	423	artwork	-	vector	70	55	4	4	
Beginning_and_Intermediate_Algebra	423	artwork	-	vector	3	4	0	0	
Beginning_and_Intermediate_Algebra	423	artwork	-	vector	54	75	3	4	
Beginning_and_Intermediate_Algebra	423	artwork	-	vector	111	94	5	6	
Beginning_and_Intermediate_Algebra	423	artwork	-	vector	66	95	6	6	
Beginning_and_Intermediate_Algebra	423	artwork	-	vector	59	75	5	6	
Beginning_and_Intermediate_Algebra	423	artwork	-	vector	97	71	3	8	
Beginning_and_Intermediate_Algebra	424	artwork	-	vector	95	81	6	6	
Beginning_and_Intermediate_Algebra	424	artwork	-	vector	60	108	5	6	
Beginning_and_Intermediate_Algebra	424	artwork	-	vector	97	79	5	6	
Beginning_and_Intermediate_Algebra	424	artwork	-	vector	59	106	5	6	
Beginning_and_Intermediate_Algebra	424	artwork	-	vector	85	79	5	6	
Beginning_and_Intermediate_Algebra	424	artwork	-	vector	115	76	4	6	
Beginning_and_Intermediate_Algebra	424	artwork	-	vector	118	82	5	6	
Beginning_and_Intermediate_Algebra	424	artwork	-	vector	100	82	5	6	
Beginning_and_Intermediate_Algebra	425	artwork	-	vector	69	93	4	6	
Beginning_and_Intermediate_Algebra	425	artwork	-	vector	54	103	5	6	
Beginning_and_Intermediate_Algebra	425	artwork	-	vector	59	114	5	6	
Beginning_and_Intermediate_Algebra	425	artwork	-	vector	101	111	6	6	
Beginning_and_Intermediate_Algebra	425	artwork	-	vector	65	93	4	6	
Beginning_and_Intermediate_Algebra	425	artwork	-	vector	76	89	6	6	
Beginning_and_Intermediate_Algebra	425	artwork	-	vector	120	69	6	6	
Beginning_and_Intermediate_Algebra	425	artwork	-	vector	82	114	5	6	
Beginning_and_Intermediate_Algebra	426	artwork	-	vector	122	110	5	6	
Beginning_and_Intermediate_Algebra	426	artwork	-	vector	130	98	6	6	
Beginning_and_Intermediate_Algebra	426	artwork	-	vector	121	90	5	6	
Beginning_and_Intermediate_Algebra	426	artwork	-	vector	120	75	5	6	
Beginning_and_Intermediate_Algebra	426	artwork	-	vector	162	87	5	6	
Beginning_and_Intermediate_Algebra	426	artwork	-	vector	96	117	6	6	
Beginning_and_Intermediate_Algebra	426	artwork	-	vector	121	99	6	6	
Beginning_and_Intermediate_Algebra	426	artwork	-	vector	89	107	5	6	
Beginning_and_Intermediate_Algebra	427	artwork	-	vector	126	101	6	6	
Beginning_and_Intermediate_Algebra	427	artwork	-	vector	133	98	6	6	
Beginning_and_Intermediate_Algebra	427	artwork	-	vector	138	88	6	6	
Beginning_and_Intermediate_Algebra	427	artwork	-	vector	126	84	5	6	
Beginning_and_Intermediate_Algebra	428	equation	-	vector	427	52	4	15	
Beginning_and_Intermediate_Algebra	428	equation	-	vector	375	64	6	24	
Beginning_and_Intermediate_Algebra	428	equation	-	vector	388	64	6	24	
Beginning_and_Intermediate_Algebra	428	equation	-	vector	383	64	6	26	
Beginning_and_Intermediate_Algebra	429	artwork	-	vector	83	97	3	3	
Beginning_and_Intermediate_Algebra	429	equation	-	vector	374	48	13	23	
Beginning_and_Intermediate_Algebra	429	artwork	-	vector	157	68	3	3	
Beginning_and_Intermediate_Algebra	429	equation	-	vector	69	48	3	4	
Beginning_and_Intermediate_Algebra	430	artwork	-	vector	114	92	2	2	
Beginning_and_Intermediate_Algebra	430	artwork	-	vector	117	87	4	4	
Beginning_and_Intermediate_Algebra	430	equation	-	vector	380	99	8	34	
Beginning_and_Intermediate_Algebra	430	equation	-	vector	365	108	12	43	
Beginning_and_Intermediate_Algebra	431	artwork	-	vector	162	49	2	2	
Beginning_and_Intermediate_Algebra	431	equation	-	vector	160	48	3	8	
Beginning_and_Intermediate_Algebra	431	artwork	-	vector	277	48	4	6	
Beginning_and_Intermediate_Algebra	431	equation	-	vector	299	99	10	34	
Beginning_and_Intermediate_Algebra	432	artwork	-	vector	105	74	3	3	
Beginning_and_Intermediate_Algebra	432	artwork	-	vector	101	82	3	3	
Beginning_and_Intermediate_Algebra	432	artwork	-	vector	98	80	3	3	
Beginning_and_Intermediate_Algebra	432	artwork	-	vector	84	56	3	3	
Beginning_and_Intermediate_Algebra	432	artwork	-	vector	123	59	2	3	
Beginning_and_Intermediate_Algebra	432	artwork	-	vector	105	87	3	3	
Beginning_and_Intermediate_Algebra	432	equation	-	vector	99	55	2	10	
Beginning_and_Intermediate_Algebra	432	equation	-	vector	100	55	2	10	
Beginning_and_Intermediate_Algebra	433	artwork	-	vector	120	101	4	6	
Beginning_and_Intermediate_Algebra	433	artwork	-	vector	107	107	6	6	
Beginning_and_Intermediate_Algebra	433	artwork	-	vector	75	108	6	6	
Beginning_and_Intermediate_Algebra	433	artwork	-	vector	124	104	6	6	
Beginning_and_Intermediate_Algebra	433	artwork	-	vector	111	98	6	6	
Beginning_and_Intermediate_Algebra	433	artwork	-	vector	118	101	6	6	
Beginning_and_Intermediate_Algebra	433	artwork	-	vector	111	122	6	6	
Beginning_and_Intermediate_Algebra	433	artwork	-	vector	155	96	6	6	
Beginning_and_Intermediate_Algebra	434	artwork	-	vector	137	110	6	6	
Beginning_and_Intermediate_Algebra	434	artwork	-	vector	87	105	6	6	
Beginning_and_Intermediate_Algebra	434	artwork	-	vector	130	91	6	6	
Beginning_and_Intermediate_Algebra	434	artwork	-	vector	133	99	6	6	
Beginning_and_Intermediate_Algebra	434	artwork	-	vector	135	82	6	6	
Beginning_and_Intermediate_Algebra	434	artwork	-	vector	139	106	5	6	
Beginning_and_Intermediate_Algebra	434	artwork	-	vector	118	110	6	6	
Beginning_and_Intermediate_Algebra	434	artwork	-	vector	138	78	4	6	
Beginning_and_Intermediate_Algebra	435	artwork	-	vector	115	111	5	6	
Beginning_and_Intermediate_Algebra	435	artwork	-	vector	147	93	6	6	
Beginning_and_Intermediate_Algebra	435	artwork	-	vector	129	78	5	6	
Beginning_and_Intermediate_Algebra	435	artwork	-	vector	108	98	6	6	
Beginning_and_Intermediate_Algebra	435	artwork	-	vector	135	98	4	5	
Beginning_and_Intermediate_Algebra	435	artwork	-	vector	138	84	4	5	
Beginning_and_Intermediate_Algebra	435	artwork	-	vector	133	100	5	5	
Beginning_and_Intermediate_Algebra	435	artwork	-	vector	139	89	4	5	
Beginning_and_Intermediate_Algebra	436	artwork	-	vector	101	86	5	5	
Beginning_and_Intermediate_Algebra	436	artwork	-	vector	105	102	4	5	
Beginning_and_Intermediate_Algebra	436	artwork	-	vector	114	118	4	5	
Beginning_and_Intermediate_Algebra	436	artwork	-	vector	63	117	4	5	
Beginning_and_Intermediate_Algebra	436	artwork	-	vector	133	90	4	5	
Beginning_and_Intermediate_Algebra	436	artwork	-	vector	77	116	5	5	
Beginning_and_Intermediate_Algebra	438	equation	-	vector	24	23	2	3	
Beginning_and_Intermediate_Algebra	438	equation	-	vector	24	23	2	3	
Beginning_and_Intermediate_Algebra	438	equation	-	vector	24	23	2	3	
Beginning_and_Intermediate_Algebra	438	equation	-	vector	24	23	2	3	
Beginning_and_Intermediate_Algebra	438	equation	-	vector	24	23	2	3	
Beginning_and_Intermediate_Algebra	438	equation	-	vector	24	23	2	3	
Beginning_and_Intermediate_Algebra	439	equation	-	vector	35	22	2	3	
Beginning_and_Intermediate_Algebra	439	equation	-	vector	30	23	2	3	
Beginning_and_Intermediate_Algebra	439	equation	-	vector	30	23	2	3	
Beginning_and_Intermediate_Algebra	439	equation	-	vector	34	23	2	3	
Beginning_and_Intermediate_Algebra	439	equation	-	vector	34	22	2	3	
Beginning_and_Intermediate_Algebra	439	equation	-	vector	34	23	2	3	
Beginning_and_Intermediate_Algebra	439	equation	-	vector	35	22	2	3	
Beginning_and_Intermediate_Algebra	439	equation	-	vector	30	23	2	3	
Beginning_and_Intermediate_Algebra	439	equation	-	vector	35	22	2	3	
Beginning_and_Intermediate_Algebra	439	equation	-	vector	30	23	2	3	
Beginning_and_Intermediate_Algebra	439	equation	-	vector	35	22	2	3	
Beginning_and_Intermediate_Algebra	439	equation	-	vector	34	22	2	3	
Beginning_and_Intermediate_Algebra	439	equation	-	vector	30	356	28	42	
Beginning_and_Intermediate_Algebra	439	equation	-	vector	48	151	15	18	
Beginning_and_Intermediate_Algebra	439	equation	-	vector	48	79	7	9	
Beginning_and_Intermediate_Algebra	439	equation	-	vector	48	75	8	9	
Beginning_and_Intermediate_Algebra	439	equation	-	vector	43	49	5	6	
Beginning_and_Intermediate_Algebra	439	equation	-	vector	48	49	5	6	
Beginning_and_Intermediate_Algebra	439	equation	-	vector	48	76	8	9	
Beginning_and_Intermediate_Algebra	439	equation	-	vector	48	75	8	9	
Beginning_and_Intermediate_Algebra	439	equation	-	vector	48	69	6	8	
Beginning_and_Intermediate_Algebra	439	equation	-	vector	48	27	3	3	
Beginning_and_Intermediate_Algebra	439	equation	-	vector	44	51	5	6	
Beginning_and_Intermediate_Algebra	439	equation	-	vector	44	51	5	6	
Beginning_and_Intermediate_Algebra	439	equation	-	vector	44	28	3	3	
Beginning_and_Intermediate_Algebra	439	equation	-	vector	52	107	11	12	
Beginning_and_Intermediate_Algebra	439	equation	-	vector	48	134	14	15	
Beginning_and_Intermediate_Algebra	439	equation	-	vector	44	51	5	6	
Beginning_and_Intermediate_Algebra	443	equation	-	vector	30	21	2	3	
Beginning_and_Intermediate_Algebra	443	equation	-	vector	30	23	2	3	
Beginning_and_Intermediate_Algebra	443	equation	-	vector	30	23	2	3	
Beginning_and_Intermediate_Algebra	443	equation	-	vector	77	28	3	7	
Beginning_and_Intermediate_Algebra	443	equation	-	vector	74	28	3	5	
Beginning_and_Intermediate_Algebra	443	equation	-	vector	91	29	3	7	
Beginning_and_Intermediate_Algebra	443	equation	-	vector	42	206	20	24	
Beginning_and_Intermediate_Algebra	443	equation	-	vector	43	102	10	12	
Beginning_and_Intermediate_Algebra	443	equation	-	vector	43	27	3	3	
Beginning_and_Intermediate_Algebra	443	equation	-	vector	44	28	3	3	
Beginning_and_Intermediate_Algebra	443	equation	-	vector	44	114	11	12	
Beginning_and_Intermediate_Algebra	443	equation	-	vector	62	242	28	45	
Beginning_and_Intermediate_Algebra	443	equation	-	vector	94	244	23	56	
Beginning_and_Intermediate_Algebra	443	equation	-	vector	89	145	13	29	
Beginning_and_Intermediate_Algebra	444	equation	-	vector	60	27	3	5	
Beginning_and_Intermediate_Algebra	444	equation	-	vector	71	28	3	5	
Beginning_and_Intermediate_Algebra	444	equation	-	vector	60	125	9	18	
Beginning_and_Intermediate_Algebra	444	equation	-	vector	73	120	9	16	
Beginning_and_Intermediate_Algebra	444	equation	-	vector	97	181	22	41	
Beginning_and_Intermediate_Algebra	444	equation	-	vector	79	183	22	45	
Beginning_and_Intermediate_Algebra	444	equation	-	vector	79	151	15	30	
Beginning_and_Intermediate_Algebra	444	equation	-	vector	66	209	21	37	
Beginning_and_Intermediate_Algebra	444	equation	-	vector	66	296	31	52	
Beginning_and_Intermediate_Algebra	444	equation	-	vector	61	52	5	9	
Beginning_and_Intermediate_Algebra	444	equation	-	vector	67	28	5	6	
Beginning_and_Intermediate_Algebra	444	equation	-	vector	55	28	3	4	
Beginning_and_Intermediate_Algebra	444	equation	-	vector	41	23	3	4	
Beginning_and_Intermediate_Algebra	444	equation	-	vector	75	28	5	6	
Beginning_and_Intermediate_Algebra	444	equation	-	vector	75	27	5	5	
Beginning_and_Intermediate_Algebra	444	equation	-	vector	57	27	3	4	
Beginning_and_Intermediate_Algebra	444	equation	-	vector	56	118	13	17	
Beginning_and_Intermediate_Algebra	445	equation	-	vector	29	23	2	3	
Beginning_and_Intermediate_Algebra	445	equation	-	vector	84	105	7	14	
Beginning_and_Intermediate_Algebra	445	equation	-	vector	61	28	1	4	
Beginning_and_Intermediate_Algebra	445	equation	-	vector	104	29	1	5	
Beginning_and_Intermediate_Algebra	445	equation	-	vector	70	28	1	4	
Beginning_and_Intermediate_Algebra	446	equation	-	vector	64	48	5	12	
Beginning_and_Intermediate_Algebra	446	equation	-	vector	33	22	2	3	
Beginning_and_Intermediate_Algebra	446	equation	-	vector	30	23	2	3	
Beginning_and_Intermediate_Algebra	446	equation	-	vector	35	23	2	3	
Beginning_and_Intermediate_Algebra	446	equation	-	vector	30	23	2	3	
Beginning_and_Intermediate_Algebra	447	artwork	-	vector	203	122	9	10	
Beginning_and_Intermediate_Algebra	447	artwork	-	vector	126	75	0	0	
Beginning_and_Intermediate_Algebra	447	artwork	-	vector	126	75	0	0	
Beginning_and_Intermediate_Algebra	447	artwork	-	vector	126	76	0	0	
Beginning_and_Intermediate_Algebra	447	artwork	-	vector	126	76	0	0	
Beginning_and_Intermediate_Algebra	447	artwork	-	vector	126	75	0	0	
Beginning_and_Intermediate_Algebra	447	artwork	-	vector	126	75	0	0	
Beginning_and_Intermediate_Algebra	447	artwork	-	vector	126	76	0	0	
Beginning_and_Intermediate_Algebra	447	artwork	-	vector	126	76	0	0	
Beginning_and_Intermediate_Algebra	447	artwork	-	vector	126	76	0	0	
Beginning_and_Intermediate_Algebra	447	artwork	-	vector	126	75	0	0	
Beginning_and_Intermediate_Algebra	447	artwork	-	vector	126	76	0	0	
Beginning_and_Intermediate_Algebra	447	artwork	-	vector	126	76	0	0	
Beginning_and_Intermediate_Algebra	448	artwork	-	vector	126	76	0	0	
Beginning_and_Intermediate_Algebra	448	artwork	-	vector	126	76	0	0	
Beginning_and_Intermediate_Algebra	448	artwork	-	vector	126	76	0	0	
Beginning_and_Intermediate_Algebra	448	artwork	-	vector	126	76	0	0	
Beginning_and_Intermediate_Algebra	448	artwork	-	vector	126	76	0	0	
Beginning_and_Intermediate_Algebra	448	artwork	-	vector	126	76	0	0	
Beginning_and_Intermediate_Algebra	448	artwork	-	vector	126	75	0	0	
Beginning_and_Intermediate_Algebra	448	artwork	-	vector	126	76	0	0	
Beginning_and_Intermediate_Algebra	448	equation	-	vector	24	23	2	3	
Beginning_and_Intermediate_Algebra	448	equation	-	vector	35	23	2	3	
Beginning_and_Intermediate_Algebra	448	equation	-	vector	38	116	11	14	
Beginning_and_Intermediate_Algebra	448	equation	-	vector	48	77	8	9	
Beginning_and_Intermediate_Algebra	448	equation	-	vector	48	52	5	6	
Beginning_and_Intermediate_Algebra	448	equation	-	vector	48	128	12	15	
Beginning_and_Intermediate_Algebra	448	equation	-	vector	48	103	11	12	
Beginning_and_Intermediate_Algebra	448	equation	-	vector	48	51	5	6	
Beginning_and_Intermediate_Algebra	449	artwork	-	vector	126	75	0	0	
Beginning_and_Intermediate_Algebra	449	artwork	-	vector	126	76	0	0	
Beginning_and_Intermediate_Algebra	449	artwork	-	vector	126	76	0	0	
Beginning_and_Intermediate_Algebra	449	artwork	-	vector	126	76	0	0	
Beginning_and_Intermediate_Algebra	449	artwork	-	vector	126	76	0	0	
Beginning_and_Intermediate_Algebra	449	artwork	-	vector	126	75	0	0	
Beginning_and_Intermediate_Algebra	449	artwork	-	vector	126	75	0	0	
Beginning_and_Intermediate_Algebra	449	artwork	-	vector	126	75	0	0	
Beginning_and_Intermediate_Algebra	449	artwork	-	vector	126	76	0	0	
Beginning_and_Intermediate_Algebra	449	artwork	-	vector	126	76	0	0	
Beginning_and_Intermediate_Algebra	449	artwork	-	vector	126	75	0	0	
Beginning_and_Intermediate_Algebra	449	artwork	-	vector	126	75	0	0	
Beginning_and_Intermediate_Algebra	449	equation	-	vector	90	53	6	12	
Beginning_and_Intermediate_Algebra	449	equation	-	vector	99	646	63	148	
Beginning_and_Intermediate_Algebra	450	equation	-	vector	119	184	11	36	
Beginning_and_Intermediate_Algebra	450	equation	-	vector	125	440	34	115	
Beginning_and_Intermediate_Algebra	450	equation	-	vector	119	436	43	97	
Beginning_and_Intermediate_Algebra	450	equation	-	vector	118	430	44	101	
Beginning_and_Intermediate_Algebra	450	equation	-	vector	38	26	3	3	
Beginning_and_Intermediate_Algebra	450	equation	-	vector	42	26	3	3	
Beginning_and_Intermediate_Algebra	450	equation	-	vector	38	70	6	8	
Beginning_and_Intermediate_Algebra	450	equation	-	vector	43	68	7	8	
Beginning_and_Intermediate_Algebra	450	equation	-	vector	43	28	3	3	
Beginning_and_Intermediate_Algebra	451	equation	-	vector	119	224	15	59	
Beginning_and_Intermediate_Algebra	451	equation	-	vector	91	214	14	40	
Beginning_and_Intermediate_Algebra	451	equation	-	vector	78	166	7	29	
Beginning_and_Intermediate_Algebra	451	equation	-	vector	131	127	5	27	
Beginning_and_Intermediate_Algebra	451	equation	-	vector	139	399	18	96	
Beginning_and_Intermediate_Algebra	451	equation	-	vector	118	214	25	55	
Beginning_and_Intermediate_Algebra	452	equation	-	vector	98	54	2	9	
Beginning_and_Intermediate_Algebra	452	equation	-	vector	104	36	1	6	
Beginning_and_Intermediate_Algebra	452	equation	-	vector	247	314	13	121	
Beginning_and_Intermediate_Algebra	452	equation	-	vector	233	167	7	57	
Beginning_and_Intermediate_Algebra	453	equation	-	vector	243	201	8	72	
Beginning_and_Intermediate_Algebra	453	equation	-	vector	135	132	7	30	
Beginning_and_Intermediate_Algebra	453	equation	-	vector	146	192	17	55	
Beginning_and_Intermediate_Algebra	453	equation	-	vector	147	197	18	47	
Beginning_and_Intermediate_Algebra	453	equation	-	vector	58	27	5	6	
Beginning_and_Intermediate_Algebra	455	equation	-	vector	79	47	4	9	
Beginning_and_Intermediate_Algebra	455	equation	-	vector	75	28	6	10	
Beginning_and_Intermediate_Algebra	457	equation	-	vector	40	24	2	3	
Beginning_and_Intermediate_Algebra	457	equation	-	vector	43	24	2	3	
Beginning_and_Intermediate_Algebra	457	equation	-	vector	34	24	2	3	
Beginning_and_Intermediate_Algebra	457	equation	-	vector	39	24	2	2	
Beginning_and_Intermediate_Algebra	457	equation	-	vector	38	24	2	3	
Beginning_and_Intermediate_Algebra	457	equation	-	vector	51	24	2	3	
Beginning_and_Intermediate_Algebra	457	equation	-	vector	43	24	2	3	
Beginning_and_Intermediate_Algebra	457	equation	-	vector	39	24	2	2	
Beginning_and_Intermediate_Algebra	457	equation	-	vector	40	24	2	3	
Beginning_and_Intermediate_Algebra	457	equation	-	vector	36	24	2	3	
Beginning_and_Intermediate_Algebra	458	equation	-	vector	44	48	4	6	
Beginning_and_Intermediate_Algebra	458	equation	-	vector	38	24	2	2	
Beginning_and_Intermediate_Algebra	458	equation	-	vector	50	50	4	6	
Beginning_and_Intermediate_Algebra	458	equation	-	vector	35	23	2	3	
Beginning_and_Intermediate_Algebra	458	equation	-	vector	43	23	2	3	
Beginning_and_Intermediate_Algebra	458	equation	-	vector	34	23	2	2	
Beginning_and_Intermediate_Algebra	458	equation	-	vector	47	23	2	3	
Beginning_and_Intermediate_Algebra	458	equation	-	vector	38	24	2	2	
Beginning_and_Intermediate_Algebra	458	equation	-	vector	51	23	2	3	
Beginning_and_Intermediate_Algebra	458	equation	-	vector	52	24	2	2	
Beginning_and_Intermediate_Algebra	458	equation	-	vector	48	23	2	4	
Beginning_and_Intermediate_Algebra	458	equation	-	vector	46	24	2	2	
Beginning_and_Intermediate_Algebra	458	equation	-	vector	45	24	2	3	
Beginning_and_Intermediate_Algebra	458	equation	-	vector	49	24	2	2	
Beginning_and_Intermediate_Algebra	458	equation	-	vector	42	24	2	2	
Beginning_and_Intermediate_Algebra	458	equation	-	vector	43	24	2	2	
Beginning_and_Intermediate_Algebra	458	equation	-	vector	43	48	4	6	
Beginning_and_Intermediate_Algebra	458	equation	-	vector	43	147	12	15	
Beginning_and_Intermediate_Algebra	460	equation	-	vector	75	23	3	8	
Beginning_and_Intermediate_Algebra	460	equation	-	vector	87	24	3	7	
Beginning_and_Intermediate_Algebra	460	equation	-	vector	86	24	2	6	
Beginning_and_Intermediate_Algebra	460	equation	-	vector	72	24	4	9	
Beginning_and_Intermediate_Algebra	461	equation	-	vector	92	50	4	14	
Beginning_and_Intermediate_Algebra	461	equation	-	vector	90	55	4	14	
Beginning_and_Intermediate_Algebra	461	equation	-	vector	119	28	2	9	
Beginning_and_Intermediate_Algebra	461	equation	-	vector	117	28	2	8	
Beginning_and_Intermediate_Algebra	461	equation	-	vector	128	28	4	10	
Beginning_and_Intermediate_Algebra	461	equation	-	vector	125	28	3	9	
Beginning_and_Intermediate_Algebra	461	equation	-	vector	93	336	32	86	
Beginning_and_Intermediate_Algebra	461	equation	-	vector	94	29	3	6	
Beginning_and_Intermediate_Algebra	461	equation	-	vector	120	218	24	60	
Beginning_and_Intermediate_Algebra	461	equation	-	vector	127	28	4	9	
Beginning_and_Intermediate_Algebra	461	equation	-	vector	114	59	7	18	
Beginning_and_Intermediate_Algebra	461	equation	-	vector	118	59	5	16	
Beginning_and_Intermediate_Algebra	461	equation	-	vector	116	59	5	19	
Beginning_and_Intermediate_Algebra	462	equation	-	vector	183	28	1	7	
Beginning_and_Intermediate_Algebra	465	equation	-	vector	49	45	4	8	
Beginning_and_Intermediate_Algebra	465	equation	-	vector	66	99	9	20	
Beginning_and_Intermediate_Algebra	465	equation	-	vector	66	57	6	10	
Beginning_and_Intermediate_Algebra	465	equation	-	vector	61	122	13	23	
Beginning_and_Intermediate_Algebra	465	equation	-	vector	66	116	13	21	
Beginning_and_Intermediate_Algebra	466	equation	-	vector	202	28	3	10	
Beginning_and_Intermediate_Algebra	466	equation	-	vector	24	23	2	3	
Beginning_and_Intermediate_Algebra	466	equation	-	vector	35	23	2	3	
Beginning_and_Intermediate_Algebra	466	equation	-	vector	51	23	2	5	
Beginning_and_Intermediate_Algebra	466	equation	-	vector	55	48	4	10	
Beginning_and_Intermediate_Algebra	466	equation	-	vector	49	23	2	6	
Beginning_and_Intermediate_Algebra	466	equation	-	vector	44	23	2	5	
Beginning_and_Intermediate_Algebra	466	equation	-	vector	49	23	2	4	
Beginning_and_Intermediate_Algebra	466	equation	-	vector	55	23	2	6	
Beginning_and_Intermediate_Algebra	466	equation	-	vector	49	23	2	4	
Beginning_and_Intermediate_Algebra	466	equation	-	vector	55	23	2	7	
Beginning_and_Intermediate_Algebra	466	equation	-	vector	56	24	2	6	
Beginning_and_Intermediate_Algebra	466	equation	-	vector	81	23	2	8	
Beginning_and_Intermediate_Algebra	466	equation	-	vector	60	29	2	6	
Beginning_and_Intermediate_Algebra	466	equation	-	vector	60	29	2	6	
Beginning_and_Intermediate_Algebra	466	equation	-	vector	29	23	2	3	
Beginning_and_Intermediate_Algebra	466	equation	-	vector	38	53	5	6	
Beginning_and_Intermediate_Algebra	466	equation	-	vector	38	28	3	3	
Beginning_and_Intermediate_Algebra	466	equation	-	vector	54	163	15	22	
Beginning_and_Intermediate_Algebra	466	equation	-	vector	69	124	10	18	
Beginning_and_Intermediate_Algebra	466	equation	-	vector	44	48	4	8	
Beginning_and_Intermediate_Algebra	466	equation	-	vector	48	75	6	17	
Beginning_and_Intermediate_Algebra	466	equation	-	vector	56	50	4	10	
Beginning_and_Intermediate_Algebra	466	equation	-	vector	49	49	4	11	
Beginning_and_Intermediate_Algebra	466	equation	-	vector	58	54	4	11	
Beginning_and_Intermediate_Algebra	466	equation	-	vector	56	54	4	11	
Beginning_and_Intermediate_Algebra	466	equation	-	vector	36	48	4	6	
Beginning_and_Intermediate_Algebra	467	equation	-	vector	33	24	2	3	
Beginning_and_Intermediate_Algebra	467	equation	-	vector	29	23	2	3	
Beginning_and_Intermediate_Algebra	467	equation	-	vector	29	23	2	3	
Beginning_and_Intermediate_Algebra	467	equation	-	vector	42	23	2	5	
Beginning_and_Intermediate_Algebra	467	equation	-	vector	30	23	2	3	
Beginning_and_Intermediate_Algebra	467	equation	-	vector	49	29	2	4	
Beginning_and_Intermediate_Algebra	467	equation	-	vector	49	29	2	5	
Beginning_and_Intermediate_Algebra	467	equation	-	vector	49	29	2	5	
Beginning_and_Intermediate_Algebra	467	equation	-	vector	58	23	2	4	
Beginning_and_Intermediate_Algebra	467	equation	-	vector	45	23	2	5	
Beginning_and_Intermediate_Algebra	467	equation	-	vector	55	23	2	5	
Beginning_and_Intermediate_Algebra	467	equation	-	vector	56	23	2	5	
Beginning_and_Intermediate_Algebra	467	equation	-	vector	55	23	2	7	
Beginning_and_Intermediate_Algebra	467	equation	-	vector	45	23	2	5	
Beginning_and_Intermediate_Algebra	467	equation	-	vector	43	23	2	5	
Beginning_and_Intermediate_Algebra	467	equation	-	vector	35	23	2	3	
Beginning_and_Intermediate_Algebra	467	equation	-	vector	30	22	2	3	
Beginning_and_Intermediate_Algebra	467	equation	-	vector	48	23	2	5	
Beginning_and_Intermediate_Algebra	467	equation	-	vector	45	23	2	5	
Beginning_and_Intermediate_Algebra	467	equation	-	vector	56	23	2	6	
Beginning_and_Intermediate_Algebra	467	equation	-	vector	49	50	4	7	
Beginning_and_Intermediate_Algebra	467	equation	-	vector	49	48	4	9	
Beginning_and_Intermediate_Algebra	467	equation	-	vector	45	48	4	9	
Beginning_and_Intermediate_Algebra	467	equation	-	vector	58	150	13	27	
Beginning_and_Intermediate_Algebra	468	equation	-	vector	82	24	4	6	
Beginning_and_Intermediate_Algebra	468	equation	-	vector	38	23	2	5	
Beginning_and_Intermediate_Algebra	468	equation	-	vector	268	276	45	162	
Beginning_and_Intermediate_Algebra	468	equation	-	vector	43	74	6	16	
Beginning_and_Intermediate_Algebra	469	equation	-	vector	64	23	2	6	
Beginning_and_Intermediate_Algebra	469	equation	-	vector	67	23	2	9	
Beginning_and_Intermediate_Algebra	469	equation	-	vector	71	29	3	7	
Beginning_and_Intermediate_Algebra	469	equation	-	vector	81	29	2	10	
Beginning_and_Intermediate_Algebra	469	equation	-	vector	76	23	2	8	
Beginning_and_Intermediate_Algebra	469	equation	-	vector	71	29	2	8	
Beginning_and_Intermediate_Algebra	469	equation	-	vector	76	29	2	7	
Beginning_and_Intermediate_Algebra	469	equation	-	vector	67	23	2	8	
Beginning_and_Intermediate_Algebra	469	equation	-	vector	70	48	6	12	
Beginning_and_Intermediate_Algebra	469	equation	-	vector	45	23	2	5	
Beginning_and_Intermediate_Algebra	469	equation	-	vector	45	22	2	4	
Beginning_and_Intermediate_Algebra	469	equation	-	vector	72	30	3	7	
Beginning_and_Intermediate_Algebra	469	equation	-	vector	85	348	34	75	
Beginning_and_Intermediate_Algebra	469	equation	-	vector	55	50	4	12	
Beginning_and_Intermediate_Algebra	469	equation	-	vector	79	105	10	27	
Beginning_and_Intermediate_Algebra	469	equation	-	vector	76	49	4	15	
Beginning_and_Intermediate_Algebra	469	equation	-	vector	77	101	8	32	
Beginning_and_Intermediate_Algebra	469	equation	-	vector	48	60	6	10	
Beginning_and_Intermediate_Algebra	469	equation	-	vector	49	54	4	9	
Beginning_and_Intermediate_Algebra	469	equation	-	vector	39	48	4	7	
Beginning_and_Intermediate_Algebra	469	equation	-	vector	72	224	23	43	
Beginning_and_Intermediate_Algebra	469	equation	-	vector	58	73	6	14	
Beginning_and_Intermediate_Algebra	469	equation	-	vector	90	125	12	30	
Beginning_and_Intermediate_Algebra	469	equation	-	vector	61	107	9	21	
Beginning_and_Intermediate_Algebra	469	equation	-	vector	61	56	6	8	
Beginning_and_Intermediate_Algebra	470	equation	-	vector	52	24	2	4	
Beginning_and_Intermediate_Algebra	470	equation	-	vector	49	23	2	6	
Beginning_and_Intermediate_Algebra	470	equation	-	vector	85	53	4	11	
Beginning_and_Intermediate_Algebra	470	equation	-	vector	24	23	2	3	
Beginning_and_Intermediate_Algebra	470	equation	-	vector	46	23	2	5	
Beginning_and_Intermediate_Algebra	470	equation	-	vector	55	82	8	13	
Beginning_and_Intermediate_Algebra	470	equation	-	vector	76	74	3	12	
Beginning_and_Intermediate_Algebra	470	equation	-	vector	66	325	32	57	
Beginning_and_Intermediate_Algebra	470	equation	-	vector	88	335	26	67	
Beginning_and_Intermediate_Algebra	470	equation	-	vector	50	28	5	6	
Beginning_and_Intermediate_Algebra	470	equation	-	vector	48	72	7	8	
Beginning_and_Intermediate_Algebra	471	equation	-	vector	43	43	3	5	
Beginning_and_Intermediate_Algebra	471	equation	-	vector	35	23	2	3	
Beginning_and_Intermediate_Algebra	471	equation	-	vector	30	23	2	3	
Beginning_and_Intermediate_Algebra	471	equation	-	vector	42	61	2	8	
Beginning_and_Intermediate_Algebra	471	equation	-	vector	55	27	3	4	
Beginning_and_Intermediate_Algebra	471	equation	-	vector	34	47	4	6	
Beginning_and_Intermediate_Algebra	471	equation	-	vector	43	48	4	5	
Beginning_and_Intermediate_Algebra	472	equation	-	vector	73	315	21	49	
Beginning_and_Intermediate_Algebra	472	equation	-	vector	61	345	19	47	
Beginning_and_Intermediate_Algebra	472	equation	-	vector	82	315	23	47	
Beginning_and_Intermediate_Algebra	472	equation	-	vector	93	319	23	46	
Beginning_and_Intermediate_Algebra	472	equation	-	vector	123	345	24	48	
Beginning_and_Intermediate_Algebra	472	equation	-	vector	129	353	30	62	
Beginning_and_Intermediate_Algebra	473	equation	-	vector	102	502	27	119	
Beginning_and_Intermediate_Algebra	473	equation	-	vector	210	500	29	128	
Beginning_and_Intermediate_Algebra	473	equation	-	vector	75	113	8	16	
Beginning_and_Intermediate_Algebra	473	equation	-	vector	210	117	7	30	
Beginning_and_Intermediate_Algebra	474	equation	-	vector	35	23	2	3	
Beginning_and_Intermediate_Algebra	474	equation	-	vector	191	258	21	63	
Beginning_and_Intermediate_Algebra	474	equation	-	vector	174	361	34	102	
Beginning_and_Intermediate_Algebra	474	equation	-	vector	56	408	40	62	
Beginning_and_Intermediate_Algebra	474	equation	-	vector	73	246	23	56	
Beginning_and_Intermediate_Algebra	475	equation	-	vector	44	30	6	7	
Beginning_and_Intermediate_Algebra	475	equation	-	vector	36	31	4	4	
Beginning_and_Intermediate_Algebra	475	equation	-	vector	45	30	6	7	
Beginning_and_Intermediate_Algebra	475	equation	-	vector	36	30	4	5	
Beginning_and_Intermediate_Algebra	475	artwork	-	vector	138	292	21	65	
Beginning_and_Intermediate_Algebra	475	artwork	-	vector	118	289	24	95	
Beginning_and_Intermediate_Algebra	475	equation	-	vector	57	134	13	26	
Beginning_and_Intermediate_Algebra	475	equation	-	vector	29	22	3	4	
Beginning_and_Intermediate_Algebra	475	equation	-	vector	44	44	6	8	
Beginning_and_Intermediate_Algebra	475	equation	-	vector	48	79	11	15	
Beginning_and_Intermediate_Algebra	475	equation	-	vector	39	63	8	10	
Beginning_and_Intermediate_Algebra	475	equation	-	vector	50	22	3	4	
Beginning_and_Intermediate_Algebra	475	equation	-	vector	37	22	3	4	
Beginning_and_Intermediate_Algebra	475	equation	-	vector	44	71	12	14	
Beginning_and_Intermediate_Algebra	475	equation	-	vector	44	30	4	5	
Beginning_and_Intermediate_Algebra	475	equation	-	vector	39	38	6	6	
Beginning_and_Intermediate_Algebra	475	equation	-	vector	42	37	6	6	
Beginning_and_Intermediate_Algebra	475	equation	-	vector	36	37	6	7	
Beginning_and_Intermediate_Algebra	475	equation	-	vector	43	22	3	4	
Beginning_and_Intermediate_Algebra	475	equation	-	vector	39	37	6	6	
Beginning_and_Intermediate_Algebra	475	equation	-	vector	36	37	6	6	
Beginning_and_Intermediate_Algebra	476	equation	-	vector	90	436	34	54	
Beginning_and_Intermediate_Algebra	476	equation	-	vector	55	22	5	7	
Beginning_and_Intermediate_Algebra	476	equation	-	vector	68	125	11	16	
Beginning_and_Intermediate_Algebra	476	equation	-	vector	153	584	44	88	
Beginning_and_Intermediate_Algebra	477	equation	-	vector	59	23	2	4	
Beginning_and_Intermediate_Algebra	477	equation	-	vector	56	23	2	4	
Beginning_and_Intermediate_Algebra	477	equation	-	vector	24	23	2	3	
Beginning_and_Intermediate_Algebra	477	equation	-	vector	59	47	4	10	
Beginning_and_Intermediate_Algebra	477	equation	-	vector	55	123	10	22	
Beginning_and_Intermediate_Algebra	477	equation	-	vector	63	167	13	30	
Beginning_and_Intermediate_Algebra	477	equation	-	vector	61	147	11	28	
Beginning_and_Intermediate_Algebra	478	equation	-	vector	77	27	3	5	
Beginning_and_Intermediate_Algebra	478	equation	-	vector	203	78	9	23	
Beginning_and_Intermediate_Algebra	478	equation	-	vector	192	28	5	6	
Beginning_and_Intermediate_Algebra	478	equation	-	vector	56	175	11	30	
Beginning_and_Intermediate_Algebra	478	equation	-	vector	67	116	18	23	
Beginning_and_Intermediate_Algebra	478	equation	-	vector	48	27	3	3	
Beginning_and_Intermediate_Algebra	478	equation	-	vector	373	385	88	235	
Beginning_and_Intermediate_Algebra	479	equation	-	vector	122	60	5	13	
Beginning_and_Intermediate_Algebra	479	equation	-	vector	123	229	39	95	
Beginning_and_Intermediate_Algebra	479	equation	-	vector	123	69	11	31	
Beginning_and_Intermediate_Algebra	479	equation	-	vector	123	241	48	105	
Beginning_and_Intermediate_Algebra	479	equation	-	vector	204	117	19	43	
Beginning_and_Intermediate_Algebra	479	equation	-	vector	53	51	6	8	
Beginning_and_Intermediate_Algebra	479	equation	-	vector	111	268	45	86	
Beginning_and_Intermediate_Algebra	479	equation	-	vector	123	202	32	75	
Beginning_and_Intermediate_Algebra	480	equation	-	vector	126	292	26	88	
Beginning_and_Intermediate_Algebra	480	equation	-	vector	120	284	25	76	
Beginning_and_Intermediate_Algebra	480	equation	-	vector	126	286	17	80	
Beginning_and_Intermediate_Algebra	480	equation	-	vector	76	85	5	23	
Beginning_and_Intermediate_Algebra	480	equation	-	vector	101	166	19	45	
Beginning_and_Intermediate_Algebra	480	equation	-	vector	118	155	31	55	
Beginning_and_Intermediate_Algebra	481	artwork	-	vector	171	440	69	181	
Beginning_and_Intermediate_Algebra	481	equation	-	vector	88	159	19	39	
Beginning_and_Intermediate_Algebra	481	equation	-	vector	100	93	16	28	
Beginning_and_Intermediate_Algebra	482	equation	-	vector	64	23	2	4	
Beginning_and_Intermediate_Algebra	482	equation	-	vector	60	23	2	4	
Beginning_and_Intermediate_Algebra	482	equation	-	vector	60	23	2	4	
Beginning_and_Intermediate_Algebra	482	equation	-	vector	137	62	8	23	
Beginning_and_Intermediate_Algebra	482	equation	-	vector	117	27	3	8	
Beginning_and_Intermediate_Algebra	482	equation	-	vector	119	26	3	8	
Beginning_and_Intermediate_Algebra	482	equation	-	vector	96	81	5	16	
Beginning_and_Intermediate_Algebra	482	equation	-	vector	112	28	1	7	
Beginning_and_Intermediate_Algebra	482	equation	-	vector	107	31	2	8	
Beginning_and_Intermediate_Algebra	482	equation	-	vector	110	28	1	7	
Beginning_and_Intermediate_Algebra	482	equation	-	vector	56	28	1	4	
Beginning_and_Intermediate_Algebra	483	artwork	-	vector	97	73	2	4	
Beginning_and_Intermediate_Algebra	483	artwork	-	vector	92	73	3	7	
Beginning_and_Intermediate_Algebra	483	artwork	-	vector	94	73	3	4	
Beginning_and_Intermediate_Algebra	483	artwork	-	vector	98	75	4	5	
Beginning_and_Intermediate_Algebra	483	artwork	-	vector	92	80	2	2	
Beginning_and_Intermediate_Algebra	483	artwork	-	vector	97	75	4	4	
Beginning_and_Intermediate_Algebra	483	artwork	-	vector	95	76	3	4	
Beginning_and_Intermediate_Algebra	483	artwork	-	vector	95	79	4	4	
Beginning_and_Intermediate_Algebra	483	artwork	-	vector	94	75	3	4	
Beginning_and_Intermediate_Algebra	483	artwork	-	vector	100	73	3	4	
Beginning_and_Intermediate_Algebra	483	artwork	-	vector	90	76	4	4	
Beginning_and_Intermediate_Algebra	483	artwork	-	vector	97	75	3	4	
Beginning_and_Intermediate_Algebra	483	artwork	-	vector	95	78	4	4	
Beginning_and_Intermediate_Algebra	483	artwork	-	vector	91	73	3	4	
Beginning_and_Intermediate_Algebra	483	artwork	-	vector	106	76	4	4	
Beginning_and_Intermediate_Algebra	483	artwork	-	vector	83	73	2	2	
Beginning_and_Intermediate_Algebra	483	artwork	-	vector	100	76	3	4	
Beginning_and_Intermediate_Algebra	483	artwork	-	vector	93	74	4	4	
Beginning_and_Intermediate_Algebra	484	artwork	-	vector	112	77	4	4	
Beginning_and_Intermediate_Algebra	484	artwork	-	vector	94	80	4	4	
Beginning_and_Intermediate_Algebra	484	equation	-	vector	35	22	2	3	
Beginning_and_Intermediate_Algebra	484	equation	-	vector	71	22	3	6	
Beginning_and_Intermediate_Algebra	484	equation	-	vector	44	23	3	4	
Beginning_and_Intermediate_Algebra	484	equation	-	vector	48	45	4	5	
Beginning_and_Intermediate_Algebra	484	equation	-	vector	48	26	3	3	
Beginning_and_Intermediate_Algebra	484	equation	-	vector	107	79	7	15	
Beginning_and_Intermediate_Algebra	485	equation	-	vector	30	21	2	3	
Beginning_and_Intermediate_Algebra	485	equation	-	vector	49	23	2	6	
Beginning_and_Intermediate_Algebra	485	equation	-	vector	57	22	2	7	
Beginning_and_Intermediate_Algebra	485	equation	-	vector	53	23	2	7	
Beginning_and_Intermediate_Algebra	485	equation	-	vector	62	23	3	5	
Beginning_and_Intermediate_Algebra	485	equation	-	vector	76	24	2	6	
Beginning_and_Intermediate_Algebra	485	equation	-	vector	48	28	3	3	
Beginning_and_Intermediate_Algebra	485	equation	-	vector	44	28	3	3	
Beginning_and_Intermediate_Algebra	485	equation	-	vector	62	57	6	15	
Beginning_and_Intermediate_Algebra	486	equation	-	vector	30	23	2	3	
Beginning_and_Intermediate_Algebra	486	equation	-	vector	30	23	2	3	
Beginning_and_Intermediate_Algebra	486	equation	-	vector	30	23	2	3	
Beginning_and_Intermediate_Algebra	486	equation	-	vector	30	23	2	3	
Beginning_and_Intermediate_Algebra	486	equation	-	vector	132	181	13	41	
Beginning_and_Intermediate_Algebra	486	equation	-	vector	125	322	23	70	
Beginning_and_Intermediate_Algebra	486	equation	-	vector	131	321	23	70	
Beginning_and_Intermediate_Algebra	486	equation	-	vector	38	79	9	9	
Beginning_and_Intermediate_Algebra	486	equation	-	vector	38	28	3	3	
Beginning_and_Intermediate_Algebra	486	equation	-	vector	44	46	4	5	
Beginning_and_Intermediate_Algebra	486	equation	-	vector	43	77	9	9	
Beginning_and_Intermediate_Algebra	486	equation	-	vector	43	143	13	17	
Beginning_and_Intermediate_Algebra	487	equation	-	vector	30	23	2	3	
Beginning_and_Intermediate_Algebra	487	equation	-	vector	30	23	2	3	
Beginning_and_Intermediate_Algebra	487	equation	-	vector	35	22	2	3	
Beginning_and_Intermediate_Algebra	487	equation	-	vector	30	23	2	3	
Beginning_and_Intermediate_Algebra	487	equation	-	vector	93	302	26	58	
Beginning_and_Intermediate_Algebra	487	equation	-	vector	43	28	3	3	
Beginning_and_Intermediate_Algebra	487	equation	-	vector	56	216	23	24	
Beginning_and_Intermediate_Algebra	488	equation	-	vector	32	153	13	19	
Beginning_and_Intermediate_Algebra	489	equation	-	vector	174	30	1	6	
Beginning_and_Intermediate_Algebra	489	equation	-	vector	207	246	13	55	
CDOC-108hdoc97	1	artwork	-	raster	423	652	0	0	
CDOC-108hdoc97	2	artwork	-	raster	423	652	7	31	
CDOC-108hdoc97	3	artwork	-	vector	310	4	0	0	
CDOC-108hdoc97	3	artwork	-	vector	310	4	0	0	
CDOC-108hdoc97	3	artwork	-	vector	103	103	0	0	
CDOC-108hdoc97	4	artwork	-	vector	40	4	0	0	
CDOC-108hdoc97	5	artwork	-	vector	310	4	0	0	
CDOC-108hdoc97	7	artwork	-	vector	310	4	0	0	
CDOC-108hdoc97	8	artwork	-	vector	310	4	0	0	
CDOC-108hdoc97	8	artwork	-	raster	219	163	0	0	
CDOC-108hdoc97	9	artwork	-	vector	310	4	0	0	
CDOC-108hdoc97	9	artwork	-	raster	219	162	0	0	
CDOC-108hdoc97	10	artwork	-	vector	310	4	0	0	
CDOC-108hdoc97	10	artwork	-	raster	224	163	0	0	
CDOC-108hdoc97	11	artwork	-	raster	309	183	0	0	
CDOC-108hdoc97	13	artwork	-	vector	310	4	0	0	
CDOC-108hdoc97	15	artwork	-	vector	310	4	0	0	
CDOC-108hdoc97	15	artwork	-	raster	119	76	0	0	
CDOC-108hdoc97	15	artwork	-	raster	119	76	0	0	
CDOC-108hdoc97	15	artwork	-	raster	119	76	0	0	
CDOC-108hdoc97	15	artwork	-	raster	119	76	0	0	
CDOC-108hdoc97	15	artwork	-	raster	119	76	0	0	
CDOC-108hdoc97	15	artwork	-	raster	116	74	0	0	
CDOC-108hdoc97	16	artwork	-	vector	310	4	0	0	
CDOC-108hdoc97	16	artwork	-	vector	215	170	0	0	
CDOC-108hdoc97	17	artwork	-	vector	310	4	0	0	
CDOC-108hdoc97	19	artwork	-	raster	142	111	0	0	
CDOC-108hdoc97	19	artwork	-	raster	118	111	0	0	
CDOC-108hdoc97	19	artwork	-	raster	144	111	0	0	
CDOC-108hdoc97	19	artwork	-	raster	118	108	0	0	
CDOC-108hdoc97	19	artwork	-	raster	133	111	0	0	
CDOC-108hdoc97	20	artwork	-	vector	310	4	0	0	
CDOC-108hdoc97	20	artwork	-	raster	114	111	0	0	
CDOC-108hdoc97	20	artwork	-	raster	119	111	0	0	
CDOC-108hdoc97	20	artwork	-	raster	120	130	0	0	
CDOC-108hdoc97	20	artwork	-	raster	107	137	0	0	
CDOC-108hdoc97	20	artwork	-	raster	149	91	0	0	
CDOC-108hdoc97	21	artwork	-	vector	310	4	0	0	
CDOC-108hdoc97	21	artwork	-	raster	281	111	0	0	
CDOC-108hdoc97	21	artwork	-	raster	123	116	0	0	
CDOC-108hdoc97	21	artwork	-	raster	134	111	0	0	
CDOC-108hdoc97	21	artwork	-	raster	148	93	0	0	
CDOC-108hdoc97	21	artwork	-	raster	126	93	0	0	
CDOC-108hdoc97	26	artwork	-	vector	310	4	0	0	
CDOC-108hdoc97	26	artwork	-	vector	310	4	0	0	
CDOC-108hdoc97	27	artwork	-	vector	310	4	0	0	
CDOC-108hdoc97	27	artwork	-	vector	310	4	0	0	
CDOC-108hdoc97	27	table	-	vector	166	135	11	259	
CDOC-108hdoc97	28	artwork	-	vector	310	4	0	0	
CDOC-108hdoc97	29	artwork	-	vector	310	4	0	0	
CDOC-108hdoc97	29	artwork	-	raster	310	381	0	0	
CDOC-108hdoc97	30	artwork	-	vector	310	4	0	0	
CDOC-108hdoc97	31	artwork	-	vector	310	4	0	0	
CDOC-108hdoc97	31	artwork	-	raster	310	316	0	0	
CDOC-108hdoc97	32	artwork	-	vector	310	4	0	0	
CDOC-108hdoc97	32	artwork	-	raster	151	148	0	0	
CDOC-108hdoc97	32	artwork	-	raster	149	94	0	0	
CDOC-108hdoc97	32	artwork	-	raster	149	94	0	0	
CDOC-108hdoc97	32	artwork	-	raster	148	94	0	0	
CDOC-108hdoc97	33	artwork	-	raster	151	94	0	0	
CDOC-108hdoc97	33	artwork	-	raster	149	118	0	0	
CDOC-108hdoc97	33	artwork	-	raster	149	94	0	0	
CDOC-108hdoc97	33	artwork	-	raster	148	94	0	0	
CDOC-108hdoc97	34	artwork	-	raster	151	101	0	0	
CDOC-108hdoc97	34	artwork	-	raster	149	77	0	0	
CDOC-108hdoc97	34	artwork	-	raster	149	94	0	0	
CDOC-108hdoc97	34	artwork	-	raster	148	94	0	0	
CDOC-108hdoc97	35	artwork	-	raster	151	94	0	0	
CDOC-108hdoc97	35	artwork	-	raster	149	95	0	0	
CDOC-108hdoc97	35	artwork	-	raster	149	115	0	0	
CDOC-108hdoc97	35	artwork	-	raster	148	94	0	0	
CDOC-108hdoc97	36	artwork	-	raster	151	80	0	0	
CDOC-108hdoc97	36	artwork	-	raster	149	95	0	0	
CDOC-108hdoc97	36	artwork	-	vector	149	94	0	0	
CDOC-108hdoc97	36	artwork	-	raster	148	94	0	0	
CDOC-108hdoc97	37	artwork	-	raster	151	94	0	0	
CDOC-108hdoc97	37	artwork	-	raster	149	95	0	0	
CDOC-108hdoc97	37	artwork	-	raster	149	94	0	0	
CDOC-108hdoc97	37	artwork	-	raster	148	106	0	0	
CDOC-108hdoc97	38	artwork	-	raster	151	94	0	0	
CDOC-108hdoc97	38	artwork	-	raster	149	95	0	0	
CDOC-108hdoc97	38	artwork	-	raster	149	94	0	0	
CDOC-108hdoc97	38	artwork	-	raster	148	94	0	0	
CDOC-108hdoc97	39	artwork	-	raster	151	94	0	0	
CDOC-108hdoc97	39	artwork	-	raster	149	95	0	0	
CDOC-108hdoc97	39	artwork	-	raster	149	94	0	0	
CDOC-108hdoc97	39	artwork	-	raster	148	94	0	0	
CDOC-108hdoc97	40	artwork	-	raster	151	94	0	0	
CDOC-108hdoc97	40	artwork	-	raster	148	96	0	0	
CDOC-108hdoc97	40	artwork	-	raster	149	117	0	0	
CDOC-108hdoc97	40	artwork	-	raster	148	94	0	0	
CDOC-108hdoc97	41	artwork	-	raster	151	94	0	0	
CDOC-108hdoc97	41	artwork	-	raster	149	114	0	0	
CDOC-108hdoc97	41	artwork	-	raster	149	109	0	0	
CDOC-108hdoc97	41	artwork	-	raster	148	94	0	0	
CDOC-108hdoc97	42	artwork	-	raster	151	94	0	0	
CDOC-108hdoc97	42	artwork	-	raster	149	100	0	0	
CDOC-108hdoc97	42	artwork	-	raster	149	93	0	0	
CDOC-108hdoc97	42	artwork	-	raster	148	94	0	0	
CDOC-108hdoc97	43	artwork	-	raster	151	94	0	0	
CDOC-108hdoc97	43	artwork	-	raster	149	95	0	0	
CDOC-108hdoc97	43	artwork	-	raster	149	94	0	0	
CDOC-108hdoc97	43	artwork	-	raster	148	76	0	0	
CDOC-108hdoc97	44	artwork	-	raster	151	94	0	0	
CDOC-108hdoc97	44	artwork	-	raster	149	91	0	0	
CDOC-108hdoc97	44	artwork	-	raster	149	94	0	0	
CDOC-108hdoc97	44	artwork	-	raster	147	77	0	0	
CDOC-108hdoc97	45	artwork	-	vector	151	94	0	0	
CDOC-108hdoc97	45	artwork	-	vector	149	95	0	0	
CDOC-108hdoc97	45	artwork	-	raster	149	104	0	0	
CDOC-108hdoc97	45	artwork	-	raster	148	94	0	0	
CDOC-108hdoc97	46	artwork	-	vector	310	4	0	0	
CDOC-108hdoc97	47	artwork	-	vector	310	4	0	0	
CDOC-108hdoc97	48	artwork	-	vector	90	90	0	0	
CDOC-108hdoc97	48	artwork	-	raster	90	90	0	0	
CDOC-108hdoc97	49	artwork	-	vector	310	4	0	0	
CDOC-108hdoc97	49	artwork	-	raster	310	204	0	0	
CDOC-108hdoc97	50	artwork	-	vector	310	4	0	0	
CDOC-108hdoc97	51	artwork	-	vector	310	4	0	0	
CDOC-108hdoc97	52	artwork	-	vector	310	4	0	0	
CDOC-108hdoc97	53	artwork	-	vector	310	4	0	0	
CDOC-108hdoc97	55	artwork	-	vector	423	652	0	0	
CIA-UAP-015-Project_Blue_Book_Special_Report_No_14	1	artwork	-	raster	611	752	19	63	
CIA-UAP-015-Project_Blue_Book_Special_Report_No_14	3	artwork	-	raster	636	816	41	121	
CIA-UAP-015-Project_Blue_Book_Special_Report_No_14	4	artwork	-	raster	611	791	29	66	
CIA-UAP-015-Project_Blue_Book_Special_Report_No_14	27	artwork	-	raster	611	787	31	54	
CIA-UAP-015-Project_Blue_Book_Special_Report_No_14	28	artwork	-	raster	611	784	26	51	
CIA-UAP-015-Project_Blue_Book_Special_Report_No_14	29	artwork	-	raster	611	788	29	53	
CIA-UAP-015-Project_Blue_Book_Special_Report_No_14	30	artwork	-	raster	787	611	23	78	
CIA-UAP-015-Project_Blue_Book_Special_Report_No_14	31	artwork	-	raster	789	611	36	161	
CIA-UAP-015-Project_Blue_Book_Special_Report_No_14	32	artwork	-	raster	611	790	80	176	
CIA-UAP-015-Project_Blue_Book_Special_Report_No_14	33	artwork	-	raster	788	611	35	169	
~ | o
~ | ., | C "' :;: | .t::. | "' II) | .. | 50t | r::: X r-MK X\ -ISO 
CIA-UAP-015-Project_Blue_Book_Special_Report_No_14	34	artwork	-	raster	611	789	87	142	
CIA-UAP-015-Project_Blue_Book_Special_Report_No_14	35	artwork	-	raster	789	611	93	165	
CIA-UAP-015-Project_Blue_Book_Special_Report_No_14	36	artwork	-	raster	789	611	35	144	
~ 
CIA-UAP-015-Project_Blue_Book_Special_Report_No_14	37	artwork	-	raster	611	789	67	101	
CIA-UAP-015-Project_Blue_Book_Special_Report_No_14	38	artwork	-	raster	611	786	94	192	
CIA-UAP-015-Project_Blue_Book_Special_Report_No_14	39	artwork	-	raster	787	611	31	120	
CIA-UAP-015-Project_Blue_Book_Special_Report_No_14	40	artwork	-	raster	787	611	199	313	
CIA-UAP-015-Project_Blue_Book_Special_Report_No_14	41	artwork	-	raster	787	611	37	110	
CIA-UAP-015-Project_Blue_Book_Special_Report_No_14	42	artwork	-	raster	787	611	17	80	
CIA-UAP-015-Project_Blue_Book_Special_Report_No_14	43	artwork	-	raster	787	611	103	211	
CIA-UAP-015-Project_Blue_Book_Special_Report_No_14	44	artwork	-	raster	788	611	16	62	
CIA-UAP-015-Project_Blue_Book_Special_Report_No_14	45	artwork	-	raster	788	611	22	75	
CIA-UAP-015-Project_Blue_Book_Special_Report_No_14	46	artwork	-	raster	787	611	24	80	
CIA-UAP-015-Project_Blue_Book_Special_Report_No_14	47	artwork	-	raster	788	611	22	61	
CIA-UAP-015-Project_Blue_Book_Special_Report_No_14	48	artwork	-	raster	788	611	20	63	
CIA-UAP-015-Project_Blue_Book_Special_Report_No_14	49	artwork	-	raster	789	611	54	92	
CIA-UAP-015-Project_Blue_Book_Special_Report_No_14	50	artwork	-	raster	789	611	21	54	
CIA-UAP-015-Project_Blue_Book_Special_Report_No_14	51	artwork	-	raster	790	611	24	54	
CIA-UAP-015-Project_Blue_Book_Special_Report_No_14	52	artwork	-	raster	788	611	22	57	
CIA-UAP-015-Project_Blue_Book_Special_Report_No_14	53	artwork	-	raster	785	611	24	66	
CIA-UAP-015-Project_Blue_Book_Special_Report_No_14	54	artwork	-	raster	786	611	21	53	
CIA-UAP-015-Project_Blue_Book_Special_Report_No_14	55	artwork	-	raster	785	611	21	54	
CIA-UAP-015-Project_Blue_Book_Special_Report_No_14	56	artwork	-	raster	611	785	193	374	
CIA-UAP-015-Project_Blue_Book_Special_Report_No_14	57	artwork	-	raster	787	611	18	80	
~ | "
~ | --.J | 30" | KEY: IN EACH SUBDIVISION THE 
CIA-UAP-015-Project_Blue_Book_Special_Report_No_14	58	artwork	-	raster	785	611	21	89	
CIA-UAP-015-Project_Blue_Book_Special_Report_No_14	59	artwork	-	raster	791	611	10	34	
~ | 0
~ | CD | 36 | FIGURE 33 COMP
CIA-UAP-015-Project_Blue_Book_Special_Report_No_14	60	artwork	-	raster	790	611	12	64	
CIA-UAP-015-Project_Blue_Book_Special_Report_No_14	61	artwork	-	raster	611	789	27	43	
CIA-UAP-015-Project_Blue_Book_Special_Report_No_14	62	artwork	-	raster	789	611	17	45	
CIA-UAP-015-Project_Blue_Book_Special_Report_No_14	63	artwork	-	raster	789	611	12	33	
CIA-UAP-015-Project_Blue_Book_Special_Report_No_14	64	artwork	-	raster	611	789	29	49	
CIA-UAP-015-Project_Blue_Book_Special_Report_No_14	65	equation	-	raster	509	75	4	29	
from the formula: | I sin (B) = sin (HA) 
CIA-UAP-015-Project_Blue_Book_Special_Report_No_14	66	artwork	-	raster	611	790	25	33	
CIA-UAP-015-Project_Blue_Book_Special_Report_No_14	67	artwork	-	raster	791	611	64	110	
CIA-UAP-015-Project_Blue_Book_Special_Report_No_14	69	artwork	-	raster	793	611	41	88	
CIA-UAP-015-Project_Blue_Book_Special_Report_No_14	72	artwork	-	raster	611	787	33	116	
CIA-UAP-015-Project_Blue_Book_Special_Report_No_14	73	artwork	-	raster	611	790	29	100	
CIA-UAP-015-Project_Blue_Book_Special_Report_No_14	74	artwork	-	raster	611	789	30	110	
CIA-UAP-015-Project_Blue_Book_Special_Report_No_14	75	artwork	-	raster	611	789	34	126	
CIA-UAP-015-Project_Blue_Book_Special_Report_No_14	76	artwork	-	raster	611	788	30	114	
CIA-UAP-015-Project_Blue_Book_Special_Report_No_14	77	artwork	-	raster	611	786	34	121	
CIA-UAP-015-Project_Blue_Book_Special_Report_No_14	80	artwork	-	raster	611	789	33	119	
CIA-UAP-015-Project_Blue_Book_Special_Report_No_14	81	artwork	-	raster	611	789	31	98	
CIA-UAP-015-Project_Blue_Book_Special_Report_No_14	82	artwork	-	raster	611	788	33	114	
CIA-UAP-015-Project_Blue_Book_Special_Report_No_14	83	artwork	-	raster	611	789	52	129	
CIA-UAP-015-Project_Blue_Book_Special_Report_No_14	84	artwork	-	raster	611	790	32	106	
CIA-UAP-015-Project_Blue_Book_Special_Report_No_14	85	artwork	-	raster	611	789	34	120	
CIA-UAP-015-Project_Blue_Book_Special_Report_No_14	90	artwork	-	raster	611	789	27	112	
CIA-UAP-015-Project_Blue_Book_Special_Report_No_14	91	artwork	-	raster	611	789	34	147	
CIA-UAP-015-Project_Blue_Book_Special_Report_No_14	92	artwork	-	raster	611	790	36	170	
CIA-UAP-015-Project_Blue_Book_Special_Report_No_14	93	artwork	-	raster	611	788	30	143	
CIA-UAP-015-Project_Blue_Book_Special_Report_No_14	94	artwork	-	raster	611	789	30	101	
CIA-UAP-015-Project_Blue_Book_Special_Report_No_14	95	artwork	-	raster	611	788	31	179	
CIA-UAP-015-Project_Blue_Book_Special_Report_No_14	96	artwork	-	raster	611	789	37	177	
CIA-UAP-015-Project_Blue_Book_Special_Report_No_14	98	artwork	-	raster	611	790	23	24	
CIA-UAP-015-Project_Blue_Book_Special_Report_No_14	100	artwork	-	raster	611	787	26	32	
CIA-UAP-015-Project_Blue_Book_Special_Report_No_14	105	artwork	-	raster	611	789	23	35	
CIA-UAP-015-Project_Blue_Book_Special_Report_No_14	107	artwork	-	raster	611	787	89	372	
CIA-UAP-015-Project_Blue_Book_Special_Report_No_14	108	artwork	-	raster	611	790	106	456	
CIA-UAP-015-Project_Blue_Book_Special_Report_No_14	112	artwork	-	raster	611	786	117	490	
CIA-UAP-015-Project_Blue_Book_Special_Report_No_14	114	artwork	-	raster	611	788	113	512	
CIA-UAP-015-Project_Blue_Book_Special_Report_No_14	115	artwork	-	raster	611	786	36	159	
CIA-UAP-015-Project_Blue_Book_Special_Report_No_14	116	artwork	-	raster	611	788	279	1232	
CIA-UAP-015-Project_Blue_Book_Special_Report_No_14	117	artwork	-	raster	611	787	93	298	
CIA-UAP-015-Project_Blue_Book_Special_Report_No_14	118	artwork	-	raster	611	787	113	1106	
CIA-UAP-015-Project_Blue_Book_Special_Report_No_14	119	artwork	-	raster	611	786	116	724	
CIA-UAP-015-Project_Blue_Book_Special_Report_No_14	120	artwork	-	raster	611	790	169	1055	
CIA-UAP-015-Project_Blue_Book_Special_Report_No_14	121	artwork	-	raster	611	786	197	1062	
CIA-UAP-015-Project_Blue_Book_Special_Report_No_14	122	artwork	-	raster	611	787	229	1034	
CIA-UAP-015-Project_Blue_Book_Special_Report_No_14	123	artwork	-	raster	611	789	193	1005	
CIA-UAP-015-Project_Blue_Book_Special_Report_No_14	124	artwork	-	raster	611	788	229	993	
CIA-UAP-015-Project_Blue_Book_Special_Report_No_14	125	artwork	-	raster	611	787	204	1102	
CIA-UAP-015-Project_Blue_Book_Special_Report_No_14	126	artwork	-	raster	611	787	186	738	
CIA-UAP-015-Project_Blue_Book_Special_Report_No_14	127	artwork	-	raster	611	788	203	1065	
CIA-UAP-015-Project_Blue_Book_Special_Report_No_14	128	artwork	-	raster	611	790	191	1067	
CIA-UAP-015-Project_Blue_Book_Special_Report_No_14	129	artwork	-	raster	611	789	197	1103	
~ | n
~ | Doubtful Total Certain Doubt
CIA-UAP-015-Project_Blue_Book_Special_Report_No_14	130	artwork	-	raster	611	790	229	1093	
CIA-UAP-015-Project_Blue_Book_Special_Report_No_14	131	artwork	-	raster	611	790	198	1097	
CIA-UAP-015-Project_Blue_Book_Special_Report_No_14	132	artwork	-	raster	611	786	226	1054	
CIA-UAP-015-Project_Blue_Book_Special_Report_No_14	133	artwork	-	raster	611	788	196	760	
CIA-UAP-015-Project_Blue_Book_Special_Report_No_14	134	artwork	-	raster	611	788	73	802	
CIA-UAP-015-Project_Blue_Book_Special_Report_No_14	135	artwork	-	raster	611	787	200	1066	
CIA-UAP-015-Project_Blue_Book_Special_Report_No_14	136	artwork	-	raster	611	789	101	942	
CIA-UAP-015-Project_Blue_Book_Special_Report_No_14	137	artwork	-	raster	611	789	195	1030	
CIA-UAP-015-Project_Blue_Book_Special_Report_No_14	138	artwork	-	raster	611	788	197	1095	
CIA-UAP-015-Project_Blue_Book_Special_Report_No_14	139	artwork	-	raster	611	789	133	389	
CIA-UAP-015-Project_Blue_Book_Special_Report_No_14	140	artwork	-	raster	611	787	147	1061	
CIA-UAP-015-Project_Blue_Book_Special_Report_No_14	141	artwork	-	raster	611	789	87	761	
CIA-UAP-015-Project_Blue_Book_Special_Report_No_14	142	artwork	-	raster	611	793	45	74	
CIA-UAP-015-Project_Blue_Book_Special_Report_No_14	143	artwork	-	raster	611	789	78	400	
CIA-UAP-015-Project_Blue_Book_Special_Report_No_14	144	artwork	-	raster	611	788	117	1166	
CIA-UAP-015-Project_Blue_Book_Special_Report_No_14	145	artwork	-	raster	611	788	77	427	
CIA-UAP-015-Project_Blue_Book_Special_Report_No_14	146	artwork	-	raster	611	790	126	428	
CIA-UAP-015-Project_Blue_Book_Special_Report_No_14	147	artwork	-	raster	611	789	80	425	
CIA-UAP-015-Project_Blue_Book_Special_Report_No_14	148	artwork	-	raster	611	793	48	56	
CIA-UAP-015-Project_Blue_Book_Special_Report_No_14	149	artwork	-	raster	611	790	236	988	
CIA-UAP-015-Project_Blue_Book_Special_Report_No_14	150	artwork	-	raster	611	787	103	611	
► | s
► | s

CIA-UAP-015-Project_Blue_Book_Special_Report_No_14	151	artwork	-	raster	611	786	189	1248	
CIA-UAP-015-Project_Blue_Book_Special_Report_No_14	152	artwork	-	raster	611	786	182	1262	
CIA-UAP-015-Project_Blue_Book_Special_Report_No_14	153	artwork	-	raster	611	786	180	1210	
CIA-UAP-015-Project_Blue_Book_Special_Report_No_14	154	artwork	-	raster	611	787	299	1233	
CIA-UAP-015-Project_Blue_Book_Special_Report_No_14	155	artwork	-	raster	611	787	51	614	
CIA-UAP-015-Project_Blue_Book_Special_Report_No_14	156	artwork	-	raster	611	792	245	1239	
CIA-UAP-015-Project_Blue_Book_Special_Report_No_14	157	artwork	-	raster	611	786	196	914	
CIA-UAP-015-Project_Blue_Book_Special_Report_No_14	158	artwork	-	raster	611	789	165	639	
CIA-UAP-015-Project_Blue_Book_Special_Report_No_14	159	artwork	-	raster	611	787	132	1245	
CIA-UAP-015-Project_Blue_Book_Special_Report_No_14	160	artwork	-	raster	611	785	207	1289	
CIA-UAP-015-Project_Blue_Book_Special_Report_No_14	161	artwork	-	raster	611	783	91	679	
CIA-UAP-015-Project_Blue_Book_Special_Report_No_14	162	artwork	-	raster	611	786	257	1410	
CIA-UAP-015-Project_Blue_Book_Special_Report_No_14	163	artwork	-	raster	611	783	222	1425	
CIA-UAP-015-Project_Blue_Book_Special_Report_No_14	164	artwork	-	raster	611	786	195	1397	
CIA-UAP-015-Project_Blue_Book_Special_Report_No_14	165	artwork	-	raster	611	783	148	797	
CIA-UAP-015-Project_Blue_Book_Special_Report_No_14	166	artwork	-	raster	611	787	209	1367	
CIA-UAP-015-Project_Blue_Book_Special_Report_No_14	167	artwork	-	raster	611	784	266	1431	
CIA-UAP-015-Project_Blue_Book_Special_Report_No_14	168	artwork	-	raster	611	785	196	1372	
CIA-UAP-015-Project_Blue_Book_Special_Report_No_14	169	artwork	-	raster	611	785	65	718	
CIA-UAP-015-Project_Blue_Book_Special_Report_No_14	170	artwork	-	raster	611	787	173	1009	
CIA-UAP-015-Project_Blue_Book_Special_Report_No_14	171	artwork	-	raster	611	784	203	1393	
CIA-UAP-015-Project_Blue_Book_Special_Report_No_14	172	artwork	-	raster	611	788	254	1379	
CIA-UAP-015-Project_Blue_Book_Special_Report_No_14	173	artwork	-	raster	611	786	84	749	
CIA-UAP-015-Project_Blue_Book_Special_Report_No_14	174	artwork	-	raster	611	788	118	1028	
CIA-UAP-015-Project_Blue_Book_Special_Report_No_14	175	artwork	-	raster	611	786	194	1060	
CIA-UAP-015-Project_Blue_Book_Special_Report_No_14	176	artwork	-	raster	611	787	226	1025	
CIA-UAP-015-Project_Blue_Book_Special_Report_No_14	177	artwork	-	raster	611	788	147	729	
CIA-UAP-015-Project_Blue_Book_Special_Report_No_14	178	artwork	-	raster	611	787	119	1046	
CIA-UAP-015-Project_Blue_Book_Special_Report_No_14	179	artwork	-	raster	611	787	175	722	
CIA-UAP-015-Project_Blue_Book_Special_Report_No_14	180	artwork	-	raster	611	785	146	1034	
CIA-UAP-015-Project_Blue_Book_Special_Report_No_14	181	artwork	-	raster	611	787	173	735	
CIA-UAP-015-Project_Blue_Book_Special_Report_No_14	183	artwork	-	raster	611	787	196	1003	
CIA-UAP-015-Project_Blue_Book_Special_Report_No_14	184	artwork	-	raster	611	787	48	73	
CIA-UAP-015-Project_Blue_Book_Special_Report_No_14	185	artwork	-	raster	611	787	149	734	
CIA-UAP-015-Project_Blue_Book_Special_Report_No_14	186	artwork	-	raster	611	787	140	1041	
CIA-UAP-015-Project_Blue_Book_Special_Report_No_14	187	artwork	-	raster	611	787	196	1028	
CIA-UAP-015-Project_Blue_Book_Special_Report_No_14	188	artwork	-	raster	611	786	165	718	
CIA-UAP-015-Project_Blue_Book_Special_Report_No_14	189	artwork	-	raster	611	791	57	69	
CIA-UAP-015-Project_Blue_Book_Special_Report_No_14	190	artwork	-	raster	611	787	47	69	
CIA-UAP-015-Project_Blue_Book_Special_Report_No_14	191	artwork	-	raster	611	787	96	723	
CIA-UAP-015-Project_Blue_Book_Special_Report_No_14	192	artwork	-	raster	611	788	169	710	
CIA-UAP-015-Project_Blue_Book_Special_Report_No_14	193	artwork	-	raster	611	788	202	1019	
CIA-UAP-015-Project_Blue_Book_Special_Report_No_14	194	artwork	-	raster	611	788	125	410	
CIA-UAP-015-Project_Blue_Book_Special_Report_No_14	196	artwork	-	raster	611	786	157	721	
CIA-UAP-015-Project_Blue_Book_Special_Report_No_14	197	equation	-	raster	459	64	12	127	
CIA-UAP-015-Project_Blue_Book_Special_Report_No_14	198	artwork	-	raster	611	787	251	1274	
CIA-UAP-015-Project_Blue_Book_Special_Report_No_14	199	artwork	-	raster	611	787	157	1289	
CIA-UAP-015-Project_Blue_Book_Special_Report_No_14	200	artwork	-	raster	611	786	258	1237	
CIA-UAP-015-Project_Blue_Book_Special_Report_No_14	201	artwork	-	raster	611	786	144	617	
CIA-UAP-015-Project_Blue_Book_Special_Report_No_14	202	artwork	-	raster	611	788	144	1258	
CIA-UAP-015-Project_Blue_Book_Special_Report_No_14	203	artwork	-	raster	611	789	157	1216	
CIA-UAP-015-Project_Blue_Book_Special_Report_No_14	204	artwork	-	raster	611	789	178	1275	
CIA-UAP-015-Project_Blue_Book_Special_Report_No_14	205	artwork	-	raster	611	788	139	639	
CIA-UAP-015-Project_Blue_Book_Special_Report_No_14	206	artwork	-	raster	611	787	159	1263	
CIA-UAP-015-Project_Blue_Book_Special_Report_No_14	207	artwork	-	raster	611	787	264	1229	
CIA-UAP-015-Project_Blue_Book_Special_Report_No_14	208	artwork	-	raster	611	788	199	953	
CIA-UAP-015-Project_Blue_Book_Special_Report_No_14	209	artwork	-	raster	611	788	81	653	
CIA-UAP-015-Project_Blue_Book_Special_Report_No_14	210	artwork	-	raster	611	790	204	1247	
CIA-UAP-015-Project_Blue_Book_Special_Report_No_14	211	artwork	-	raster	611	790	221	1253	
CIA-UAP-015-Project_Blue_Book_Special_Report_No_14	212	artwork	-	raster	611	783	223	1261	
CIA-UAP-015-Project_Blue_Book_Special_Report_No_14	213	artwork	-	raster	611	784	190	1275	
CIA-UAP-015-Project_Blue_Book_Special_Report_No_14	214	equation	-	raster	422	31	5	33	
CIA-UAP-015-Project_Blue_Book_Special_Report_No_14	214	equation	-	raster	398	32	3	22	
CIA-UAP-015-Project_Blue_Book_Special_Report_No_14	215	artwork	-	raster	611	784	211	1262	
CIA-UAP-015-Project_Blue_Book_Special_Report_No_14	216	artwork	-	raster	611	787	164	1282	
CIA-UAP-015-Project_Blue_Book_Special_Report_No_14	217	artwork	-	raster	611	787	193	1283	
CIA-UAP-015-Project_Blue_Book_Special_Report_No_14	218	artwork	-	raster	611	787	157	1185	
CIA-UAP-015-Project_Blue_Book_Special_Report_No_14	219	artwork	-	raster	611	783	111	900	
CIA-UAP-015-Project_Blue_Book_Special_Report_No_14	220	artwork	-	raster	611	786	180	898	
CIA-UAP-015-Project_Blue_Book_Special_Report_No_14	221	artwork	-	raster	611	785	109	918	
CIA-UAP-015-Project_Blue_Book_Special_Report_No_14	222	artwork	-	raster	611	787	184	728	
CIA-UAP-015-Project_Blue_Book_Special_Report_No_14	223	artwork	-	raster	611	783	157	561	
CIA-UAP-015-Project_Blue_Book_Special_Report_No_14	224	artwork	-	raster	611	788	177	715	
CIA-UAP-015-Project_Blue_Book_Special_Report_No_14	225	artwork	-	raster	611	784	93	664	
~ | -
~ | 6- | 7. | g. | 19-l'JTUI' t:1 | INl'I, <rran:f'
~ | 
CIA-UAP-015-Project_Blue_Book_Special_Report_No_14	226	artwork	-	raster	611	788	161	739	
CIA-UAP-015-Project_Blue_Book_Special_Report_No_14	227	artwork	-	raster	611	791	156	708	
CIA-UAP-015-Project_Blue_Book_Special_Report_No_14	228	artwork	-	raster	611	788	121	729	
CIA-UAP-015-Project_Blue_Book_Special_Report_No_14	229	equation	-	raster	283	26	4	16	
CIA-UAP-015-Project_Blue_Book_Special_Report_No_14	230	artwork	-	raster	611	787	203	1424	
CIA-UAP-015-Project_Blue_Book_Special_Report_No_14	231	artwork	-	raster	611	788	127	1264	
CIA-UAP-015-Project_Blue_Book_Special_Report_No_14	232	artwork	-	raster	611	789	174	1478	
CIA-UAP-015-Project_Blue_Book_Special_Report_No_14	233	artwork	-	raster	611	789	116	1451	
CIA-UAP-015-Project_Blue_Book_Special_Report_No_14	234	artwork	-	raster	611	788	148	1462	
CIA-UAP-015-Project_Blue_Book_Special_Report_No_14	235	equation	-	raster	525	286	46	700	
CIA-UAP-015-Project_Blue_Book_Special_Report_No_14	236	artwork	-	raster	611	787	202	1462	
CIA-UAP-015-Project_Blue_Book_Special_Report_No_14	237	artwork	-	raster	611	787	226	1465	
CIA-UAP-015-Project_Blue_Book_Special_Report_No_14	238	artwork	-	raster	611	787	161	1480	
CIA-UAP-015-Project_Blue_Book_Special_Report_No_14	239	artwork	-	raster	611	788	222	1458	
CIA-UAP-015-Project_Blue_Book_Special_Report_No_14	240	artwork	-	raster	611	788	148	1407	
CIA-UAP-015-Project_Blue_Book_Special_Report_No_14	241	artwork	-	raster	611	790	134	1105	
CIA-UAP-015-Project_Blue_Book_Special_Report_No_14	243	artwork	-	raster	611	788	83	397	
CIA-UAP-015-Project_Blue_Book_Special_Report_No_14	244	artwork	-	raster	611	790	198	1045	
CIA-UAP-015-Project_Blue_Book_Special_Report_No_14	245	equation	-	raster	183	26	2	12	
CIA-UAP-015-Project_Blue_Book_Special_Report_No_14	245	equation	-	raster	202	29	2	16	
CIA-UAP-015-Project_Blue_Book_Special_Report_No_14	245	equation	-	raster	203	96	10	120	
CIA-UAP-015-Project_Blue_Book_Special_Report_No_14	247	artwork	-	raster	611	788	142	1049	
CIA-UAP-015-Project_Blue_Book_Special_Report_No_14	248	artwork	-	raster	611	788	209	1073	
CIA-UAP-015-Project_Blue_Book_Special_Report_No_14	249	artwork	-	raster	611	790	91	644	
CIA-UAP-015-Project_Blue_Book_Special_Report_No_14	250	artwork	-	raster	611	788	152	472	
CIA-UAP-015-Project_Blue_Book_Special_Report_No_14	251	artwork	-	raster	611	788	77	241	
CIA-UAP-015-Project_Blue_Book_Special_Report_No_14	252	artwork	-	raster	611	788	145	440	
CIA-UAP-015-Project_Blue_Book_Special_Report_No_14	253	artwork	-	raster	611	789	80	229	
CIA-UAP-015-Project_Blue_Book_Special_Report_No_14	254	artwork	-	raster	611	789	52	74	
CIA-UAP-015-Project_Blue_Book_Special_Report_No_14	255	artwork	-	raster	611	787	46	80	
CIA-UAP-015-Project_Blue_Book_Special_Report_No_14	256	artwork	-	raster	611	787	52	76	
CIA-UAP-015-Project_Blue_Book_Special_Report_No_14	257	artwork	-	raster	611	787	131	878	
CIA-UAP-015-Project_Blue_Book_Special_Report_No_14	258	artwork	-	raster	611	788	91	448	
CIA-UAP-015-Project_Blue_Book_Special_Report_No_14	259	artwork	-	raster	611	787	155	869	
CIA-UAP-015-Project_Blue_Book_Special_Report_No_14	260	artwork	-	raster	611	788	94	471	
CIA-UAP-015-Project_Blue_Book_Special_Report_No_14	261	artwork	-	raster	611	786	97	514	
CIA-UAP-015-Project_Blue_Book_Special_Report_No_14	262	artwork	-	raster	611	786	89	464	
CIA-UAP-015-Project_Blue_Book_Special_Report_No_14	263	artwork	-	raster	611	789	25	30	
CIA-UAP-015-Project_Blue_Book_Special_Report_No_14	264	artwork	-	raster	611	790	41	87	
CIA-UAP-015-Project_Blue_Book_Special_Report_No_14	265	artwork	-	raster	611	789	25	32	
CIA-UAP-015-Project_Blue_Book_Special_Report_No_14	266	artwork	-	raster	611	788	76	179	
CIA-UAP-015-Project_Blue_Book_Special_Report_No_14	267	artwork	-	raster	611	786	56	184	
CIA-UAP-015-Project_Blue_Book_Special_Report_No_14	268	artwork	-	raster	611	787	55	172	
CIA-UAP-015-Project_Blue_Book_Special_Report_No_14	269	artwork	-	raster	611	786	27	69	
CIA-UAP-015-Project_Blue_Book_Special_Report_No_14	270	artwork	-	raster	611	789	32	96	
CIA-UAP-015-Project_Blue_Book_Special_Report_No_14	271	artwork	-	raster	611	786	25	30	
CIA-UAP-015-Project_Blue_Book_Special_Report_No_14	272	artwork	-	raster	611	787	71	201	
CIA-UAP-015-Project_Blue_Book_Special_Report_No_14	273	artwork	-	raster	611	786	56	203	
CIA-UAP-015-Project_Blue_Book_Special_Report_No_14	274	artwork	-	raster	611	786	74	246	
CIA-UAP-015-Project_Blue_Book_Special_Report_No_14	276	artwork	-	raster	611	787	67	284	
CIA-UAP-015-Project_Blue_Book_Special_Report_No_14	277	artwork	-	raster	611	787	34	131	
CIA-UAP-015-Project_Blue_Book_Special_Report_No_14	278	artwork	-	raster	611	787	55	166	
CIA-UAP-015-Project_Blue_Book_Special_Report_No_14	279	artwork	-	raster	611	786	25	45	
CIA-UAP-015-Project_Blue_Book_Special_Report_No_14	280	artwork	-	raster	611	789	25	35	
CIA-UAP-015-Project_Blue_Book_Special_Report_No_14	281	artwork	-	raster	611	787	73	313	
CIA-UAP-015-Project_Blue_Book_Special_Report_No_14	283	artwork	-	raster	611	788	37	154	
CIA-UAP-015-Project_Blue_Book_Special_Report_No_14	284	artwork	-	raster	611	789	49	261	
CIA-UAP-015-Project_Blue_Book_Special_Report_No_14	286	artwork	-	raster	611	788	28	129	
CIA-UAP-015-Project_Blue_Book_Special_Report_No_14	287	artwork	-	raster	611	787	58	227	
CIA-UAP-015-Project_Blue_Book_Special_Report_No_14	288	artwork	-	raster	611	787	47	168	
CIA-UAP-015-Project_Blue_Book_Special_Report_No_14	289	artwork	-	raster	611	790	37	153	
CIA-UAP-015-Project_Blue_Book_Special_Report_No_14	290	artwork	-	raster	611	788	23	26	
CIA-UAP-015-Project_Blue_Book_Special_Report_No_14	291	artwork	-	raster	611	787	25	31	
CIA-UAP-015-Project_Blue_Book_Special_Report_No_14	292	artwork	-	raster	611	786	95	182	
CIA-UAP-015-Project_Blue_Book_Special_Report_No_14	293	artwork	-	raster	611	787	70	247	
CIA-UAP-015-Project_Blue_Book_Special_Report_No_14	294	artwork	-	raster	611	788	103	273	
CIA-UAP-015-Project_Blue_Book_Special_Report_No_14	295	artwork	-	raster	611	790	112	259	
CIA-UAP-015-Project_Blue_Book_Special_Report_No_14	296	artwork	-	raster	611	791	87	205	
CIA-UAP-015-Project_Blue_Book_Special_Report_No_14	297	artwork	-	raster	611	789	21	28	
CIA-UAP-015-Project_Blue_Book_Special_Report_No_14	298	artwork	-	raster	611	786	51	127	
CIA-UAP-015-Project_Blue_Book_Special_Report_No_14	299	artwork	-	raster	611	787	84	154	
CIA-UAP-015-Project_Blue_Book_Special_Report_No_14	300	artwork	-	raster	611	789	24	30	
CIA-UAP-015-Project_Blue_Book_Special_Report_No_14	301	artwork	-	raster	611	789	94	274	
CIA-UAP-015-Project_Blue_Book_Special_Report_No_14	302	artwork	-	raster	611	787	113	176	
CIA-UAP-015-Project_Blue_Book_Special_Report_No_14	303	artwork	-	raster	611	788	118	253	
CIA-UAP-015-Project_Blue_Book_Special_Report_No_14	304	artwork	-	raster	611	787	123	291	
CIA-UAP-015-Project_Blue_Book_Special_Report_No_14	305	artwork	-	raster	611	788	119	279	
CIA-UAP-015-Project_Blue_Book_Special_Report_No_14	306	artwork	-	raster	611	789	73	204	
CIA-UAP-015-Project_Blue_Book_Special_Report_No_14	307	artwork	-	raster	611	788	21	28	
CIA-UAP-015-Project_Blue_Book_Special_Report_No_14	308	artwork	-	raster	611	787	104	136	
CIA-UAP-015-Project_Blue_Book_Special_Report_No_14	309	artwork	-	raster	611	789	77	180	
~ | *
~ | 
CIA-UAP-015-Project_Blue_Book_Special_Report_No_14	310	artwork	-	raster	611	791	25	32	
CIA-UAP-015-Project_Blue_Book_Special_Report_No_14	311	artwork	-	raster	788	611	173	1223	
CIA-UAP-015-Project_Blue_Book_Special_Report_No_14	312	artwork	-	raster	611	792	24	35	
DGA	1	artwork	-	vector	612	792	10	16	
DGA	2	artwork	-	vector	612	74	1	7	
DGA	2	artwork	-	vector	508	4	0	0	
DGA	2	artwork	-	raster	612	52	0	0	
DGA	3	artwork	-	vector	612	74	1	7	
DGA	3	artwork	-	raster	62	62	0	0	
DGA	3	artwork	-	raster	62	62	0	0	
DGA	3	artwork	-	raster	62	62	0	0	
DGA	3	artwork	-	raster	612	37	0	0	
DGA	4	artwork	-	vector	612	74	1	7	
DGA	4	artwork	-	raster	612	37	0	0	
DGA	4	artwork	-	raster	62	62	0	0	
DGA	4	artwork	-	raster	62	62	0	0	
DGA	4	artwork	-	raster	62	62	0	0	
DGA	5	artwork	-	vector	612	74	1	7	
DGA	5	artwork	-	raster	62	62	0	0	
DGA	5	artwork	-	raster	612	37	0	0	
DGA	6	artwork	-	vector	612	74	1	7	
DGA	6	artwork	-	raster	62	62	0	0	
DGA	6	artwork	-	raster	612	37	0	0	
DGA	7	artwork	-	vector	612	74	1	7	
DGA	7	artwork	-	raster	612	37	0	0	
DGA	7	artwork	-	vector	241	33	0	0	
DGA	8	artwork	-	vector	612	74	1	7	
DGA	8	artwork	-	raster	612	37	0	0	
DGA	8	artwork	-	vector	317	33	0	0	
DGA	8	artwork	-	vector	340	33	0	0	
DGA	9	artwork	-	vector	612	74	1	7	
DGA	9	artwork	-	vector	475	33	0	0	
DGA	9	artwork	-	raster	612	37	0	0	
DGA	9	artwork	-	vector	419	33	0	0	
DGA	9	artwork	-	vector	419	33	0	0	
DGA	9	artwork	-	vector	420	33	0	0	
DGA	10	artwork	-	vector	612	74	2	9	
DGA	10	artwork	-	raster	612	37	0	0	
DGA	10	artwork	-	vector	310	33	0	0	
DGA	10	artwork	-	vector	383	33	0	0	
GPO-911REPORT	3	artwork	-	vector	323	4	0	0	
GPO-911REPORT	11	artwork	-	vector	64	64	0	0	
GPO-911REPORT	11	artwork	-	raster	138	28	0	0	
GPO-911REPORT	11	artwork	-	raster	126	26	0	0	
GPO-911REPORT	11	artwork	-	raster	148	23	0	0	
GPO-911REPORT	11	artwork	-	raster	160	40	1	3	
GPO-911REPORT	11	artwork	-	raster	136	39	1	2	
GPO-911REPORT	11	artwork	-	raster	97	42	0	0	
GPO-911REPORT	11	artwork	-	raster	75	47	0	0	
GPO-911REPORT	11	artwork	-	raster	146	61	1	3	
GPO-911REPORT	11	artwork	-	raster	143	50	1	3	
GPO-911REPORT	11	artwork	-	raster	145	53	1	3	
GPO-911REPORT	33	artwork	-	raster	316	240	20	23	
GPO-911REPORT	33	artwork	-	raster	316	228	12	20	
GPO-911REPORT	50	artwork	-	raster	317	123	4	8	
GPO-911REPORT	51	artwork	-	raster	155	112	2	2	
GPO-911REPORT	51	artwork	-	raster	154	111	2	3	
GPO-911REPORT	67	artwork	-	raster	312	285	0	0	
GPO-911REPORT	82	artwork	-	raster	292	311	0	0	
GPO-911REPORT	165	equation	-	vector	311	13	1	12	
GPO-911REPORT	166	artwork	-	raster	312	236	0	0	
GPO-911REPORT	170	equation	-	vector	311	13	1	12	
GPO-911REPORT	171	equation	-	vector	311	13	1	12	
GPO-911REPORT	172	equation	-	vector	321	24	2	13	
GPO-911REPORT	190	equation	-	vector	311	13	1	12	
GPO-911REPORT	190	equation	-	vector	299	30	2	16	
GPO-911REPORT	191	equation	-	vector	299	53	4	35	
GPO-911REPORT	194	equation	-	vector	311	13	1	10	
GPO-911REPORT	197	equation	-	vector	311	13	1	11	
GPO-911REPORT	201	equation	-	vector	311	13	1	11	
GPO-911REPORT	205	equation	-	vector	287	13	1	11	
GPO-911REPORT	205	equation	-	vector	299	13	1	12	
GPO-911REPORT	205	equation	-	vector	299	19	1	11	
GPO-911REPORT	207	equation	-	vector	311	19	1	11	
GPO-911REPORT	209	equation	-	vector	311	13	1	12	
GPO-911REPORT	210	equation	-	vector	321	24	2	13	
GPO-911REPORT	213	equation	-	vector	311	13	1	12	
GPO-911REPORT	215	equation	-	vector	299	25	2	17	
GPO-911REPORT	217	equation	-	vector	311	13	1	11	
GPO-911REPORT	217	equation	-	vector	311	13	1	12	
GPO-911REPORT	221	equation	-	vector	311	13	1	12	
GPO-911REPORT	221	equation	-	vector	311	13	1	11	
GPO-911REPORT	230	equation	-	vector	311	13	1	10	
GPO-911REPORT	231	equation	-	vector	311	13	1	12	
GPO-911REPORT	235	equation	-	vector	321	24	2	14	
GPO-911REPORT	237	equation	-	vector	311	13	1	12	
GPO-911REPORT	237	equation	-	vector	311	13	1	12	
GPO-911REPORT	242	equation	-	vector	311	13	1	11	
GPO-911REPORT	251	equation	-	vector	311	13	1	10	
GPO-911REPORT	256	artwork	-	raster	86	107	0	0	
GPO-911REPORT	256	artwork	-	raster	85	107	0	0	
GPO-911REPORT	256	artwork	-	raster	84	106	0	0	
GPO-911REPORT	256	artwork	-	raster	84	104	0	0	
GPO-911REPORT	256	artwork	-	raster	84	106	0	0	
GPO-911REPORT	256	artwork	-	raster	86	109	0	0	
GPO-911REPORT	256	artwork	-	raster	85	107	0	0	
GPO-911REPORT	256	artwork	-	raster	85	107	0	0	
GPO-911REPORT	256	artwork	-	raster	84	110	0	0	
GPO-911REPORT	256	artwork	-	raster	85	108	0	0	
GPO-911REPORT	257	artwork	-	vector	316	4	0	0	
GPO-911REPORT	257	artwork	-	raster	84	108	0	0	
GPO-911REPORT	257	artwork	-	raster	84	106	0	0	
GPO-911REPORT	257	artwork	-	raster	83	105	0	0	
GPO-911REPORT	257	artwork	-	raster	85	104	0	0	
GPO-911REPORT	257	artwork	-	raster	85	107	0	0	
GPO-911REPORT	257	artwork	-	raster	83	106	0	0	
GPO-911REPORT	257	artwork	-	raster	84	107	0	0	
GPO-911REPORT	257	artwork	-	raster	86	111	0	0	
GPO-911REPORT	257	artwork	-	raster	87	109	0	0	
GPO-911REPORT	261	equation	-	vector	311	13	1	12	
GPO-911REPORT	267	equation	-	vector	311	13	1	11	
GPO-911REPORT	270	equation	-	vector	311	19	1	12	
GPO-911REPORT	279	equation	-	vector	274	36	3	27	
GPO-911REPORT	286	equation	-	vector	311	13	1	12	
GPO-911REPORT	287	equation	-	vector	311	13	1	11	
GPO-911REPORT	292	equation	-	vector	311	13	1	12	
GPO-911REPORT	295	equation	-	vector	311	13	1	11	
GPO-911REPORT	297	artwork	-	raster	312	242	0	0	
GPO-911REPORT	298	equation	-	vector	311	13	1	10	
GPO-911REPORT	302	artwork	-	raster	313	306	0	0	
GPO-911REPORT	306	artwork	-	raster	313	323	0	0	
GPO-911REPORT	308	equation	-	vector	311	13	1	11	
GPO-911REPORT	309	equation	-	vector	323	13	1	12	
GPO-911REPORT	310	equation	-	vector	311	13	1	11	
GPO-911REPORT	313	equation	-	vector	321	24	2	13	
GPO-911REPORT	317	equation	-	vector	311	13	1	12	
GPO-911REPORT	320	equation	-	vector	311	13	1	12	
GPO-911REPORT	327	equation	-	vector	311	13	1	10	
GPO-911REPORT	330	artwork	-	raster	312	462	0	0	
GPO-911REPORT	331	artwork	-	raster	313	208	0	0	
GPO-911REPORT	331	artwork	-	raster	312	222	0	0	
GPO-911REPORT	332	equation	-	vector	311	13	1	12	
GPO-911REPORT	333	equation	-	vector	311	13	1	12	
GPO-911REPORT	334	equation	-	vector	311	13	1	11	
GPO-911REPORT	337	equation	-	vector	311	13	1	10	
GPO-911REPORT	337	equation	-	vector	311	13	1	12	
GPO-911REPORT	338	equation	-	vector	311	13	1	9	
GPO-911REPORT	338	equation	-	vector	311	13	1	9	
GPO-911REPORT	339	equation	-	vector	311	13	1	12	
GPO-911REPORT	431	artwork	-	vector	292	484	52	101	
GPO-WARRENCOMMISSIONREPORT	1	artwork	-	raster	426	664	0	0	
GPO-WARRENCOMMISSIONREPORT	2	artwork	-	raster	388	630	0	0	
GPO-WARRENCOMMISSIONREPORT	3	artwork	-	raster	395	631	1	1	
GPO-WARRENCOMMISSIONREPORT	4	artwork	-	raster	373	634	0	0	
GPO-WARRENCOMMISSIONREPORT	5	artwork	-	raster	377	640	4	11	
GPO-WARRENCOMMISSIONREPORT	6	artwork	-	raster	400	634	3	14	
GPO-WARRENCOMMISSIONREPORT	7	artwork	-	raster	393	637	10	25	
GPO-WARRENCOMMISSIONREPORT	8	artwork	-	raster	402	635	6	33	
GPO-WARRENCOMMISSIONREPORT	9	artwork	-	raster	395	638	31	135	
GPO-WARRENCOMMISSIONREPORT	10	artwork	-	raster	399	631	0	0	
GPO-WARRENCOMMISSIONREPORT	11	artwork	-	raster	395	637	27	93	
GPO-WARRENCOMMISSIONREPORT	12	artwork	-	raster	403	634	0	0	
GPO-WARRENCOMMISSIONREPORT	13	artwork	-	raster	395	638	41	387	
GPO-WARRENCOMMISSIONREPORT	14	artwork	-	raster	397	635	48	469	
GPO-WARRENCOMMISSIONREPORT	15	artwork	-	raster	395	637	47	440	
GPO-WARRENCOMMISSIONREPORT	16	artwork	-	raster	396	638	50	478	
GPO-WARRENCOMMISSIONREPORT	17	artwork	-	raster	395	637	47	460	
GPO-WARRENCOMMISSIONREPORT	18	artwork	-	raster	405	635	48	468	
GPO-WARRENCOMMISSIONREPORT	19	artwork	-	raster	395	638	31	293	
GPO-WARRENCOMMISSIONREPORT	20	artwork	-	raster	399	630	0	0	
GPO-WARRENCOMMISSIONREPORT	21	artwork	-	raster	392	637	44	193	
GPO-WARRENCOMMISSIONREPORT	22	artwork	-	raster	396	635	48	225	
GPO-WARRENCOMMISSIONREPORT	23	artwork	-	raster	392	638	49	224	
GPO-WARRENCOMMISSIONREPORT	24	artwork	-	raster	389	636	48	252	
GPO-WARRENCOMMISSIONREPORT	25	artwork	-	raster	393	638	41	184	
GPO-WARRENCOMMISSIONREPORT	26	artwork	-	raster	389	636	50	248	
GPO-WARRENCOMMISSIONREPORT	27	artwork	-	raster	392	638	48	243	
GPO-WARRENCOMMISSIONREPORT	28	artwork	-	raster	389	636	42	155	
GPO-WARRENCOMMISSIONREPORT	29	artwork	-	raster	395	637	34	327	
GPO-WARRENCOMMISSIONREPORT	30	artwork	-	raster	393	639	49	494	
GPO-WARRENCOMMISSIONREPORT	31	artwork	-	raster	388	638	50	526	
GPO-WARRENCOMMISSIONREPORT	32	artwork	-	raster	393	639	49	547	
GPO-WARRENCOMMISSIONREPORT	33	artwork	-	raster	388	638	48	529	
GPO-WARRENCOMMISSIONREPORT	34	artwork	-	raster	393	639	50	537	
GPO-WARRENCOMMISSIONREPORT	35	artwork	-	raster	388	638	49	555	
GPO-WARRENCOMMISSIONREPORT	36	artwork	-	raster	393	639	49	546	
GPO-WARRENCOMMISSIONREPORT	37	artwork	-	raster	388	638	50	538	
GPO-WARRENCOMMISSIONREPORT	38	artwork	-	raster	393	639	49	502	
GPO-WARRENCOMMISSIONREPORT	39	artwork	-	raster	388	638	50	533	
GPO-WARRENCOMMISSIONREPORT	40	artwork	-	raster	393	639	50	525	
GPO-WARRENCOMMISSIONREPORT	41	artwork	-	raster	388	638	50	517	
GPO-WARRENCOMMISSIONREPORT	42	artwork	-	raster	393	639	50	545	
GPO-WARRENCOMMISSIONREPORT	43	artwork	-	raster	388	638	50	524	
GPO-WARRENCOMMISSIONREPORT	44	artwork	-	raster	393	639	49	538	
GPO-WARRENCOMMISSIONREPORT	45	artwork	-	raster	388	638	50	526	
GPO-WARRENCOMMISSIONREPORT	46	artwork	-	raster	393	639	49	426	
GPO-WARRENCOMMISSIONREPORT	47	artwork	-	raster	388	638	50	449	
GPO-WARRENCOMMISSIONREPORT	48	artwork	-	raster	393	639	51	462	
GPO-WARRENCOMMISSIONREPORT	49	artwork	-	raster	388	638	51	457	
GPO-WARRENCOMMISSIONREPORT	50	artwork	-	raster	393	639	49	466	
GPO-WARRENCOMMISSIONREPORT	51	artwork	-	raster	388	638	54	445	
GPO-WARRENCOMMISSIONREPORT	52	artwork	-	raster	393	639	49	444	
GPO-WARRENCOMMISSIONREPORT	53	artwork	-	raster	388	638	47	425	
GPO-WARRENCOMMISSIONREPORT	54	artwork	-	raster	393	639	49	437	
GPO-WARRENCOMMISSIONREPORT	55	artwork	-	raster	388	638	15	132	
GPO-WARRENCOMMISSIONREPORT	56	artwork	-	raster	393	639	36	331	
GPO-WARRENCOMMISSIONREPORT	57	artwork	-	raster	388	638	46	475	
GPO-WARRENCOMMISSIONREPORT	58	artwork	-	raster	393	639	48	489	
GPO-WARRENCOMMISSIONREPORT	59	artwork	-	raster	388	638	49	493	
GPO-WARRENCOMMISSIONREPORT	60	artwork	-	raster	393	639	48	503	
GPO-WARRENCOMMISSIONREPORT	61	artwork	-	raster	388	638	23	73	
GPO-WARRENCOMMISSIONREPORT	62	artwork	-	raster	393	639	20	39	
GPO-WARRENCOMMISSIONREPORT	63	artwork	-	raster	388	638	13	48	
GPO-WARRENCOMMISSIONREPORT	64	artwork	-	raster	393	639	8	23	
GPO-WARRENCOMMISSIONREPORT	65	artwork	-	raster	388	638	5	19	
GPO-WARRENCOMMISSIONREPORT	66	artwork	-	raster	393	639	5	31	
GPO-WARRENCOMMISSIONREPORT	67	artwork	-	raster	388	638	49	502	
GPO-WARRENCOMMISSIONREPORT	68	artwork	-	raster	393	639	45	413	
GPO-WARRENCOMMISSIONREPORT	69	artwork	-	raster	388	638	50	479	
GPO-WARRENCOMMISSIONREPORT	70	artwork	-	raster	393	639	44	433	
GPO-WARRENCOMMISSIONREPORT	71	artwork	-	raster	388	638	49	436	
GPO-WARRENCOMMISSIONREPORT	72	artwork	-	raster	393	639	3	14	
GPO-WARRENCOMMISSIONREPORT	73	artwork	-	raster	388	638	52	518	
GPO-WARRENCOMMISSIONREPORT	74	artwork	-	raster	393	639	48	451	
GPO-WARRENCOMMISSIONREPORT	75	artwork	-	raster	388	638	3	10	
GPO-WARRENCOMMISSIONREPORT	76	artwork	-	raster	393	639	47	451	
GPO-WARRENCOMMISSIONREPORT	77	artwork	-	raster	388	638	45	483	
GPO-WARRENCOMMISSIONREPORT	78	artwork	-	raster	393	639	49	529	
GPO-WARRENCOMMISSIONREPORT	79	artwork	-	raster	388	638	48	484	
GPO-WARRENCOMMISSIONREPORT	80	artwork	-	raster	393	639	46	431	
GPO-WARRENCOMMISSIONREPORT	81	artwork	-	raster	388	638	48	491	
GPO-WARRENCOMMISSIONREPORT	82	artwork	-	raster	393	639	49	508	
GPO-WARRENCOMMISSIONREPORT	83	artwork	-	raster	388	638	49	462	
GPO-WARRENCOMMISSIONREPORT	84	artwork	-	raster	393	639	47	478	
GPO-WARRENCOMMISSIONREPORT	85	artwork	-	raster	388	638	49	470	
GPO-WARRENCOMMISSIONREPORT	86	artwork	-	raster	393	639	48	477	
GPO-WARRENCOMMISSIONREPORT	87	artwork	-	raster	388	638	45	427	
GPO-WARRENCOMMISSIONREPORT	88	artwork	-	raster	393	639	40	388	
GPO-WARRENCOMMISSIONREPORT	89	artwork	-	raster	388	638	33	302	
GPO-WARRENCOMMISSIONREPORT	90	artwork	-	raster	393	639	8	59	
GPO-WARRENCOMMISSIONREPORT	91	artwork	-	raster	388	638	46	453	
GPO-WARRENCOMMISSIONREPORT	92	artwork	-	raster	393	639	49	499	
GPO-WARRENCOMMISSIONREPORT	93	artwork	-	raster	388	638	47	471	
GPO-WARRENCOMMISSIONREPORT	94	artwork	-	raster	393	639	3	14	
GPO-WARRENCOMMISSIONREPORT	95	artwork	-	raster	388	638	3	13	
GPO-WARRENCOMMISSIONREPORT	96	artwork	-	raster	393	639	43	454	
GPO-WARRENCOMMISSIONREPORT	97	artwork	-	raster	388	638	3	17	
GPO-WARRENCOMMISSIONREPORT	98	artwork	-	raster	393	639	44	466	
GPO-WARRENCOMMISSIONREPORT	99	artwork	-	raster	388	638	48	504	
GPO-WARRENCOMMISSIONREPORT	100	artwork	-	raster	393	639	51	522	
GPO-WARRENCOMMISSIONREPORT	101	artwork	-	raster	388	638	12	28	
GPO-WARRENCOMMISSIONREPORT	102	artwork	-	raster	393	639	5	15	
GPO-WARRENCOMMISSIONREPORT	103	artwork	-	raster	388	638	2	5	
GPO-WARRENCOMMISSIONREPORT	104	artwork	-	raster	393	639	47	502	
GPO-WARRENCOMMISSIONREPORT	105	artwork	-	raster	388	638	47	488	
GPO-WARRENCOMMISSIONREPORT	106	artwork	-	raster	393	639	4	13	
GPO-WARRENCOMMISSIONREPORT	107	artwork	-	raster	388	638	47	458	
GPO-WARRENCOMMISSIONREPORT	108	artwork	-	raster	393	639	3	14	
GPO-WARRENCOMMISSIONREPORT	109	artwork	-	raster	388	638	48	494	
GPO-WARRENCOMMISSIONREPORT	110	artwork	-	raster	393	639	2	5	
GPO-WARRENCOMMISSIONREPORT	111	artwork	-	raster	388	638	4	16	
GPO-WARRENCOMMISSIONREPORT	112	artwork	-	raster	393	639	47	485	
GPO-WARRENCOMMISSIONREPORT	113	artwork	-	raster	388	638	46	443	
GPO-WARRENCOMMISSIONREPORT	114	artwork	-	raster	393	639	49	532	
GPO-WARRENCOMMISSIONREPORT	115	artwork	-	raster	388	638	46	459	
GPO-WARRENCOMMISSIONREPORT	116	artwork	-	raster	393	639	47	513	
GPO-WARRENCOMMISSIONREPORT	117	artwork	-	raster	388	638	50	454	
GPO-WARRENCOMMISSIONREPORT	118	artwork	-	raster	393	639	49	486	
GPO-WARRENCOMMISSIONREPORT	119	artwork	-	raster	388	638	50	527	
GPO-WARRENCOMMISSIONREPORT	120	artwork	-	raster	393	639	48	531	
GPO-WARRENCOMMISSIONREPORT	121	artwork	-	raster	388	638	50	533	
GPO-WARRENCOMMISSIONREPORT	122	artwork	-	raster	393	639	50	572	
GPO-WARRENCOMMISSIONREPORT	123	artwork	-	raster	388	638	53	533	
GPO-WARRENCOMMISSIONREPORT	124	artwork	-	raster	393	639	44	431	
GPO-WARRENCOMMISSIONREPORT	125	artwork	-	raster	388	638	48	493	
GPO-WARRENCOMMISSIONREPORT	126	artwork	-	raster	393	639	51	548	
GPO-WARRENCOMMISSIONREPORT	127	artwork	-	raster	388	638	3	15	
GPO-WARRENCOMMISSIONREPORT	128	artwork	-	raster	393	639	10	47	
GPO-WARRENCOMMISSIONREPORT	129	artwork	-	raster	388	638	4	19	
GPO-WARRENCOMMISSIONREPORT	130	artwork	-	raster	393	639	9	46	
GPO-WARRENCOMMISSIONREPORT	131	artwork	-	raster	388	638	10	47	
GPO-WARRENCOMMISSIONREPORT	132	artwork	-	raster	393	639	3	12	
GPO-WARRENCOMMISSIONREPORT	133	artwork	-	raster	388	638	51	547	
GPO-WARRENCOMMISSIONREPORT	134	artwork	-	raster	393	639	50	571	
GPO-WARRENCOMMISSIONREPORT	135	artwork	-	raster	388	638	50	514	
GPO-WARRENCOMMISSIONREPORT	136	artwork	-	raster	393	639	13	59	
GPO-WARRENCOMMISSIONREPORT	137	artwork	-	raster	388	638	48	512	
GPO-WARRENCOMMISSIONREPORT	138	artwork	-	raster	393	639	48	516	
GPO-WARRENCOMMISSIONREPORT	139	artwork	-	raster	388	638	44	430	
GPO-WARRENCOMMISSIONREPORT	140	artwork	-	raster	393	639	50	557	
GPO-WARRENCOMMISSIONREPORT	141	artwork	-	raster	388	638	4	12	
GPO-WARRENCOMMISSIONREPORT	142	artwork	-	raster	393	639	10	51	
GPO-WARRENCOMMISSIONREPORT	143	artwork	-	raster	388	638	46	493	
GPO-WARRENCOMMISSIONREPORT	144	artwork	-	raster	393	639	50	541	
GPO-WARRENCOMMISSIONREPORT	145	artwork	-	raster	388	638	44	457	
GPO-WARRENCOMMISSIONREPORT	146	artwork	-	raster	393	639	36	327	
GPO-WARRENCOMMISSIONREPORT	147	artwork	-	raster	388	638	50	510	
GPO-WARRENCOMMISSIONREPORT	148	artwork	-	raster	393	639	32	94	
GPO-WARRENCOMMISSIONREPORT	149	artwork	-	raster	388	638	51	532	
GPO-WARRENCOMMISSIONREPORT	150	artwork	-	raster	393	639	49	510	
GPO-WARRENCOMMISSIONREPORT	151	artwork	-	raster	388	638	49	500	
GPO-WARRENCOMMISSIONREPORT	152	artwork	-	raster	393	639	47	506	
GPO-WARRENCOMMISSIONREPORT	153	artwork	-	raster	388	638	49	529	
GPO-WARRENCOMMISSIONREPORT	154	artwork	-	raster	387	636	6	27	
GPO-WARRENCOMMISSIONREPORT	155	artwork	-	raster	387	636	50	501	
GPO-WARRENCOMMISSIONREPORT	156	artwork	-	raster	387	636	49	509	
GPO-WARRENCOMMISSIONREPORT	157	artwork	-	raster	387	636	44	421	
GPO-WARRENCOMMISSIONREPORT	158	artwork	-	raster	387	636	50	506	
GPO-WARRENCOMMISSIONREPORT	159	artwork	-	raster	387	636	47	502	
GPO-WARRENCOMMISSIONREPORT	160	artwork	-	raster	387	636	4	22	
GPO-WARRENCOMMISSIONREPORT	161	artwork	-	raster	387	636	50	564	
GPO-WARRENCOMMISSIONREPORT	162	artwork	-	raster	387	636	49	501	
GPO-WARRENCOMMISSIONREPORT	163	artwork	-	raster	387	636	49	495	
GPO-WARRENCOMMISSIONREPORT	164	artwork	-	raster	387	636	44	444	
GPO-WARRENCOMMISSIONREPORT	165	artwork	-	raster	387	636	44	424	
GPO-WARRENCOMMISSIONREPORT	166	artwork	-	raster	387	636	5	20	
GPO-WARRENCOMMISSIONREPORT	167	artwork	-	raster	387	636	8	37	
GPO-WARRENCOMMISSIONREPORT	168	artwork	-	raster	387	636	47	525	
GPO-WARRENCOMMISSIONREPORT	169	artwork	-	raster	387	636	47	507	
GPO-WARRENCOMMISSIONREPORT	170	artwork	-	raster	387	636	6	25	
GPO-WARRENCOMMISSIONREPORT	171	artwork	-	raster	387	636	47	490	
GPO-WARRENCOMMISSIONREPORT	172	artwork	-	raster	387	636	53	547	
GPO-WARRENCOMMISSIONREPORT	173	artwork	-	raster	387	636	50	542	
GPO-WARRENCOMMISSIONREPORT	174	artwork	-	raster	387	636	49	519	
GPO-WARRENCOMMISSIONREPORT	175	artwork	-	raster	387	636	49	530	
GPO-WARRENCOMMISSIONREPORT	176	artwork	-	raster	387	636	6	19	
GPO-WARRENCOMMISSIONREPORT	177	artwork	-	raster	387	636	49	525	
GPO-WARRENCOMMISSIONREPORT	178	artwork	-	raster	387	636	46	110	
GPO-WARRENCOMMISSIONREPORT	179	artwork	-	raster	387	636	48	523	
GPO-WARRENCOMMISSIONREPORT	180	artwork	-	raster	387	636	51	561	
GPO-WARRENCOMMISSIONREPORT	181	artwork	-	raster	387	636	51	565	
GPO-WARRENCOMMISSIONREPORT	182	artwork	-	raster	387	636	51	549	
GPO-WARRENCOMMISSIONREPORT	183	artwork	-	raster	387	636	50	556	
GPO-WARRENCOMMISSIONREPORT	184	artwork	-	raster	387	636	44	469	
GPO-WARRENCOMMISSIONREPORT	185	artwork	-	raster	387	636	45	486	
GPO-WARRENCOMMISSIONREPORT	186	artwork	-	raster	387	636	50	154	
GPO-WARRENCOMMISSIONREPORT	187	artwork	-	raster	387	636	42	465	
GPO-WARRENCOMMISSIONREPORT	188	artwork	-	raster	387	636	50	525	
GPO-WARRENCOMMISSIONREPORT	189	artwork	-	raster	387	636	46	496	
GPO-WARRENCOMMISSIONREPORT	190	artwork	-	raster	387	636	46	504	
GPO-WARRENCOMMISSIONREPORT	191	artwork	-	raster	387	636	50	542	
GPO-WARRENCOMMISSIONREPORT	192	artwork	-	raster	387	636	5	22	
GPO-WARRENCOMMISSIONREPORT	193	artwork	-	raster	387	636	48	510	
GPO-WARRENCOMMISSIONREPORT	194	artwork	-	raster	387	636	49	557	
GPO-WARRENCOMMISSIONREPORT	195	artwork	-	raster	387	636	51	549	
GPO-WARRENCOMMISSIONREPORT	196	artwork	-	raster	387	636	50	541	
GPO-WARRENCOMMISSIONREPORT	197	artwork	-	raster	387	636	51	548	
GPO-WARRENCOMMISSIONREPORT	198	artwork	-	raster	387	636	5	14	
GPO-WARRENCOMMISSIONREPORT	199	artwork	-	raster	387	636	50	508	
GPO-WARRENCOMMISSIONREPORT	200	artwork	-	raster	387	636	48	469	
GPO-WARRENCOMMISSIONREPORT	201	artwork	-	raster	387	636	102	293	
GPO-WARRENCOMMISSIONREPORT	202	artwork	-	raster	387	636	49	508	
GPO-WARRENCOMMISSIONREPORT	203	artwork	-	raster	387	636	49	500	
GPO-WARRENCOMMISSIONREPORT	204	artwork	-	raster	387	636	45	475	
GPO-WARRENCOMMISSIONREPORT	205	artwork	-	raster	387	636	6	23	
GPO-WARRENCOMMISSIONREPORT	206	artwork	-	raster	387	636	50	579	
GPO-WARRENCOMMISSIONREPORT	207	artwork	-	raster	387	636	52	555	
GPO-WARRENCOMMISSIONREPORT	208	artwork	-	raster	387	636	46	459	
GPO-WARRENCOMMISSIONREPORT	209	artwork	-	raster	387	636	46	483	
GPO-WARRENCOMMISSIONREPORT	210	artwork	-	raster	387	636	46	485	
GPO-WARRENCOMMISSIONREPORT	211	artwork	-	raster	387	636	45	468	
GPO-WARRENCOMMISSIONREPORT	212	artwork	-	raster	387	636	50	529	
GPO-WARRENCOMMISSIONREPORT	213	artwork	-	raster	387	636	51	535	
GPO-WARRENCOMMISSIONREPORT	214	artwork	-	raster	387	636	51	522	
GPO-WARRENCOMMISSIONREPORT	215	artwork	-	raster	387	636	48	493	
GPO-WARRENCOMMISSIONREPORT	216	artwork	-	raster	387	636	46	480	
GPO-WARRENCOMMISSIONREPORT	217	artwork	-	raster	387	636	45	455	
GPO-WARRENCOMMISSIONREPORT	218	artwork	-	raster	387	636	41	428	
GPO-WARRENCOMMISSIONREPORT	219	artwork	-	raster	387	636	46	474	
GPO-WARRENCOMMISSIONREPORT	220	artwork	-	raster	387	636	44	410	
GPO-WARRENCOMMISSIONREPORT	221	artwork	-	raster	387	636	48	531	
GPO-WARRENCOMMISSIONREPORT	222	artwork	-	raster	387	636	50	602	
GPO-WARRENCOMMISSIONREPORT	223	artwork	-	raster	387	636	46	486	
GPO-WARRENCOMMISSIONREPORT	224	artwork	-	raster	387	636	36	344	
GPO-WARRENCOMMISSIONREPORT	225	artwork	-	raster	387	636	11	43	
GPO-WARRENCOMMISSIONREPORT	226	artwork	-	raster	387	636	49	516	
GPO-WARRENCOMMISSIONREPORT	227	artwork	-	raster	387	636	50	504	
GPO-WARRENCOMMISSIONREPORT	228	artwork	-	raster	387	636	45	445	
GPO-WARRENCOMMISSIONREPORT	229	artwork	-	raster	387	636	43	412	
GPO-WARRENCOMMISSIONREPORT	230	artwork	-	raster	387	636	46	437	
GPO-WARRENCOMMISSIONREPORT	231	artwork	-	raster	387	636	4	16	
GPO-WARRENCOMMISSIONREPORT	232	artwork	-	raster	387	636	49	494	
GPO-WARRENCOMMISSIONREPORT	233	artwork	-	raster	387	636	4	16	
GPO-WARRENCOMMISSIONREPORT	234	artwork	-	raster	387	636	48	498	
GPO-WARRENCOMMISSIONREPORT	235	artwork	-	raster	387	636	4	13	
GPO-WARRENCOMMISSIONREPORT	236	artwork	-	raster	387	636	47	486	
GPO-WARRENCOMMISSIONREPORT	237	artwork	-	raster	387	636	48	531	
GPO-WARRENCOMMISSIONREPORT	238	artwork	-	raster	387	636	51	557	
GPO-WARRENCOMMISSIONREPORT	239	artwork	-	raster	387	636	15	39	
GPO-WARRENCOMMISSIONREPORT	240	artwork	-	raster	387	636	51	516	
GPO-WARRENCOMMISSIONREPORT	241	artwork	-	raster	387	636	48	517	
GPO-WARRENCOMMISSIONREPORT	242	artwork	-	raster	387	636	7	23	
GPO-WARRENCOMMISSIONREPORT	243	artwork	-	raster	387	636	50	544	
GPO-WARRENCOMMISSIONREPORT	244	artwork	-	raster	387	636	46	465	
GPO-WARRENCOMMISSIONREPORT	245	artwork	-	raster	387	636	11	23	
GPO-WARRENCOMMISSIONREPORT	246	artwork	-	raster	387	636	4	15	
GPO-WARRENCOMMISSIONREPORT	247	artwork	-	raster	387	636	50	538	
GPO-WARRENCOMMISSIONREPORT	248	artwork	-	raster	387	636	4	20	
GPO-WARRENCOMMISSIONREPORT	249	artwork	-	raster	387	636	50	535	
GPO-WARRENCOMMISSIONREPORT	250	artwork	-	raster	387	636	50	513	
GPO-WARRENCOMMISSIONREPORT	251	artwork	-	raster	387	636	2	5	
GPO-WARRENCOMMISSIONREPORT	252	artwork	-	raster	387	636	50	520	
GPO-WARRENCOMMISSIONREPORT	253	artwork	-	raster	387	636	44	408	
GPO-WARRENCOMMISSIONREPORT	254	artwork	-	raster	387	636	49	487	
GPO-WARRENCOMMISSIONREPORT	255	artwork	-	raster	387	636	49	502	
GPO-WARRENCOMMISSIONREPORT	256	artwork	-	raster	387	636	48	493	
GPO-WARRENCOMMISSIONREPORT	257	artwork	-	raster	387	636	47	497	
GPO-WARRENCOMMISSIONREPORT	258	artwork	-	raster	387	636	48	490	
GPO-WARRENCOMMISSIONREPORT	259	artwork	-	raster	387	636	46	479	
GPO-WARRENCOMMISSIONREPORT	260	artwork	-	raster	387	636	3	14	
GPO-WARRENCOMMISSIONREPORT	261	artwork	-	raster	387	636	50	491	
GPO-WARRENCOMMISSIONREPORT	262	artwork	-	raster	387	636	48	412	
GPO-WARRENCOMMISSIONREPORT	263	artwork	-	raster	387	636	49	511	
GPO-WARRENCOMMISSIONREPORT	264	artwork	-	raster	387	636	49	501	
GPO-WARRENCOMMISSIONREPORT	265	artwork	-	raster	387	636	47	455	
GPO-WARRENCOMMISSIONREPORT	266	artwork	-	raster	387	636	50	523	
GPO-WARRENCOMMISSIONREPORT	267	artwork	-	raster	387	636	49	465	
GPO-WARRENCOMMISSIONREPORT	268	artwork	-	raster	387	636	47	479	
GPO-WARRENCOMMISSIONREPORT	269	artwork	-	raster	387	636	46	447	
GPO-WARRENCOMMISSIONREPORT	270	artwork	-	raster	387	636	27	280	
GPO-WARRENCOMMISSIONREPORT	271	artwork	-	raster	387	636	37	353	
GPO-WARRENCOMMISSIONREPORT	272	artwork	-	raster	387	636	50	499	
GPO-WARRENCOMMISSIONREPORT	273	artwork	-	raster	387	636	46	462	
GPO-WARRENCOMMISSIONREPORT	274	artwork	-	raster	387	636	48	474	
GPO-WARRENCOMMISSIONREPORT	275	artwork	-	raster	387	636	50	499	
GPO-WARRENCOMMISSIONREPORT	276	artwork	-	raster	387	636	48	535	
GPO-WARRENCOMMISSIONREPORT	277	artwork	-	raster	387	636	51	524	
GPO-WARRENCOMMISSIONREPORT	278	artwork	-	raster	387	636	49	548	
GPO-WARRENCOMMISSIONREPORT	279	artwork	-	raster	387	636	48	532	
GPO-WARRENCOMMISSIONREPORT	280	artwork	-	raster	387	636	48	486	
GPO-WARRENCOMMISSIONREPORT	281	artwork	-	raster	387	636	50	550	
GPO-WARRENCOMMISSIONREPORT	282	artwork	-	raster	387	636	45	486	
GPO-WARRENCOMMISSIONREPORT	283	artwork	-	raster	387	636	42	408	
GPO-WARRENCOMMISSIONREPORT	284	artwork	-	raster	387	636	49	507	
GPO-WARRENCOMMISSIONREPORT	285	artwork	-	raster	387	636	53	571	
GPO-WARRENCOMMISSIONREPORT	286	artwork	-	raster	387	636	49	518	
GPO-WARRENCOMMISSIONREPORT	287	artwork	-	raster	387	636	56	589	
GPO-WARRENCOMMISSIONREPORT	288	artwork	-	raster	387	636	52	560	
GPO-WARRENCOMMISSIONREPORT	289	artwork	-	raster	387	636	12	32	
GPO-WARRENCOMMISSIONREPORT	290	artwork	-	raster	387	636	48	487	
GPO-WARRENCOMMISSIONREPORT	291	artwork	-	raster	387	636	12	35	
GPO-WARRENCOMMISSIONREPORT	292	artwork	-	raster	387	636	25	83	
GPO-WARRENCOMMISSIONREPORT	293	artwork	-	raster	387	636	52	514	
GPO-WARRENCOMMISSIONREPORT	294	artwork	-	raster	387	636	48	483	
GPO-WARRENCOMMISSIONREPORT	295	artwork	-	raster	387	636	48	455	
GPO-WARRENCOMMISSIONREPORT	296	artwork	-	raster	387	636	6	25	
GPO-WARRENCOMMISSIONREPORT	297	artwork	-	raster	387	636	50	522	
GPO-WARRENCOMMISSIONREPORT	298	artwork	-	raster	387	636	13	40	
GPO-WARRENCOMMISSIONREPORT	299	artwork	-	raster	387	636	15	55	
GPO-WARRENCOMMISSIONREPORT	300	artwork	-	raster	387	636	50	536	
GPO-WARRENCOMMISSIONREPORT	301	artwork	-	raster	387	636	9	34	
GPO-WARRENCOMMISSIONREPORT	302	artwork	-	raster	387	636	53	532	
GPO-WARRENCOMMISSIONREPORT	303	artwork	-	raster	387	636	49	484	
GPO-WARRENCOMMISSIONREPORT	304	artwork	-	raster	387	636	48	447	
GPO-WARRENCOMMISSIONREPORT	305	artwork	-	raster	387	636	49	488	
GPO-WARRENCOMMISSIONREPORT	306	artwork	-	raster	387	636	48	513	
GPO-WARRENCOMMISSIONREPORT	307	artwork	-	raster	387	636	48	474	
GPO-WARRENCOMMISSIONREPORT	308	artwork	-	raster	387	636	48	494	
GPO-WARRENCOMMISSIONREPORT	309	artwork	-	raster	387	636	51	514	
GPO-WARRENCOMMISSIONREPORT	310	artwork	-	raster	387	636	51	535	
GPO-WARRENCOMMISSIONREPORT	311	artwork	-	raster	387	636	50	506	
GPO-WARRENCOMMISSIONREPORT	312	artwork	-	raster	387	636	50	522	
GPO-WARRENCOMMISSIONREPORT	313	artwork	-	raster	387	636	50	515	
GPO-WARRENCOMMISSIONREPORT	314	artwork	-	raster	387	636	50	526	
GPO-WARRENCOMMISSIONREPORT	315	artwork	-	raster	387	636	46	452	
GPO-WARRENCOMMISSIONREPORT	316	artwork	-	raster	387	636	50	521	
GPO-WARRENCOMMISSIONREPORT	317	artwork	-	raster	387	636	49	496	
GPO-WARRENCOMMISSIONREPORT	318	artwork	-	raster	387	636	45	439	
GPO-WARRENCOMMISSIONREPORT	319	artwork	-	raster	387	636	49	515	
GPO-WARRENCOMMISSIONREPORT	320	artwork	-	raster	387	636	50	537	
GPO-WARRENCOMMISSIONREPORT	321	artwork	-	raster	387	636	48	475	
GPO-WARRENCOMMISSIONREPORT	322	artwork	-	raster	387	636	62	633	
GPO-WARRENCOMMISSIONREPORT	323	artwork	-	raster	387	636	48	489	
GPO-WARRENCOMMISSIONREPORT	324	artwork	-	raster	387	636	46	469	
GPO-WARRENCOMMISSIONREPORT	325	artwork	-	raster	387	636	54	516	
GPO-WARRENCOMMISSIONREPORT	326	artwork	-	raster	387	636	51	506	
GPO-WARRENCOMMISSIONREPORT	327	artwork	-	raster	387	636	47	495	
GPO-WARRENCOMMISSIONREPORT	328	artwork	-	raster	387	636	27	77	
GPO-WARRENCOMMISSIONREPORT	329	artwork	-	raster	387	636	49	525	
GPO-WARRENCOMMISSIONREPORT	330	artwork	-	raster	387	636	49	551	
GPO-WARRENCOMMISSIONREPORT	331	artwork	-	raster	387	636	17	57	
GPO-WARRENCOMMISSIONREPORT	332	artwork	-	raster	387	636	49	484	
GPO-WARRENCOMMISSIONREPORT	333	artwork	-	raster	387	636	52	522	
GPO-WARRENCOMMISSIONREPORT	334	artwork	-	raster	387	636	51	173	
GPO-WARRENCOMMISSIONREPORT	335	artwork	-	raster	387	636	50	535	
GPO-WARRENCOMMISSIONREPORT	336	artwork	-	raster	387	636	50	546	
GPO-WARRENCOMMISSIONREPORT	337	artwork	-	raster	387	636	50	519	
GPO-WARRENCOMMISSIONREPORT	338	artwork	-	raster	387	636	49	530	
GPO-WARRENCOMMISSIONREPORT	339	artwork	-	raster	387	636	23	56	
GPO-WARRENCOMMISSIONREPORT	340	artwork	-	raster	387	636	49	539	
GPO-WARRENCOMMISSIONREPORT	341	artwork	-	raster	387	636	51	511	
GPO-WARRENCOMMISSIONREPORT	342	artwork	-	raster	387	636	49	503	
GPO-WARRENCOMMISSIONREPORT	343	artwork	-	raster	387	636	50	531	
GPO-WARRENCOMMISSIONREPORT	344	artwork	-	raster	387	636	51	554	
GPO-WARRENCOMMISSIONREPORT	345	artwork	-	raster	387	636	51	528	
GPO-WARRENCOMMISSIONREPORT	346	artwork	-	raster	387	636	51	515	
GPO-WARRENCOMMISSIONREPORT	347	artwork	-	raster	387	636	52	510	
GPO-WARRENCOMMISSIONREPORT	348	artwork	-	raster	387	636	50	525	
GPO-WARRENCOMMISSIONREPORT	349	artwork	-	raster	387	636	49	507	
GPO-WARRENCOMMISSIONREPORT	350	artwork	-	raster	387	636	50	529	
GPO-WARRENCOMMISSIONREPORT	351	artwork	-	raster	387	636	51	547	
GPO-WARRENCOMMISSIONREPORT	352	artwork	-	raster	387	636	50	559	
GPO-WARRENCOMMISSIONREPORT	353	artwork	-	raster	387	636	48	509	
GPO-WARRENCOMMISSIONREPORT	354	artwork	-	raster	387	636	50	526	
GPO-WARRENCOMMISSIONREPORT	355	artwork	-	raster	387	636	49	512	
GPO-WARRENCOMMISSIONREPORT	356	artwork	-	raster	387	636	49	504	
GPO-WARRENCOMMISSIONREPORT	357	artwork	-	raster	387	636	52	518	
GPO-WARRENCOMMISSIONREPORT	358	artwork	-	raster	387	636	50	539	
GPO-WARRENCOMMISSIONREPORT	359	artwork	-	raster	387	636	50	540	
GPO-WARRENCOMMISSIONREPORT	360	artwork	-	raster	387	636	51	529	
GPO-WARRENCOMMISSIONREPORT	361	artwork	-	raster	387	636	46	451	
GPO-WARRENCOMMISSIONREPORT	362	artwork	-	raster	387	636	50	524	
GPO-WARRENCOMMISSIONREPORT	363	artwork	-	raster	387	636	50	475	
GPO-WARRENCOMMISSIONREPORT	364	artwork	-	raster	387	636	50	560	
GPO-WARRENCOMMISSIONREPORT	365	artwork	-	raster	387	636	51	508	
GPO-WARRENCOMMISSIONREPORT	366	artwork	-	raster	387	636	48	512	
GPO-WARRENCOMMISSIONREPORT	367	artwork	-	raster	387	636	38	118	
GPO-WARRENCOMMISSIONREPORT	368	artwork	-	raster	387	636	50	532	
GPO-WARRENCOMMISSIONREPORT	369	artwork	-	raster	387	636	6	39	
GPO-WARRENCOMMISSIONREPORT	370	artwork	-	raster	387	636	50	527	
GPO-WARRENCOMMISSIONREPORT	371	artwork	-	raster	387	636	51	526	
GPO-WARRENCOMMISSIONREPORT	372	artwork	-	raster	387	636	51	509	
GPO-WARRENCOMMISSIONREPORT	373	artwork	-	raster	387	636	48	493	
GPO-WARRENCOMMISSIONREPORT	374	artwork	-	raster	387	636	50	539	
GPO-WARRENCOMMISSIONREPORT	375	artwork	-	raster	387	636	50	513	
GPO-WARRENCOMMISSIONREPORT	376	artwork	-	raster	387	636	50	513	
GPO-WARRENCOMMISSIONREPORT	377	artwork	-	raster	387	636	54	519	
GPO-WARRENCOMMISSIONREPORT	378	artwork	-	raster	387	636	50	518	
GPO-WARRENCOMMISSIONREPORT	379	artwork	-	raster	387	636	47	184	
GPO-WARRENCOMMISSIONREPORT	380	artwork	-	raster	387	636	52	538	
GPO-WARRENCOMMISSIONREPORT	381	artwork	-	raster	387	636	47	476	
GPO-WARRENCOMMISSIONREPORT	382	artwork	-	raster	387	636	49	533	
GPO-WARRENCOMMISSIONREPORT	383	artwork	-	raster	387	636	16	92	
GPO-WARRENCOMMISSIONREPORT	384	artwork	-	raster	387	636	4	16	
GPO-WARRENCOMMISSIONREPORT	385	artwork	-	raster	387	636	51	505	
GPO-WARRENCOMMISSIONREPORT	386	artwork	-	raster	387	636	50	534	
GPO-WARRENCOMMISSIONREPORT	387	artwork	-	raster	387	636	49	500	
GPO-WARRENCOMMISSIONREPORT	388	artwork	-	raster	387	636	49	512	
GPO-WARRENCOMMISSIONREPORT	389	artwork	-	raster	387	636	53	542	
GPO-WARRENCOMMISSIONREPORT	390	artwork	-	raster	387	636	50	513	
GPO-WARRENCOMMISSIONREPORT	391	artwork	-	raster	387	636	50	545	
GPO-WARRENCOMMISSIONREPORT	392	artwork	-	raster	387	636	50	518	
GPO-WARRENCOMMISSIONREPORT	393	artwork	-	raster	387	636	48	480	
GPO-WARRENCOMMISSIONREPORT	394	artwork	-	raster	387	636	49	478	
GPO-WARRENCOMMISSIONREPORT	395	artwork	-	raster	387	636	50	535	
GPO-WARRENCOMMISSIONREPORT	396	artwork	-	raster	387	636	50	524	
GPO-WARRENCOMMISSIONREPORT	397	artwork	-	raster	387	636	50	517	
GPO-WARRENCOMMISSIONREPORT	398	artwork	-	raster	387	636	49	499	
GPO-WARRENCOMMISSIONREPORT	399	artwork	-	raster	387	636	50	507	
GPO-WARRENCOMMISSIONREPORT	400	artwork	-	raster	387	636	48	466	
GPO-WARRENCOMMISSIONREPORT	401	artwork	-	raster	387	636	48	482	
GPO-WARRENCOMMISSIONREPORT	402	artwork	-	raster	387	636	22	214	
GPO-WARRENCOMMISSIONREPORT	403	artwork	-	raster	387	636	38	375	
GPO-WARRENCOMMISSIONREPORT	404	artwork	-	raster	387	636	48	507	
GPO-WARRENCOMMISSIONREPORT	405	artwork	-	raster	387	636	49	520	
GPO-WARRENCOMMISSIONREPORT	406	artwork	-	raster	387	636	49	531	
GPO-WARRENCOMMISSIONREPORT	407	artwork	-	raster	387	636	50	531	
GPO-WARRENCOMMISSIONREPORT	408	artwork	-	raster	387	636	48	489	
GPO-WARRENCOMMISSIONREPORT	409	artwork	-	raster	387	636	50	502	
GPO-WARRENCOMMISSIONREPORT	410	artwork	-	raster	387	636	48	496	
GPO-WARRENCOMMISSIONREPORT	411	artwork	-	raster	387	636	48	517	
GPO-WARRENCOMMISSIONREPORT	412	artwork	-	raster	387	636	48	524	
GPO-WARRENCOMMISSIONREPORT	413	artwork	-	raster	387	636	50	546	
GPO-WARRENCOMMISSIONREPORT	414	artwork	-	raster	387	636	51	535	
GPO-WARRENCOMMISSIONREPORT	415	artwork	-	raster	387	636	52	524	
GPO-WARRENCOMMISSIONREPORT	416	artwork	-	raster	387	636	44	455	
GPO-WARRENCOMMISSIONREPORT	417	artwork	-	raster	387	636	46	500	
GPO-WARRENCOMMISSIONREPORT	418	artwork	-	raster	387	636	46	492	
GPO-WARRENCOMMISSIONREPORT	419	artwork	-	raster	387	636	47	498	
GPO-WARRENCOMMISSIONREPORT	420	artwork	-	raster	387	636	46	466	
GPO-WARRENCOMMISSIONREPORT	421	artwork	-	raster	387	636	48	477	
GPO-WARRENCOMMISSIONREPORT	422	artwork	-	raster	387	636	46	444	
GPO-WARRENCOMMISSIONREPORT	423	artwork	-	raster	387	636	46	486	
GPO-WARRENCOMMISSIONREPORT	424	artwork	-	raster	387	636	7	29	
GPO-WARRENCOMMISSIONREPORT	425	artwork	-	raster	387	636	46	435	
GPO-WARRENCOMMISSIONREPORT	426	artwork	-	raster	387	636	45	386	
GPO-WARRENCOMMISSIONREPORT	427	artwork	-	raster	387	636	48	490	
GPO-WARRENCOMMISSIONREPORT	428	artwork	-	raster	387	636	45	472	
GPO-WARRENCOMMISSIONREPORT	429	artwork	-	raster	387	636	46	483	
GPO-WARRENCOMMISSIONREPORT	430	artwork	-	raster	387	636	48	521	
GPO-WARRENCOMMISSIONREPORT	431	artwork	-	raster	387	636	50	534	
GPO-WARRENCOMMISSIONREPORT	432	artwork	-	raster	387	636	48	521	
GPO-WARRENCOMMISSIONREPORT	433	artwork	-	raster	387	636	45	416	
GPO-WARRENCOMMISSIONREPORT	434	artwork	-	raster	387	636	45	495	
GPO-WARRENCOMMISSIONREPORT	435	artwork	-	raster	387	636	51	546	
GPO-WARRENCOMMISSIONREPORT	436	artwork	-	raster	387	636	50	540	
GPO-WARRENCOMMISSIONREPORT	437	artwork	-	raster	387	636	26	85	
GPO-WARRENCOMMISSIONREPORT	438	artwork	-	raster	387	636	47	476	
GPO-WARRENCOMMISSIONREPORT	439	artwork	-	raster	387	636	48	515	
GPO-WARRENCOMMISSIONREPORT	440	artwork	-	raster	387	636	46	482	
GPO-WARRENCOMMISSIONREPORT	441	artwork	-	raster	387	636	49	550	
GPO-WARRENCOMMISSIONREPORT	442	artwork	-	raster	387	636	50	543	
GPO-WARRENCOMMISSIONREPORT	443	artwork	-	raster	387	636	49	511	
GPO-WARRENCOMMISSIONREPORT	444	artwork	-	raster	387	636	48	500	
GPO-WARRENCOMMISSIONREPORT	445	artwork	-	raster	387	636	47	536	
GPO-WARRENCOMMISSIONREPORT	446	artwork	-	raster	387	636	48	529	
GPO-WARRENCOMMISSIONREPORT	447	artwork	-	raster	387	636	50	573	
GPO-WARRENCOMMISSIONREPORT	448	artwork	-	raster	387	636	50	513	
GPO-WARRENCOMMISSIONREPORT	449	artwork	-	raster	387	636	47	490	
GPO-WARRENCOMMISSIONREPORT	450	artwork	-	raster	387	636	50	550	
GPO-WARRENCOMMISSIONREPORT	451	artwork	-	raster	387	636	48	530	
GPO-WARRENCOMMISSIONREPORT	452	artwork	-	raster	387	636	6	52	
GPO-WARRENCOMMISSIONREPORT	453	artwork	-	raster	387	636	39	368	
GPO-WARRENCOMMISSIONREPORT	454	artwork	-	raster	387	636	47	469	
GPO-WARRENCOMMISSIONREPORT	455	artwork	-	raster	387	636	48	499	
GPO-WARRENCOMMISSIONREPORT	456	artwork	-	raster	387	636	45	429	
GPO-WARRENCOMMISSIONREPORT	457	artwork	-	raster	387	636	49	491	
GPO-WARRENCOMMISSIONREPORT	458	artwork	-	raster	387	636	49	509	
GPO-WARRENCOMMISSIONREPORT	459	artwork	-	raster	387	636	50	520	
GPO-WARRENCOMMISSIONREPORT	460	artwork	-	raster	387	636	47	458	
GPO-WARRENCOMMISSIONREPORT	461	artwork	-	raster	387	636	49	505	
GPO-WARRENCOMMISSIONREPORT	462	artwork	-	raster	382	634	51	530	
GPO-WARRENCOMMISSIONREPORT	463	artwork	-	raster	382	634	50	523	
GPO-WARRENCOMMISSIONREPORT	464	artwork	-	raster	382	634	46	457	
GPO-WARRENCOMMISSIONREPORT	465	artwork	-	raster	382	634	48	491	
GPO-WARRENCOMMISSIONREPORT	466	artwork	-	raster	382	634	48	510	
GPO-WARRENCOMMISSIONREPORT	467	artwork	-	raster	382	634	48	476	
GPO-WARRENCOMMISSIONREPORT	468	artwork	-	raster	382	634	46	465	
GPO-WARRENCOMMISSIONREPORT	469	artwork	-	raster	382	634	51	508	
GPO-WARRENCOMMISSIONREPORT	470	artwork	-	raster	382	634	49	486	
GPO-WARRENCOMMISSIONREPORT	471	artwork	-	raster	382	634	48	517	
GPO-WARRENCOMMISSIONREPORT	472	artwork	-	raster	382	634	47	412	
GPO-WARRENCOMMISSIONREPORT	473	artwork	-	raster	382	634	50	504	
GPO-WARRENCOMMISSIONREPORT	474	artwork	-	raster	382	634	49	488	
GPO-WARRENCOMMISSIONREPORT	475	artwork	-	raster	382	634	49	487	
GPO-WARRENCOMMISSIONREPORT	476	artwork	-	raster	382	634	48	496	
GPO-WARRENCOMMISSIONREPORT	477	artwork	-	raster	382	634	49	539	
GPO-WARRENCOMMISSIONREPORT	478	artwork	-	raster	382	634	49	545	
GPO-WARRENCOMMISSIONREPORT	479	artwork	-	raster	382	634	49	510	
GPO-WARRENCOMMISSIONREPORT	480	artwork	-	raster	382	634	50	509	
GPO-WARRENCOMMISSIONREPORT	481	artwork	-	raster	382	634	49	509	
GPO-WARRENCOMMISSIONREPORT	482	artwork	-	raster	382	634	44	436	
GPO-WARRENCOMMISSIONREPORT	483	artwork	-	raster	382	634	47	451	
GPO-WARRENCOMMISSIONREPORT	484	artwork	-	raster	382	634	47	452	
GPO-WARRENCOMMISSIONREPORT	485	artwork	-	raster	382	634	49	470	
GPO-WARRENCOMMISSIONREPORT	486	artwork	-	raster	382	634	50	502	
GPO-WARRENCOMMISSIONREPORT	487	artwork	-	raster	382	634	50	509	
GPO-WARRENCOMMISSIONREPORT	488	artwork	-	raster	382	634	48	457	
GPO-WARRENCOMMISSIONREPORT	489	artwork	-	raster	382	634	47	466	
GPO-WARRENCOMMISSIONREPORT	490	artwork	-	raster	382	634	48	472	
GPO-WARRENCOMMISSIONREPORT	491	artwork	-	raster	382	634	49	477	
GPO-WARRENCOMMISSIONREPORT	492	artwork	-	raster	382	634	50	498	
GPO-WARRENCOMMISSIONREPORT	493	artwork	-	raster	382	634	51	542	
GPO-WARRENCOMMISSIONREPORT	494	artwork	-	raster	382	634	46	463	
GPO-WARRENCOMMISSIONREPORT	495	artwork	-	raster	382	634	48	473	
GPO-WARRENCOMMISSIONREPORT	496	artwork	-	raster	382	634	47	456	
GPO-WARRENCOMMISSIONREPORT	497	artwork	-	raster	382	634	11	100	
GPO-WARRENCOMMISSIONREPORT	498	artwork	-	raster	382	634	0	0	
GPO-WARRENCOMMISSIONREPORT	499	artwork	-	raster	382	634	40	268	
GPO-WARRENCOMMISSIONREPORT	500	artwork	-	raster	382	634	38	307	
GPO-WARRENCOMMISSIONREPORT	501	artwork	-	raster	382	634	61	566	
GPO-WARRENCOMMISSIONREPORT	502	artwork	-	raster	382	634	15	95	
GPO-WARRENCOMMISSIONREPORT	503	artwork	-	raster	382	634	43	453	
GPO-WARRENCOMMISSIONREPORT	504	artwork	-	raster	382	634	45	457	
GPO-WARRENCOMMISSIONREPORT	505	artwork	-	raster	382	634	50	544	
GPO-WARRENCOMMISSIONREPORT	506	artwork	-	raster	382	634	50	546	
GPO-WARRENCOMMISSIONREPORT	507	artwork	-	raster	382	634	47	466	
GPO-WARRENCOMMISSIONREPORT	508	artwork	-	raster	382	634	50	488	
GPO-WARRENCOMMISSIONREPORT	509	artwork	-	raster	382	634	48	412	
GPO-WARRENCOMMISSIONREPORT	510	artwork	-	raster	382	634	32	82	
GPO-WARRENCOMMISSIONREPORT	511	artwork	-	raster	382	634	53	380	
GPO-WARRENCOMMISSIONREPORT	512	artwork	-	raster	382	634	65	442	
GPO-WARRENCOMMISSIONREPORT	513	artwork	-	raster	382	634	62	401	
GPO-WARRENCOMMISSIONREPORT	514	artwork	-	raster	382	634	66	424	
GPO-WARRENCOMMISSIONREPORT	515	artwork	-	raster	382	634	63	414	
GPO-WARRENCOMMISSIONREPORT	516	artwork	-	raster	382	634	62	433	
GPO-WARRENCOMMISSIONREPORT	517	artwork	-	raster	382	634	63	409	
GPO-WARRENCOMMISSIONREPORT	518	artwork	-	raster	382	634	67	461	
GPO-WARRENCOMMISSIONREPORT	519	artwork	-	raster	382	634	66	430	
GPO-WARRENCOMMISSIONREPORT	520	artwork	-	raster	382	634	68	452	
GPO-WARRENCOMMISSIONREPORT	521	artwork	-	raster	382	634	63	406	
GPO-WARRENCOMMISSIONREPORT	522	artwork	-	raster	382	634	67	434	
GPO-WARRENCOMMISSIONREPORT	523	artwork	-	raster	382	634	65	430	
GPO-WARRENCOMMISSIONREPORT	524	artwork	-	raster	382	634	64	416	
GPO-WARRENCOMMISSIONREPORT	525	artwork	-	raster	382	634	62	380	
GPO-WARRENCOMMISSIONREPORT	526	artwork	-	raster	382	634	65	422	
GPO-WARRENCOMMISSIONREPORT	527	artwork	-	raster	382	634	65	422	
GPO-WARRENCOMMISSIONREPORT	528	artwork	-	raster	382	634	11	76	
GPO-WARRENCOMMISSIONREPORT	529	artwork	-	raster	382	634	42	353	
GPO-WARRENCOMMISSIONREPORT	530	artwork	-	raster	382	634	48	437	
GPO-WARRENCOMMISSIONREPORT	531	artwork	-	raster	382	634	23	234	
GPO-WARRENCOMMISSIONREPORT	532	artwork	-	raster	382	634	40	369	
GPO-WARRENCOMMISSIONREPORT	533	artwork	-	raster	382	634	48	457	
GPO-WARRENCOMMISSIONREPORT	534	artwork	-	raster	382	634	50	526	
GPO-WARRENCOMMISSIONREPORT	535	artwork	-	raster	382	634	47	476	
GPO-WARRENCOMMISSIONREPORT	536	artwork	-	raster	382	634	47	478	
GPO-WARRENCOMMISSIONREPORT	537	artwork	-	raster	382	634	49	508	
GPO-WARRENCOMMISSIONREPORT	538	artwork	-	raster	382	634	51	478	
GPO-WARRENCOMMISSIONREPORT	539	artwork	-	raster	382	634	49	512	
GPO-WARRENCOMMISSIONREPORT	540	artwork	-	raster	382	634	50	513	
GPO-WARRENCOMMISSIONREPORT	541	artwork	-	raster	382	634	51	507	
GPO-WARRENCOMMISSIONREPORT	542	artwork	-	raster	382	634	49	485	
GPO-WARRENCOMMISSIONREPORT	543	artwork	-	raster	382	634	10	92	
GPO-WARRENCOMMISSIONREPORT	544	artwork	-	raster	382	634	25	198	
GPO-WARRENCOMMISSIONREPORT	545	artwork	-	raster	382	634	48	253	
GPO-WARRENCOMMISSIONREPORT	546	artwork	-	raster	382	634	31	206	
GPO-WARRENCOMMISSIONREPORT	547	artwork	-	raster	382	634	16	47	
GPO-WARRENCOMMISSIONREPORT	548	artwork	-	raster	382	634	16	52	
GPO-WARRENCOMMISSIONREPORT	549	artwork	-	raster	382	634	25	75	
GPO-WARRENCOMMISSIONREPORT	550	artwork	-	raster	382	634	10	29	
GPO-WARRENCOMMISSIONREPORT	551	artwork	-	raster	382	634	18	60	
GPO-WARRENCOMMISSIONREPORT	552	artwork	-	raster	382	634	32	106	
GPO-WARRENCOMMISSIONREPORT	553	artwork	-	raster	382	634	39	126	
GPO-WARRENCOMMISSIONREPORT	554	artwork	-	raster	382	634	30	103	
GPO-WARRENCOMMISSIONREPORT	555	artwork	-	raster	382	634	9	41	
GPO-WARRENCOMMISSIONREPORT	556	artwork	-	raster	382	634	25	68	
GPO-WARRENCOMMISSIONREPORT	557	artwork	-	raster	382	634	48	385	
GPO-WARRENCOMMISSIONREPORT	558	artwork	-	raster	382	634	22	187	
GPO-WARRENCOMMISSIONREPORT	559	artwork	-	raster	382	634	66	510	
GPO-WARRENCOMMISSIONREPORT	560	artwork	-	raster	382	634	56	706	
GPO-WARRENCOMMISSIONREPORT	561	artwork	-	raster	382	634	59	483	
GPO-WARRENCOMMISSIONREPORT	562	artwork	-	raster	382	634	25	257	
GPO-WARRENCOMMISSIONREPORT	563	artwork	-	raster	382	634	57	367	
GPO-WARRENCOMMISSIONREPORT	564	artwork	-	raster	382	634	82	445	
GPO-WARRENCOMMISSIONREPORT	565	artwork	-	raster	382	634	44	499	
GPO-WARRENCOMMISSIONREPORT	566	artwork	-	raster	382	634	41	155	
GPO-WARRENCOMMISSIONREPORT	567	artwork	-	raster	382	634	45	506	
GPO-WARRENCOMMISSIONREPORT	568	artwork	-	raster	382	634	41	426	
GPO-WARRENCOMMISSIONREPORT	569	artwork	-	raster	382	634	46	517	
GPO-WARRENCOMMISSIONREPORT	570	artwork	-	raster	391	635	45	462	
GPO-WARRENCOMMISSIONREPORT	571	artwork	-	raster	391	635	39	405	
GPO-WARRENCOMMISSIONREPORT	572	artwork	-	raster	391	635	45	411	
GPO-WARRENCOMMISSIONREPORT	573	artwork	-	raster	391	635	42	317	
GPO-WARRENCOMMISSIONREPORT	574	artwork	-	raster	391	635	21	84	
GPO-WARRENCOMMISSIONREPORT	575	artwork	-	raster	391	635	42	439	
GPO-WARRENCOMMISSIONREPORT	576	artwork	-	raster	391	635	46	475	
GPO-WARRENCOMMISSIONREPORT	577	artwork	-	raster	391	635	48	503	
GPO-WARRENCOMMISSIONREPORT	578	artwork	-	raster	391	635	47	430	
GPO-WARRENCOMMISSIONREPORT	579	artwork	-	raster	391	635	48	472	
GPO-WARRENCOMMISSIONREPORT	580	artwork	-	raster	391	635	50	474	
GPO-WARRENCOMMISSIONREPORT	581	artwork	-	raster	391	635	47	435	
GPO-WARRENCOMMISSIONREPORT	582	artwork	-	raster	391	635	50	523	
GPO-WARRENCOMMISSIONREPORT	583	artwork	-	raster	391	635	47	506	
GPO-WARRENCOMMISSIONREPORT	584	artwork	-	raster	391	635	3	11	
GPO-WARRENCOMMISSIONREPORT	585	artwork	-	raster	391	635	46	506	
GPO-WARRENCOMMISSIONREPORT	586	artwork	-	raster	391	635	45	488	
GPO-WARRENCOMMISSIONREPORT	587	artwork	-	raster	391	635	49	458	
GPO-WARRENCOMMISSIONREPORT	588	artwork	-	raster	391	635	48	502	
GPO-WARRENCOMMISSIONREPORT	589	artwork	-	raster	391	635	46	513	
GPO-WARRENCOMMISSIONREPORT	590	artwork	-	raster	391	635	46	477	
GPO-WARRENCOMMISSIONREPORT	591	artwork	-	raster	391	635	48	475	
GPO-WARRENCOMMISSIONREPORT	592	artwork	-	raster	391	635	8	21	
GPO-WARRENCOMMISSIONREPORT	593	artwork	-	raster	391	635	50	514	
GPO-WARRENCOMMISSIONREPORT	594	artwork	-	raster	391	635	49	477	
GPO-WARRENCOMMISSIONREPORT	595	artwork	-	raster	391	635	51	500	
GPO-WARRENCOMMISSIONREPORT	596	artwork	-	raster	391	635	49	485	
GPO-WARRENCOMMISSIONREPORT	597	artwork	-	raster	391	635	48	474	
GPO-WARRENCOMMISSIONREPORT	598	artwork	-	raster	391	635	46	484	
GPO-WARRENCOMMISSIONREPORT	599	artwork	-	raster	391	635	45	459	
GPO-WARRENCOMMISSIONREPORT	600	artwork	-	raster	391	635	50	518	
GPO-WARRENCOMMISSIONREPORT	601	artwork	-	raster	391	635	42	167	
GPO-WARRENCOMMISSIONREPORT	602	artwork	-	raster	391	635	33	136	
GPO-WARRENCOMMISSIONREPORT	603	artwork	-	raster	391	635	50	514	
GPO-WARRENCOMMISSIONREPORT	604	artwork	-	raster	391	635	48	517	
GPO-WARRENCOMMISSIONREPORT	605	artwork	-	raster	391	635	49	465	
GPO-WARRENCOMMISSIONREPORT	606	artwork	-	raster	391	635	45	442	
GPO-WARRENCOMMISSIONREPORT	607	artwork	-	raster	391	635	51	492	
GPO-WARRENCOMMISSIONREPORT	608	artwork	-	raster	391	635	44	435	
GPO-WARRENCOMMISSIONREPORT	609	artwork	-	raster	391	635	47	449	
GPO-WARRENCOMMISSIONREPORT	610	artwork	-	raster	391	635	46	455	
GPO-WARRENCOMMISSIONREPORT	611	artwork	-	raster	391	635	48	488	
GPO-WARRENCOMMISSIONREPORT	612	artwork	-	raster	391	635	44	447	
GPO-WARRENCOMMISSIONREPORT	613	artwork	-	raster	391	635	49	501	
GPO-WARRENCOMMISSIONREPORT	614	artwork	-	raster	391	635	48	516	
GPO-WARRENCOMMISSIONREPORT	615	artwork	-	raster	391	635	8	16	
GPO-WARRENCOMMISSIONREPORT	616	artwork	-	raster	391	635	49	471	
GPO-WARRENCOMMISSIONREPORT	617	artwork	-	raster	391	635	6	10	
GPO-WARRENCOMMISSIONREPORT	618	artwork	-	raster	391	635	50	553	
GPO-WARRENCOMMISSIONREPORT	619	artwork	-	raster	391	635	51	504	
GPO-WARRENCOMMISSIONREPORT	620	artwork	-	raster	391	635	47	501	
GPO-WARRENCOMMISSIONREPORT	621	artwork	-	raster	391	635	48	508	
GPO-WARRENCOMMISSIONREPORT	622	artwork	-	raster	391	635	4	20	
GPO-WARRENCOMMISSIONREPORT	623	artwork	-	raster	391	635	48	479	
GPO-WARRENCOMMISSIONREPORT	624	artwork	-	raster	391	635	48	441	
GPO-WARRENCOMMISSIONREPORT	625	artwork	-	raster	391	635	41	364	
GPO-WARRENCOMMISSIONREPORT	626	artwork	-	raster	391	635	13	109	
GPO-WARRENCOMMISSIONREPORT	627	artwork	-	raster	391	635	28	317	
GPO-WARRENCOMMISSIONREPORT	628	artwork	-	raster	391	635	29	353	
GPO-WARRENCOMMISSIONREPORT	629	artwork	-	raster	391	635	29	368	
GPO-WARRENCOMMISSIONREPORT	630	artwork	-	raster	391	635	26	317	
GPO-WARRENCOMMISSIONREPORT	631	artwork	-	raster	391	635	26	270	
GPO-WARRENCOMMISSIONREPORT	632	artwork	-	raster	391	635	28	343	
GPO-WARRENCOMMISSIONREPORT	633	artwork	-	raster	391	635	27	321	
GPO-WARRENCOMMISSIONREPORT	634	artwork	-	raster	391	635	28	332	
GPO-WARRENCOMMISSIONREPORT	635	artwork	-	raster	391	635	27	314	
GPO-WARRENCOMMISSIONREPORT	636	artwork	-	raster	391	635	30	257	
GPO-WARRENCOMMISSIONREPORT	637	artwork	-	raster	391	635	28	304	
GPO-WARRENCOMMISSIONREPORT	638	artwork	-	raster	391	635	29	308	
GPO-WARRENCOMMISSIONREPORT	639	artwork	-	raster	391	635	27	283	
GPO-WARRENCOMMISSIONREPORT	640	artwork	-	raster	391	635	51	450	
GPO-WARRENCOMMISSIONREPORT	641	artwork	-	raster	391	635	25	204	
GPO-WARRENCOMMISSIONREPORT	642	artwork	-	raster	391	635	46	323	
GPO-WARRENCOMMISSIONREPORT	643	artwork	-	raster	391	635	45	212	
GPO-WARRENCOMMISSIONREPORT	644	artwork	-	raster	391	635	40	187	
GPO-WARRENCOMMISSIONREPORT	645	artwork	-	raster	391	635	35	189	
GPO-WARRENCOMMISSIONREPORT	646	artwork	-	raster	391	635	13	49	
GPO-WARRENCOMMISSIONREPORT	647	artwork	-	raster	391	635	47	452	
GPO-WARRENCOMMISSIONREPORT	648	artwork	-	raster	391	635	6	30	
GPO-WARRENCOMMISSIONREPORT	649	artwork	-	raster	391	635	45	429	
GPO-WARRENCOMMISSIONREPORT	650	artwork	-	raster	391	635	42	364	
GPO-WARRENCOMMISSIONREPORT	651	artwork	-	raster	391	635	40	322	
GPO-WARRENCOMMISSIONREPORT	652	artwork	-	raster	391	635	9	60	
GPO-WARRENCOMMISSIONREPORT	653	artwork	-	raster	391	635	38	346	
GPO-WARRENCOMMISSIONREPORT	654	artwork	-	raster	391	635	49	580	
GPO-WARRENCOMMISSIONREPORT	655	artwork	-	raster	391	635	48	575	
GPO-WARRENCOMMISSIONREPORT	656	artwork	-	raster	391	635	51	543	
GPO-WARRENCOMMISSIONREPORT	657	artwork	-	raster	391	635	48	589	
GPO-WARRENCOMMISSIONREPORT	658	artwork	-	raster	391	635	51	679	
GPO-WARRENCOMMISSIONREPORT	659	artwork	-	raster	391	635	51	626	
GPO-WARRENCOMMISSIONREPORT	660	artwork	-	raster	391	635	9	48	
GPO-WARRENCOMMISSIONREPORT	661	artwork	-	raster	391	635	44	536	
GPO-WARRENCOMMISSIONREPORT	662	artwork	-	raster	391	635	46	608	
GPO-WARRENCOMMISSIONREPORT	663	artwork	-	raster	391	635	48	599	
GPO-WARRENCOMMISSIONREPORT	664	artwork	-	raster	391	635	54	646	
GPO-WARRENCOMMISSIONREPORT	665	artwork	-	raster	391	635	44	432	
GPO-WARRENCOMMISSIONREPORT	666	artwork	-	raster	391	635	50	506	
GPO-WARRENCOMMISSIONREPORT	667	artwork	-	raster	391	635	46	388	
GPO-WARRENCOMMISSIONREPORT	668	artwork	-	raster	391	635	49	452	
GPO-WARRENCOMMISSIONREPORT	669	artwork	-	raster	391	635	50	472	
GPO-WARRENCOMMISSIONREPORT	670	artwork	-	raster	391	635	47	477	
GPO-WARRENCOMMISSIONREPORT	671	artwork	-	raster	391	635	49	470	
GPO-WARRENCOMMISSIONREPORT	672	artwork	-	raster	391	635	49	491	
GPO-WARRENCOMMISSIONREPORT	673	artwork	-	raster	391	635	52	483	
GPO-WARRENCOMMISSIONREPORT	674	artwork	-	raster	391	635	50	483	
GPO-WARRENCOMMISSIONREPORT	675	artwork	-	raster	391	635	49	487	
GPO-WARRENCOMMISSIONREPORT	676	artwork	-	raster	391	635	46	466	
GPO-WARRENCOMMISSIONREPORT	677	artwork	-	raster	391	635	53	499	
GPO-WARRENCOMMISSIONREPORT	678	artwork	-	raster	391	635	48	447	
GPO-WARRENCOMMISSIONREPORT	679	artwork	-	raster	391	635	51	476	
GPO-WARRENCOMMISSIONREPORT	680	artwork	-	raster	391	635	51	515	
GPO-WARRENCOMMISSIONREPORT	681	artwork	-	raster	391	635	51	505	
GPO-WARRENCOMMISSIONREPORT	682	artwork	-	raster	391	635	46	456	
GPO-WARRENCOMMISSIONREPORT	683	artwork	-	raster	391	635	45	437	
GPO-WARRENCOMMISSIONREPORT	684	artwork	-	raster	391	635	49	513	
GPO-WARRENCOMMISSIONREPORT	685	artwork	-	raster	391	635	49	416	
GPO-WARRENCOMMISSIONREPORT	686	artwork	-	raster	391	635	47	467	
GPO-WARRENCOMMISSIONREPORT	687	artwork	-	raster	391	635	47	465	
GPO-WARRENCOMMISSIONREPORT	688	artwork	-	raster	391	635	50	474	
GPO-WARRENCOMMISSIONREPORT	689	artwork	-	raster	391	635	47	441	
GPO-WARRENCOMMISSIONREPORT	690	artwork	-	raster	391	635	51	457	
GPO-WARRENCOMMISSIONREPORT	691	artwork	-	raster	391	635	50	429	
GPO-WARRENCOMMISSIONREPORT	692	artwork	-	raster	391	635	51	479	
GPO-WARRENCOMMISSIONREPORT	693	artwork	-	raster	391	635	50	466	
GPO-WARRENCOMMISSIONREPORT	694	artwork	-	raster	391	635	50	494	
GPO-WARRENCOMMISSIONREPORT	695	artwork	-	raster	391	635	50	500	
GPO-WARRENCOMMISSIONREPORT	696	artwork	-	raster	391	635	20	174	
GPO-WARRENCOMMISSIONREPORT	697	artwork	-	raster	391	635	43	452	
GPO-WARRENCOMMISSIONREPORT	698	artwork	-	raster	391	635	52	554	
GPO-WARRENCOMMISSIONREPORT	699	artwork	-	raster	391	635	50	544	
GPO-WARRENCOMMISSIONREPORT	700	artwork	-	raster	391	635	52	519	
GPO-WARRENCOMMISSIONREPORT	701	artwork	-	raster	391	635	50	528	
GPO-WARRENCOMMISSIONREPORT	702	artwork	-	raster	391	635	50	552	
GPO-WARRENCOMMISSIONREPORT	703	artwork	-	raster	391	635	50	554	
GPO-WARRENCOMMISSIONREPORT	704	artwork	-	raster	391	635	50	566	
GPO-WARRENCOMMISSIONREPORT	705	artwork	-	raster	391	635	51	510	
GPO-WARRENCOMMISSIONREPORT	706	artwork	-	raster	391	635	50	520	
GPO-WARRENCOMMISSIONREPORT	707	artwork	-	raster	391	635	52	559	
GPO-WARRENCOMMISSIONREPORT	708	artwork	-	raster	391	635	49	480	
GPO-WARRENCOMMISSIONREPORT	709	artwork	-	raster	391	635	44	392	
GPO-WARRENCOMMISSIONREPORT	710	artwork	-	raster	391	635	49	524	
GPO-WARRENCOMMISSIONREPORT	711	artwork	-	raster	391	635	49	523	
GPO-WARRENCOMMISSIONREPORT	712	artwork	-	raster	391	635	52	522	
GPO-WARRENCOMMISSIONREPORT	713	artwork	-	raster	391	635	52	552	
GPO-WARRENCOMMISSIONREPORT	714	artwork	-	raster	391	635	53	518	
GPO-WARRENCOMMISSIONREPORT	715	artwork	-	raster	391	635	53	538	
GPO-WARRENCOMMISSIONREPORT	716	artwork	-	raster	384	633	49	499	
GPO-WARRENCOMMISSIONREPORT	717	artwork	-	raster	384	633	46	441	
GPO-WARRENCOMMISSIONREPORT	718	artwork	-	raster	384	633	48	508	
GPO-WARRENCOMMISSIONREPORT	719	artwork	-	raster	384	633	52	510	
GPO-WARRENCOMMISSIONREPORT	720	artwork	-	raster	384	633	52	526	
GPO-WARRENCOMMISSIONREPORT	721	artwork	-	raster	384	633	49	530	
GPO-WARRENCOMMISSIONREPORT	722	artwork	-	raster	384	633	50	538	
GPO-WARRENCOMMISSIONREPORT	723	artwork	-	raster	384	633	48	541	
GPO-WARRENCOMMISSIONREPORT	724	artwork	-	raster	384	633	50	530	
GPO-WARRENCOMMISSIONREPORT	725	artwork	-	raster	384	633	50	505	
GPO-WARRENCOMMISSIONREPORT	726	artwork	-	raster	384	633	51	540	
GPO-WARRENCOMMISSIONREPORT	727	artwork	-	raster	384	633	47	522	
GPO-WARRENCOMMISSIONREPORT	728	artwork	-	raster	384	633	51	520	
GPO-WARRENCOMMISSIONREPORT	729	artwork	-	raster	384	633	50	534	
GPO-WARRENCOMMISSIONREPORT	730	artwork	-	raster	384	633	50	524	
GPO-WARRENCOMMISSIONREPORT	731	artwork	-	raster	384	633	49	544	
GPO-WARRENCOMMISSIONREPORT	732	artwork	-	raster	384	633	46	477	
GPO-WARRENCOMMISSIONREPORT	733	artwork	-	raster	384	633	50	522	
GPO-WARRENCOMMISSIONREPORT	734	artwork	-	raster	384	633	50	538	
GPO-WARRENCOMMISSIONREPORT	735	artwork	-	raster	384	633	46	470	
GPO-WARRENCOMMISSIONREPORT	736	artwork	-	raster	384	633	51	564	
GPO-WARRENCOMMISSIONREPORT	737	artwork	-	raster	384	633	50	544	
GPO-WARRENCOMMISSIONREPORT	738	artwork	-	raster	384	633	47	474	
GPO-WARRENCOMMISSIONREPORT	739	artwork	-	raster	384	633	50	525	
GPO-WARRENCOMMISSIONREPORT	740	artwork	-	raster	384	633	51	544	
GPO-WARRENCOMMISSIONREPORT	741	artwork	-	raster	384	633	47	490	
GPO-WARRENCOMMISSIONREPORT	742	artwork	-	raster	384	633	50	568	
GPO-WARRENCOMMISSIONREPORT	743	artwork	-	raster	384	633	50	545	
GPO-WARRENCOMMISSIONREPORT	744	artwork	-	raster	384	633	50	518	
GPO-WARRENCOMMISSIONREPORT	745	artwork	-	raster	384	633	50	516	
GPO-WARRENCOMMISSIONREPORT	746	artwork	-	raster	384	633	49	488	
GPO-WARRENCOMMISSIONREPORT	747	artwork	-	raster	384	633	48	517	
GPO-WARRENCOMMISSIONREPORT	748	artwork	-	raster	384	633	50	528	
GPO-WARRENCOMMISSIONREPORT	749	artwork	-	raster	384	633	53	567	
GPO-WARRENCOMMISSIONREPORT	750	artwork	-	raster	384	633	51	513	
GPO-WARRENCOMMISSIONREPORT	751	artwork	-	raster	384	633	48	492	
GPO-WARRENCOMMISSIONREPORT	752	artwork	-	raster	384	633	50	541	
GPO-WARRENCOMMISSIONREPORT	753	artwork	-	raster	384	633	51	552	
GPO-WARRENCOMMISSIONREPORT	754	artwork	-	raster	384	633	51	542	
GPO-WARRENCOMMISSIONREPORT	755	artwork	-	raster	384	633	48	513	
GPO-WARRENCOMMISSIONREPORT	756	artwork	-	raster	384	633	51	546	
GPO-WARRENCOMMISSIONREPORT	757	artwork	-	raster	384	633	51	522	
GPO-WARRENCOMMISSIONREPORT	758	artwork	-	raster	384	633	55	487	
GPO-WARRENCOMMISSIONREPORT	759	artwork	-	raster	384	633	51	563	
GPO-WARRENCOMMISSIONREPORT	760	artwork	-	raster	384	633	50	534	
GPO-WARRENCOMMISSIONREPORT	761	artwork	-	raster	384	633	50	557	
GPO-WARRENCOMMISSIONREPORT	762	artwork	-	raster	384	633	48	505	
GPO-WARRENCOMMISSIONREPORT	763	artwork	-	raster	384	633	49	521	
GPO-WARRENCOMMISSIONREPORT	764	artwork	-	raster	384	633	49	523	
GPO-WARRENCOMMISSIONREPORT	765	artwork	-	raster	384	633	48	521	
GPO-WARRENCOMMISSIONREPORT	766	artwork	-	raster	384	633	49	502	
GPO-WARRENCOMMISSIONREPORT	767	artwork	-	raster	384	633	46	473	
GPO-WARRENCOMMISSIONREPORT	768	artwork	-	raster	384	633	39	433	
GPO-WARRENCOMMISSIONREPORT	769	artwork	-	raster	384	633	46	313	
GPO-WARRENCOMMISSIONREPORT	770	artwork	-	raster	384	633	54	218	
GPO-WARRENCOMMISSIONREPORT	771	artwork	-	raster	384	633	56	204	
GPO-WARRENCOMMISSIONREPORT	772	artwork	-	raster	384	633	61	221	
GPO-WARRENCOMMISSIONREPORT	773	artwork	-	raster	384	633	46	198	
GPO-WARRENCOMMISSIONREPORT	774	artwork	-	raster	384	633	39	381	
GPO-WARRENCOMMISSIONREPORT	775	artwork	-	raster	384	633	48	435	
GPO-WARRENCOMMISSIONREPORT	776	artwork	-	raster	384	633	48	500	
GPO-WARRENCOMMISSIONREPORT	777	artwork	-	raster	384	633	45	403	
GPO-WARRENCOMMISSIONREPORT	778	artwork	-	raster	384	633	49	519	
GPO-WARRENCOMMISSIONREPORT	779	artwork	-	raster	384	633	47	493	
GPO-WARRENCOMMISSIONREPORT	780	artwork	-	raster	384	633	42	406	
GPO-WARRENCOMMISSIONREPORT	781	artwork	-	raster	384	633	49	504	
GPO-WARRENCOMMISSIONREPORT	782	artwork	-	raster	384	633	49	493	
GPO-WARRENCOMMISSIONREPORT	783	artwork	-	raster	384	633	48	503	
GPO-WARRENCOMMISSIONREPORT	784	artwork	-	raster	384	633	49	420	
GPO-WARRENCOMMISSIONREPORT	785	artwork	-	raster	384	633	47	442	
GPO-WARRENCOMMISSIONREPORT	786	artwork	-	raster	384	633	49	482	
GPO-WARRENCOMMISSIONREPORT	787	artwork	-	raster	384	633	44	457	
GPO-WARRENCOMMISSIONREPORT	788	artwork	-	raster	384	633	47	493	
GPO-WARRENCOMMISSIONREPORT	789	artwork	-	raster	384	633	49	486	
GPO-WARRENCOMMISSIONREPORT	790	artwork	-	raster	384	633	48	494	
GPO-WARRENCOMMISSIONREPORT	791	artwork	-	raster	384	633	46	449	
GPO-WARRENCOMMISSIONREPORT	792	artwork	-	raster	384	633	49	499	
GPO-WARRENCOMMISSIONREPORT	793	artwork	-	raster	384	633	45	437	
GPO-WARRENCOMMISSIONREPORT	794	artwork	-	raster	384	633	47	480	
GPO-WARRENCOMMISSIONREPORT	795	artwork	-	raster	384	633	45	445	
GPO-WARRENCOMMISSIONREPORT	796	artwork	-	raster	384	633	49	485	
GPO-WARRENCOMMISSIONREPORT	797	artwork	-	raster	384	633	45	467	
GPO-WARRENCOMMISSIONREPORT	798	artwork	-	raster	384	633	47	471	
GPO-WARRENCOMMISSIONREPORT	799	artwork	-	raster	384	633	45	408	
GPO-WARRENCOMMISSIONREPORT	800	artwork	-	raster	384	633	45	447	
GPO-WARRENCOMMISSIONREPORT	801	artwork	-	raster	384	633	45	389	
GPO-WARRENCOMMISSIONREPORT	802	artwork	-	raster	384	633	45	467	
GPO-WARRENCOMMISSIONREPORT	803	artwork	-	raster	384	633	46	448	
GPO-WARRENCOMMISSIONREPORT	804	artwork	-	raster	384	633	46	456	
GPO-WARRENCOMMISSIONREPORT	805	artwork	-	raster	384	633	45	435	
GPO-WARRENCOMMISSIONREPORT	806	artwork	-	raster	384	633	29	284	
GPO-WARRENCOMMISSIONREPORT	807	artwork	-	raster	384	633	42	422	
GPO-WARRENCOMMISSIONREPORT	808	artwork	-	raster	384	633	49	474	
GPO-WARRENCOMMISSIONREPORT	809	artwork	-	raster	384	633	46	423	
GPO-WARRENCOMMISSIONREPORT	810	artwork	-	raster	384	633	43	428	
GPO-WARRENCOMMISSIONREPORT	811	artwork	-	raster	384	633	49	489	
GPO-WARRENCOMMISSIONREPORT	812	artwork	-	raster	384	633	48	443	
GPO-WARRENCOMMISSIONREPORT	813	artwork	-	raster	384	633	49	479	
GPO-WARRENCOMMISSIONREPORT	814	artwork	-	raster	384	633	44	425	
GPO-WARRENCOMMISSIONREPORT	815	artwork	-	raster	384	633	46	460	
GPO-WARRENCOMMISSIONREPORT	816	artwork	-	raster	384	633	51	486	
GPO-WARRENCOMMISSIONREPORT	817	artwork	-	raster	384	633	50	468	
GPO-WARRENCOMMISSIONREPORT	818	artwork	-	raster	384	633	48	460	
GPO-WARRENCOMMISSIONREPORT	819	artwork	-	raster	384	633	48	456	
GPO-WARRENCOMMISSIONREPORT	820	artwork	-	raster	384	633	46	457	
GPO-WARRENCOMMISSIONREPORT	821	artwork	-	raster	384	633	49	484	
GPO-WARRENCOMMISSIONREPORT	822	artwork	-	raster	384	633	49	483	
GPO-WARRENCOMMISSIONREPORT	823	artwork	-	raster	384	633	51	505	
GPO-WARRENCOMMISSIONREPORT	824	artwork	-	raster	384	633	49	481	
GPO-WARRENCOMMISSIONREPORT	825	artwork	-	raster	384	633	49	496	
GPO-WARRENCOMMISSIONREPORT	826	artwork	-	raster	384	633	52	444	
GPO-WARRENCOMMISSIONREPORT	827	artwork	-	raster	384	633	49	505	
GPO-WARRENCOMMISSIONREPORT	828	artwork	-	raster	384	633	46	476	
GPO-WARRENCOMMISSIONREPORT	829	artwork	-	raster	384	633	48	431	
GPO-WARRENCOMMISSIONREPORT	830	artwork	-	raster	384	633	47	470	
GPO-WARRENCOMMISSIONREPORT	831	artwork	-	raster	384	633	49	489	
GPO-WARRENCOMMISSIONREPORT	832	artwork	-	raster	384	633	44	391	
GPO-WARRENCOMMISSIONREPORT	833	artwork	-	raster	384	633	48	503	
GPO-WARRENCOMMISSIONREPORT	834	artwork	-	raster	384	633	20	180	
GPO-WARRENCOMMISSIONREPORT	835	artwork	-	raster	384	633	44	417	
GPO-WARRENCOMMISSIONREPORT	836	artwork	-	raster	384	633	47	469	
GPO-WARRENCOMMISSIONREPORT	837	artwork	-	raster	384	633	48	438	
GPO-WARRENCOMMISSIONREPORT	838	artwork	-	raster	384	633	50	273	
GPO-WARRENCOMMISSIONREPORT	839	artwork	-	raster	384	633	49	311	
GPO-WARRENCOMMISSIONREPORT	840	artwork	-	raster	384	633	50	280	
GPO-WARRENCOMMISSIONREPORT	841	artwork	-	raster	384	633	47	440	
GPO-WARRENCOMMISSIONREPORT	842	artwork	-	raster	384	633	46	451	
GPO-WARRENCOMMISSIONREPORT	843	artwork	-	raster	384	633	43	387	
GPO-WARRENCOMMISSIONREPORT	844	artwork	-	raster	384	633	7	58	
GPO-WARRENCOMMISSIONREPORT	845	artwork	-	raster	384	633	90	532	
GPO-WARRENCOMMISSIONREPORT	846	artwork	-	raster	384	633	176	880	
GPO-WARRENCOMMISSIONREPORT	847	artwork	-	raster	384	633	171	899	
GPO-WARRENCOMMISSIONREPORT	848	artwork	-	raster	384	633	168	888	
GPO-WARRENCOMMISSIONREPORT	849	artwork	-	raster	384	633	176	905	
GPO-WARRENCOMMISSIONREPORT	850	artwork	-	raster	384	633	159	827	
GPO-WARRENCOMMISSIONREPORT	851	artwork	-	raster	384	633	174	1020	
GPO-WARRENCOMMISSIONREPORT	852	artwork	-	raster	384	633	174	1030	
GPO-WARRENCOMMISSIONREPORT	853	artwork	-	raster	384	633	177	845	
GPO-WARRENCOMMISSIONREPORT	854	artwork	-	raster	384	633	174	843	
GPO-WARRENCOMMISSIONREPORT	855	artwork	-	raster	384	633	173	950	
GPO-WARRENCOMMISSIONREPORT	856	artwork	-	raster	384	633	175	925	
GPO-WARRENCOMMISSIONREPORT	857	artwork	-	raster	384	633	155	896	
GPO-WARRENCOMMISSIONREPORT	858	artwork	-	raster	384	633	171	1057	
GPO-WARRENCOMMISSIONREPORT	859	artwork	-	raster	384	633	176	1107	
GPO-WARRENCOMMISSIONREPORT	860	artwork	-	raster	384	633	160	971	
GPO-WARRENCOMMISSIONREPORT	861	artwork	-	raster	384	633	177	960	
GPO-WARRENCOMMISSIONREPORT	862	artwork	-	raster	384	633	173	1004	
GPO-WARRENCOMMISSIONREPORT	863	artwork	-	raster	384	633	177	1039	
GPO-WARRENCOMMISSIONREPORT	864	artwork	-	raster	384	633	176	1126	
GPO-WARRENCOMMISSIONREPORT	865	artwork	-	raster	384	633	180	1116	
GPO-WARRENCOMMISSIONREPORT	866	artwork	-	raster	384	633	179	1017	
GPO-WARRENCOMMISSIONREPORT	867	artwork	-	raster	384	633	184	1006	
GPO-WARRENCOMMISSIONREPORT	868	artwork	-	raster	384	633	179	1025	
GPO-WARRENCOMMISSIONREPORT	869	artwork	-	raster	384	633	175	1127	
GPO-WARRENCOMMISSIONREPORT	870	artwork	-	raster	384	633	176	1088	
GPO-WARRENCOMMISSIONREPORT	871	artwork	-	raster	384	633	179	1071	
GPO-WARRENCOMMISSIONREPORT	872	artwork	-	raster	384	633	177	1070	
GPO-WARRENCOMMISSIONREPORT	873	artwork	-	raster	384	633	177	1016	
GPO-WARRENCOMMISSIONREPORT	874	artwork	-	raster	384	633	164	970	
GPO-WARRENCOMMISSIONREPORT	875	artwork	-	raster	384	633	177	979	
GPO-WARRENCOMMISSIONREPORT	876	artwork	-	raster	384	633	178	973	
GPO-WARRENCOMMISSIONREPORT	877	artwork	-	raster	384	633	175	1008	
GPO-WARRENCOMMISSIONREPORT	878	artwork	-	raster	384	633	159	825	
GPO-WARRENCOMMISSIONREPORT	879	artwork	-	raster	384	633	174	914	
GPO-WARRENCOMMISSIONREPORT	880	artwork	-	raster	384	633	175	947	
GPO-WARRENCOMMISSIONREPORT	881	artwork	-	raster	384	633	152	833	
GPO-WARRENCOMMISSIONREPORT	882	artwork	-	raster	384	633	169	885	
GPO-WARRENCOMMISSIONREPORT	883	artwork	-	raster	384	633	176	880	
GPO-WARRENCOMMISSIONREPORT	884	artwork	-	raster	384	633	173	758	
GPO-WARRENCOMMISSIONREPORT	885	artwork	-	raster	384	633	159	823	
GPO-WARRENCOMMISSIONREPORT	886	artwork	-	raster	384	633	155	953	
GPO-WARRENCOMMISSIONREPORT	887	artwork	-	raster	384	633	173	1002	
GPO-WARRENCOMMISSIONREPORT	888	artwork	-	raster	384	633	175	959	
GPO-WARRENCOMMISSIONREPORT	889	artwork	-	raster	384	633	176	950	
GPO-WARRENCOMMISSIONREPORT	890	artwork	-	raster	384	633	174	997	
GPO-WARRENCOMMISSIONREPORT	891	artwork	-	raster	384	633	175	1050	
GPO-WARRENCOMMISSIONREPORT	892	artwork	-	raster	384	633	173	918	
GPO-WARRENCOMMISSIONREPORT	893	artwork	-	raster	384	633	176	941	
GPO-WARRENCOMMISSIONREPORT	894	artwork	-	raster	384	633	173	1034	
GPO-WARRENCOMMISSIONREPORT	895	artwork	-	raster	384	633	173	996	
GPO-WARRENCOMMISSIONREPORT	896	artwork	-	raster	384	633	174	1000	
GPO-WARRENCOMMISSIONREPORT	897	artwork	-	raster	384	633	161	967	
GPO-WARRENCOMMISSIONREPORT	898	artwork	-	raster	384	633	174	1025	
GPO-WARRENCOMMISSIONREPORT	899	artwork	-	raster	384	633	173	920	
GPO-WARRENCOMMISSIONREPORT	900	artwork	-	raster	384	633	179	942	
GPO-WARRENCOMMISSIONREPORT	901	artwork	-	raster	384	633	161	956	
GPO-WARRENCOMMISSIONREPORT	902	artwork	-	raster	384	633	178	1100	
GPO-WARRENCOMMISSIONREPORT	903	artwork	-	raster	384	633	181	1031	
GPO-WARRENCOMMISSIONREPORT	904	artwork	-	raster	384	633	176	1089	
GPO-WARRENCOMMISSIONREPORT	905	artwork	-	raster	384	633	177	1090	
GPO-WARRENCOMMISSIONREPORT	906	artwork	-	raster	384	633	163	745	
GPO-WARRENCOMMISSIONREPORT	907	artwork	-	raster	384	633	33	216	
GPO-WARRENCOMMISSIONREPORT	908	artwork	-	raster	384	633	98	416	
GPO-WARRENCOMMISSIONREPORT	909	artwork	-	raster	384	633	116	543	
GPO-WARRENCOMMISSIONREPORT	910	artwork	-	raster	384	633	115	522	
GPO-WARRENCOMMISSIONREPORT	911	artwork	-	raster	384	633	110	476	
GPO-WARRENCOMMISSIONREPORT	912	artwork	-	raster	384	633	116	528	
GPO-WARRENCOMMISSIONREPORT	913	artwork	-	raster	384	633	115	530	
GPO-WARRENCOMMISSIONREPORT	914	artwork	-	raster	384	633	114	511	
GPO-WARRENCOMMISSIONREPORT	915	artwork	-	raster	384	633	118	530	
GPO-WARRENCOMMISSIONREPORT	916	artwork	-	raster	384	633	87	368	
GPO-WARRENCOMMISSIONREPORT	917	artwork	-	raster	384	633	0	0	
GPO-WARRENCOMMISSIONREPORT	918	artwork	-	raster	384	633	0	0	
GPO-WARRENCOMMISSIONREPORT	919	artwork	-	raster	384	633	3	8	
GPO-WARRENCOMMISSIONREPORT	920	artwork	-	raster	384	633	0	0	
November-December2012	1	artwork	-	raster	612	792	8	28	
November-December2012	2	artwork	-	vector	179	117	7	19	
November-December2012	2	artwork	-	raster	612	136	0	0	
November-December2012	3	artwork	-	raster	310	206	0	0	
November-December2012	3	artwork	-	vector	4	612	0	0	
November-December2012	3	artwork	-	vector	548	4	0	0	
November-December2012	3	artwork	-	vector	314	4	0	0	
November-December2012	3	artwork	-	vector	319	4	0	0	
November-December2012	3	artwork	-	vector	329	85	1	11	
November-December2012	4	artwork	-	raster	540	528	0	0	
November-December2012	4	artwork	-	raster	521	57	0	0	
November-December2012	5	artwork	-	vector	542	57	0	0	
November-December2012	5	artwork	-	raster	248	174	2	21	
November-December2012	5	artwork	-	raster	246	159	1	3	
November-December2012	6	artwork	-	vector	544	4	0	0	
November-December2012	6	artwork	-	raster	263	232	0	0	
November-December2012	6	artwork	-	raster	263	455	0	0	
November-December2012	7	artwork	-	vector	544	4	0	0	
November-December2012	7	artwork	-	raster	356	442	0	0	
November-December2012	8	artwork	-	vector	544	4	0	0	
November-December2012	8	artwork	-	raster	356	367	0	0	
November-December2012	8	artwork	-	raster	177	204	5	26	
November-December2012	9	artwork	-	vector	544	4	0	0	
November-December2012	9	artwork	-	raster	540	432	0	0	
November-December2012	9	artwork	-	raster	180	158	3	14	
November-December2012	10	artwork	-	raster	540	336	0	0	
November-December2012	11	artwork	-	vector	544	4	0	0	
November-December2012	11	artwork	-	raster	540	361	0	0	
November-December2012	12	artwork	-	vector	544	4	0	0	
November-December2012	12	artwork	-	raster	540	405	0	0	
November-December2012	13	artwork	-	raster	540	422	0	0	
November-December2012	14	artwork	-	raster	540	163	0	0	
November-December2012	15	artwork	-	vector	544	4	0	0	
November-December2012	15	artwork	-	raster	360	4	0	0	
November-December2012	15	artwork	-	raster	359	348	3	5	
November-December2012	16	artwork	-	vector	544	4	0	0	
November-December2012	16	artwork	-	raster	233	378	0	0	
November-December2012	16	artwork	-	vector	238	67	5	35	
November-December2012	16	artwork	-	vector	245	4	0	0	
November-December2012	17	artwork	-	vector	544	4	0	0	
November-December2012	17	artwork	-	raster	216	270	0	0	
November-December2012	17	artwork	-	raster	216	270	0	0	
November-December2012	18	artwork	-	vector	544	4	0	0	
November-December2012	18	artwork	-	raster	356	465	0	0	
November-December2012	19	artwork	-	vector	544	4	0	0	
November-December2012	19	artwork	-	raster	356	530	5	38	
November-December2012	20	artwork	-	raster	555	718	92	562	
November-December2012	21	artwork	-	raster	555	718	90	545	
November-December2012	22	artwork	-	vector	544	4	0	0	
November-December2012	22	artwork	-	vector	21	23	1	1	
November-December2012	22	artwork	-	vector	36	22	1	2	
November-December2012	22	artwork	-	vector	24	12	0	0	
November-December2012	22	artwork	-	raster	47	38	0	0	
November-December2012	23	artwork	-	vector	17	12	0	0	
November-December2012	23	artwork	-	vector	19	12	0	0	
November-December2012	23	artwork	-	raster	54	57	2	2	
November-December2012	23	artwork	-	vector	551	30	0	0	
November-December2012	24	artwork	-	vector	188	64	4	13	
November-December2012	24	artwork	-	vector	188	4	0	0	
November-December2012	24	artwork	-	vector	156	29	2	7	
November-December2012	24	artwork	-	raster	36	52	0	0	
November-December2012	24	artwork	-	vector	113	311	18	37	
November-December2012	24	artwork	-	vector	543	4	0	0	
November-December2012	24	artwork	-	raster	407	308	0	0	
THM-Close-Out-Report-and-Exec-Summ-for-STI-Review	1	artwork	-	vector	87	19	0	0	
THM-Close-Out-Report-and-Exec-Summ-for-STI-Review	1	artwork	-	vector	78	64	0	0	
THM-Close-Out-Report-and-Exec-Summ-for-STI-Review	1	artwork	-	raster	168	148	2	6	
THM-Close-Out-Report-and-Exec-Summ-for-STI-Review	2	artwork	-	vector	7	7	0	0	
THM-Close-Out-Report-and-Exec-Summ-for-STI-Review	2	artwork	-	vector	7	7	0	0	
THM-Close-Out-Report-and-Exec-Summ-for-STI-Review	2	artwork	-	vector	7	7	0	0	
THM-Close-Out-Report-and-Exec-Summ-for-STI-Review	2	artwork	-	vector	7	7	0	0	
THM-Close-Out-Report-and-Exec-Summ-for-STI-Review	2	artwork	-	vector	7	7	0	0	
THM-Close-Out-Report-and-Exec-Summ-for-STI-Review	2	artwork	-	vector	7	7	0	0	
THM-Close-Out-Report-and-Exec-Summ-for-STI-Review	2	artwork	-	vector	7	7	0	0	
THM-Close-Out-Report-and-Exec-Summ-for-STI-Review	2	artwork	-	vector	7	7	0	0	
THM-Close-Out-Report-and-Exec-Summ-for-STI-Review	2	artwork	-	vector	7	7	0	0	
THM-Close-Out-Report-and-Exec-Summ-for-STI-Review	2	artwork	-	vector	7	7	0	0	
THM-Close-Out-Report-and-Exec-Summ-for-STI-Review	2	artwork	-	vector	7	7	0	0	
THM-Close-Out-Report-and-Exec-Summ-for-STI-Review	2	artwork	-	vector	7	7	0	0	
THM-Close-Out-Report-and-Exec-Summ-for-STI-Review	2	artwork	-	vector	87	19	0	0	
THM-Close-Out-Report-and-Exec-Summ-for-STI-Review	2	artwork	-	vector	168	572	25	58	
THM-Close-Out-Report-and-Exec-Summ-for-STI-Review	2	artwork	-	vector	78	64	0	0	
THM-Close-Out-Report-and-Exec-Summ-for-STI-Review	3	artwork	-	vector	7	7	0	0	
THM-Close-Out-Report-and-Exec-Summ-for-STI-Review	3	artwork	-	vector	7	7	0	0	
THM-Close-Out-Report-and-Exec-Summ-for-STI-Review	3	artwork	-	vector	7	7	0	0	
THM-Close-Out-Report-and-Exec-Summ-for-STI-Review	3	artwork	-	vector	7	7	0	0	
THM-Close-Out-Report-and-Exec-Summ-for-STI-Review	3	artwork	-	vector	7	7	0	0	
THM-Close-Out-Report-and-Exec-Summ-for-STI-Review	3	artwork	-	vector	7	7	0	0	
THM-Close-Out-Report-and-Exec-Summ-for-STI-Review	3	artwork	-	vector	168	572	11	24	
THM-Close-Out-Report-and-Exec-Summ-for-STI-Review	3	artwork	-	vector	315	192	0	0	
THM-Close-Out-Report-and-Exec-Summ-for-STI-Review	3	artwork	-	vector	87	19	0	0	
THM-Close-Out-Report-and-Exec-Summ-for-STI-Review	3	artwork	-	vector	78	64	0	0	
THM-Close-Out-Report-and-Exec-Summ-for-STI-Review	4	artwork	-	vector	540	51	4	13	
THM-Close-Out-Report-and-Exec-Summ-for-STI-Review	4	artwork	-	vector	540	162	26	42	
THM-Close-Out-Report-and-Exec-Summ-for-STI-Review	4	artwork	-	vector	540	76	3	7	
THM-Close-Out-Report-and-Exec-Summ-for-STI-Review	4	artwork	captioned	raster	153	61	0	0	Figure 1: essential signal chain of the MPG technology
THM-Close-Out-Report-and-Exec-Summ-for-STI-Review	4	artwork	-	vector	87	19	0	0	
THM-Close-Out-Report-and-Exec-Summ-for-STI-Review	4	artwork	-	vector	78	64	0	0	
THM-Close-Out-Report-and-Exec-Summ-for-STI-Review	5	artwork	-	raster	153	72	0	0	
THM-Close-Out-Report-and-Exec-Summ-for-STI-Review	5	artwork	-	raster	155	100	0	0	
THM-Close-Out-Report-and-Exec-Summ-for-STI-Review	5	artwork	-	raster	155	50	0	0	
THM-Close-Out-Report-and-Exec-Summ-for-STI-Review	5	artwork	-	vector	87	19	0	0	
THM-Close-Out-Report-and-Exec-Summ-for-STI-Review	5	artwork	-	vector	78	64	0	0	
cdc_6023_DS1	1	artwork	-	raster	612	792	4	13	
cdc_6023_DS1	2	artwork	-	raster	612	792	0	0	
cdc_6023_DS1	4	artwork	-	raster	612	792	13	46	
cdc_6023_DS1	5	artwork	-	raster	612	792	19	100	
cdc_6023_DS1	6	artwork	-	raster	612	792	19	129	
cdc_6023_DS1	7	artwork	-	raster	612	792	13	53	
cdc_6023_DS1	9	artwork	-	raster	612	792	13	58	
cdc_6023_DS1	10	artwork	-	raster	612	792	14	97	
cdc_6023_DS1	11	artwork	-	raster	612	792	29	100	
cdc_6023_DS1	12	artwork	-	raster	612	792	50	205	
cdc_6023_DS1	13	artwork	-	raster	612	792	0	0	
cdc_6023_DS1	14	artwork	-	raster	612	792	10	75	
cdc_6023_DS1	15	artwork	-	raster	612	792	0	0	
cdc_6023_DS1	16	artwork	-	raster	403	613	0	0	
cdc_6023_DS1	17	artwork	-	raster	392	613	0	0	
cdc_6023_DS1	20	artwork	-	raster	612	792	5	13	
cdc_6023_DS1	21	artwork	-	raster	612	792	40	204	
cdc_6023_DS1	22	artwork	-	raster	612	792	22	90	
cdc_6023_DS1	25	artwork	-	raster	612	792	8	30	
cdc_6023_DS1	27	artwork	-	raster	612	792	19	106	
cdc_6023_DS1	29	artwork	-	raster	612	792	14	64	
cdc_6023_DS1	30	artwork	-	raster	612	792	17	118	
cdc_6023_DS1	31	artwork	-	raster	612	792	4	16	
cdc_6023_DS1	32	artwork	-	raster	612	792	7	36	
cdc_6023_DS1	33	artwork	-	raster	612	792	20	88	
cdc_6023_DS1	34	artwork	-	raster	612	792	18	73	
cdc_6023_DS1	35	artwork	-	raster	307	792	6	26	
cdc_6023_DS1	36	artwork	-	raster	327	800	0	0	
cdc_6023_DS1	37	artwork	-	raster	612	792	4	196	
cdc_6023_DS1	38	artwork	-	raster	612	792	0	0	
cdc_6023_DS1	40	artwork	-	raster	612	792	0	0	
cdc_6023_DS1	41	artwork	-	raster	612	792	0	0	
cdc_6023_DS1	42	artwork	-	raster	612	792	1	1	
complaint_for_a_civil_case	1	text	-	vector	544	16	1	10	
complaint_for_a_civil_case	1	artwork	-	vector	193	4	0	0	
complaint_for_a_civil_case	1	artwork	-	vector	251	4	0	0	
complaint_for_a_civil_case	1	artwork	-	vector	251	4	0	0	
complaint_for_a_civil_case	2	text	-	vector	544	16	1	10	
complaint_for_a_civil_case	3	text	-	vector	544	16	1	10	
complaint_for_a_civil_case	3	artwork	-	vector	466	4	0	0	
complaint_for_a_civil_case	3	artwork	-	vector	211	4	0	0	
complaint_for_a_civil_case	3	artwork	-	vector	211	4	0	0	
complaint_for_a_civil_case	3	artwork	-	vector	206	4	0	0	
complaint_for_a_civil_case	3	artwork	-	vector	198	4	0	0	
complaint_for_a_civil_case	3	artwork	-	vector	193	4	0	0	
complaint_for_a_civil_case	4	text	-	vector	544	16	1	10	
complaint_for_a_civil_case	4	artwork	-	vector	180	4	0	0	
complaint_for_a_civil_case	4	artwork	-	vector	192	4	0	0	
complaint_for_a_civil_case	4	artwork	-	vector	173	4	0	0	
complaint_for_a_civil_case	4	artwork	-	vector	160	4	0	0	
complaint_for_a_civil_case	4	artwork	-	vector	173	4	0	0	
complaint_for_a_civil_case	5	text	-	vector	544	16	1	10	
complaint_for_a_civil_case	5	artwork	-	vector	130	4	0	0	
complaint_for_a_civil_case	5	artwork	-	vector	130	4	0	0	
faa-h-8083-25c	1	artwork	-	raster	612	792	2	3	
faa-h-8083-25c	16	artwork	-	raster	269	236	16	116	
faa-h-8083-25c	17	artwork	captioned	raster	241	355	0	0	Figure 1-2. Glider from 1852 by Sir George Cayley, British aviator (1773–1857).
faa-h-8083-25c	17	artwork	captioned	raster	241	184	0	0	Figure 1-1. Leonardo da Vinci’s ornithopter wings.
faa-h-8083-25c	18	artwork	captioned	raster	241	182	0	0	Figure 1-3. First flight by the Wright brothers.
faa-h-8083-25c	18	artwork	captioned	raster	241	190	0	0	Figure 1-4. Benoist airboat.
faa-h-8083-25c	19	artwork	captioned	raster	237	180	0	0	Figure 1-6. The transcontinental airmail route ran from New York to San Francisco.
faa-h-8083-25c	19	artwork	captioned	raster	241	151	0	0	Figure 1-5. The de Haviland DH-4 on the New York to San Francisco inaugural route in 1921.
faa-h-8083-25c	20	artwork	-	vector	241	317	0	0	
faa-h-8083-25c	20	artwork	-	raster	241	139	0	0	
faa-h-8083-25c	20	artwork	captioned	raster	241	139	0	0	Figure 1-8. The first pilot license was issued to William P. MacCracken, Jr.
faa-h-8083-25c	20	artwork	captioned	raster	241	197	0	0	Figure 1-9. The third head of the Aeronautics Branch, Eugene L. Vidal, is flanked by President Franklin D. Roosevelt (left) and Secretary of Agriculture Henry A. Wallace (right).
faa-h-8083-25c	21	artwork	captioned	raster	241	266	0	0	Figure 1-10. First Administrator of the FAA was General Elwood Richard “Pete” Quesada, 1959–1961.
faa-h-8083-25c	22	artwork	captioned	raster	241	168	0	0	Figure 1-11. President Jimmy Carter signs the Airline Deregulation Act in late 1978.
faa-h-8083-25c	23	artwork	captioned	vector	486	318	0	0	Figure 1-12. Overview of 14 CFR, available online free from the FAA and for purchase through commercial sources.
faa-h-8083-25c	24	artwork	captioned	raster	241	155	0	0	Figure 1-13. Atlanta Flight Standards District Office (FSDO).
faa-h-8083-25c	25	artwork	captioned	vector	237	423	0	0	Figure 1-15. A sample of handbooks available to the public. Most can be downloaded free of charge from the FAA website.
faa-h-8083-25c	25	artwork	-	raster	212	263	1	5	
faa-h-8083-25c	26	artwork	captioned	raster	489	272	0	0	Figure 1-16. Pilot Operating Handbooks from manufacturers.
faa-h-8083-25c	26	artwork	captioned	raster	170	238	0	0	Figure 1-17. Example of an Advisory Circular in its fifth revision.
faa-h-8083-25c	27	artwork	captioned	raster	491	274	0	0	Figure 1-18. From left to right, a sectional VFR chart, IFR chart, and chart supplement U.S. (formerly Airport/Facility Directory) with a sample of a page from the supplement.
faa-h-8083-25c	28	artwork	captioned	vector	491	355	0	0	Figure 1-19. NOTAM (D) Information.
faa-h-8083-25c	31	artwork	captioned	raster	241	158	0	0	Figure 1-20. Front side (top) and back side (bottom) of an airman certificate issued by the FAA.
faa-h-8083-25c	31	artwork	-	raster	240	157	0	0	
faa-h-8083-25c	32	artwork	captioned	vector	482	113	0	0	Figure 1-21. Example endorsement for a recreational pilot to conduct solo flights for the purpose of determining an additional certificate or rating.
faa-h-8083-25c	33	artwork	captioned	raster	241	130	0	0	Figure 1-23. A complex aircraft.
faa-h-8083-25c	33	artwork	captioned	raster	241	164	0	0	Figure 1-24. Type of aircraft flown by an airline transport pilot.
faa-h-8083-25c	33	artwork	captioned	raster	241	164	0	0	Figure 1-22. A typical aircraft a private pilot might fly.
faa-h-8083-25c	37	artwork	captioned	raster	486	306	0	0	Figure 1-25. Examples of Practical Test Standards.
faa-h-8083-25c	40	artwork	-	raster	265	114	7	55	
faa-h-8083-25c	41	artwork	captioned	vector	490	270	0	0	Figure 2-1. The percentage of aviation accidents as they relate to the different phases of flight.
faa-h-8083-25c	42	artwork	captioned	raster	486	308	0	0	Figure 2-2. Advisory Circular (AC) 60-22, “Aeronautical Decision Making,” carries a wealth of information for the pilot to learn.
faa-h-8083-25c	43	artwork	captioned	vector	241	256	0	0	Figure 2-3. Risk management decision-making process.
faa-h-8083-25c	44	artwork	captioned	vector	486	338	0	0	Figure 2-4. The five hazardous attitudes identified through past and contemporary study.
faa-h-8083-25c	45	artwork	captioned	vector	239	127	0	0	Figure 2-5. This risk matrix can be used for almost any operation by assigning likelihood and consequence.
faa-h-8083-25c	46	artwork	captioned	vector	486	566	0	0	Figure 2-6. Example of a more comprehensive risk assessment program.
faa-h-8083-25c	49	artwork	captioned	vector	486	337	0	0	Figure 2-7. The PAVE checklist.
faa-h-8083-25c	50	artwork	captioned	raster	490	326	0	0	Figure 2-8. Human factors effects pilots, aviation maintenance technicians (AMTs) and air traffic control (ATC).
faa-h-8083-25c	52	artwork	captioned	vector	236	128	0	0	Figure 2-9. The Five Ps checklist.
faa-h-8083-25c	54	artwork	captioned	vector	486	66	0	0	Figure 2-10. Risk management processing can take place in any of three timeframes.
faa-h-8083-25c	55	artwork	captioned	vector	487	180	0	0	Figure 2-11. A real-world example of how the 3P model guides decisions on a cross-country trip using the PAVE checklist.
faa-h-8083-25c	56	artwork	captioned	vector	486	406	0	0	Figure 2-12. A real-world examples of how the 3P model guides decisions on a cross-country trip using the CARE checklist.
faa-h-8083-25c	57	artwork	captioned	vector	486	445	0	0	Figure 2-13. A real-world example of how the 3P model guides decisions on a cross-country trip using the TEAM checklist.
faa-h-8083-25c	58	artwork	captioned	vector	493	528	0	0	Figure 2-14. The DECIDE model has been recognized worldwide. Its application is illustrated in column A while automatic/naturalistic decision-making is shown in column B.
faa-h-8083-25c	61	artwork	-	vector	482	135	0	0	
faa-h-8083-25c	61	artwork	-	vector	486	471	0	0	
faa-h-8083-25c	62	artwork	captioned	raster	242	145	0	0	Figure 2-17. When possible, have a passenger reconfirm that critical tasks are completed.
faa-h-8083-25c	62	artwork	captioned	raster	241	163	0	0	Figure 2-18. Controllers work to make flights as safe as possible.
faa-h-8083-25c	63	artwork	captioned	raster	240	145	0	0	Figure 2-19. Balancing workloads can be a difficult task.
faa-h-8083-25c	64	artwork	captioned	raster	486	225	0	0	Figure 2-20. The pilot has a certain capacity of doing work and handling tasks. However, there is a point where the tasking exceeds the pilot’s capability.
faa-h-8083-25c	65	artwork	captioned	raster	240	313	0	0	Figure 2-21. Electronic flight instrumentation comes in many systems and provides a myriad of information to the pilot.
faa-h-8083-25c	67	artwork	captioned	raster	490	570	0	0	Figure 2-22. Two similar flight decks equipped with the same information two different ways, analog and digital. What are they indicating?
faa-h-8083-25c	68	artwork	captioned	raster	241	142	0	0	Figure 2-23. An example of an autopilot system.
faa-h-8083-25c	68	artwork	captioned	raster	241	430	0	0	Figure 2-24. Examples of different platforms. Top to bottom are the Beechcraft Baron G58, Cirrus SR22, and Cirrus Entega.
faa-h-8083-25c	72	artwork	-	raster	574	774	24	173	
faa-h-8083-25c	74	artwork	captioned	vector	486	170	0	0	Figure 3-2. Illustrates the pitch, roll, and yaw motion of the aircraft along the lateral, longitudinal, and vertical axes, respectively.
faa-h-8083-25c	74	artwork	captioned	vector	237	168	0	0	Figure 3-1. The four forces.
faa-h-8083-25c	75	artwork	-	vector	236	156	0	0	
faa-h-8083-25c	75	artwork	captioned	vector	237	248	0	0	Figure 3-5. Truss-type fuselage structure.
faa-h-8083-25c	75	artwork	-	vector	238	434	0	0	
faa-h-8083-25c	76	artwork	captioned	vector	486	278	0	0	Figure 3-7. Wing components.
faa-h-8083-25c	76	artwork	captioned	raster	490	152	0	0	Figure 3-6. Monoplane (left) and biplane (right).
faa-h-8083-25c	77	artwork	captioned	vector	237	486	0	0	Figure 3-8. Types of flaps.
faa-h-8083-25c	77	artwork	captioned	raster	241	142	0	0	Figure 3-9. Weight-shift control aircraft use the shifting of weight for control.
faa-h-8083-25c	77	artwork	captioned	vector	237	176	0	0	Figure 3-10. Empennage components.
faa-h-8083-25c	78	artwork	captioned	raster	241	184	0	0	Figure 3-11. Stabilator components.
faa-h-8083-25c	78	artwork	captioned	raster	241	484	0	0	Figure 3-12. Types of landing gear: floats (top), skis (middle), and wheels (bottom).
faa-h-8083-25c	79	artwork	captioned	vector	237	221	0	0	Figure 3-13. Engine compartment.
faa-h-8083-25c	80	artwork	captioned	vector	237	291	0	0	Figure 3-14. Semimonocoque and monocoque fuselage design.
faa-h-8083-25c	81	artwork	captioned	raster	241	176	0	0	Figure 3-15. Composite aircraft.
faa-h-8083-25c	82	artwork	captioned	vector	235	392	0	0	Figure 3-16. Impact energy affects the visibility, as well as the severity, of damage in composite structures. High and medium energy impacts, while severe, are easy to detect.
faa-h-8083-25c	83	artwork	captioned	raster	241	470	0	0	Figure 3-17. Composite materials in aircraft, such as Columbia 350 (top), Boeing 787 (middle), and a Coast Guard HH-65 (bottom).
faa-h-8083-25c	84	artwork	captioned	raster	243	329	0	0	Figure 3-18. Analog display (top) and digital display (bottom) from a Cessna 172.
faa-h-8083-25c	85	artwork	captioned	vector	490	590	0	0	Figure 3-19. Performance instruments.
faa-h-8083-25c	86	artwork	captioned	vector	493	592	0	0	Figure 3-20. Control instruments.
faa-h-8083-25c	87	artwork	-	vector	485	330	0	0	
faa-h-8083-25c	87	artwork	-	raster	486	234	0	0	
faa-h-8083-25c	88	artwork	-	raster	414	421	22	187	
faa-h-8083-25c	89	artwork	captioned	raster	491	193	0	0	Figure 4-1. Microscopic surface of a wing.
faa-h-8083-25c	90	artwork	-	vector	239	253	0	0	
faa-h-8083-25c	90	artwork	-	vector	237	282	0	0	
faa-h-8083-25c	93	artwork	captioned	vector	486	158	0	0	Figure 4-4. Air pressure decreases in a venturi tube.
faa-h-8083-25c	94	artwork	captioned	vector	237	235	0	0	Figure 4-6. Airfoil designs.
faa-h-8083-25c	94	artwork	captioned	vector	241	124	0	0	Figure 4-5. Typical airfoil section.
faa-h-8083-25c	95	artwork	captioned	vector	237	522	0	0	Figure 4-7. Pressure distribution on an airfoil and CP changes with AOA.
faa-h-8083-25c	96	artwork	captioned	vector	238	181	0	0	Figure 4-8. Tip vortex.
faa-h-8083-25c	98	artwork	-	raster	275	361	27	204	
faa-h-8083-25c	99	artwork	captioned	vector	237	161	0	0	Figure 5-1. Relationship of forces acting on an aircraft.
faa-h-8083-25c	99	artwork	captioned	vector	237	198	0	0	Figure 5-2. Force vectors during a stabilized climb.
faa-h-8083-25c	100	artwork	captioned	vector	485	104	0	0	Figure 5-3. Angle of attack at various speeds.
faa-h-8083-25c	101	artwork	captioned	raster	490	146	0	0	Figure 5-4. Some aircraft have the ability to change the direction of thrust.
faa-h-8083-25c	101	artwork	captioned	vector	485	234	0	0	Figure 5-5. Coefficients of lift and drag at various angles of attack.
faa-h-8083-25c	101	equation	-	vector	96	38	2	10	
faa-h-8083-25c	102	artwork	captioned	vector	237	143	0	0	Figure 5-6. Drag versus speed.
faa-h-8083-25c	102	equation	-	vector	100	38	2	10	
faa-h-8083-25c	103	artwork	captioned	vector	237	235	0	0	Figure 5-7. Form drag.
faa-h-8083-25c	103	artwork	captioned	raster	241	175	0	0	Figure 5-8. A wing root can cause interference drag.
faa-h-8083-25c	104	artwork	captioned	raster	241	189	0	0	Figure 5-9. Wingtip vortex from a crop duster.
faa-h-8083-25c	104	artwork	captioned	raster	242	184	0	0	Figure 5-10. The difference in wingtip vortex size at altitude versus near the ground.
faa-h-8083-25c	105	artwork	captioned	raster	240	243	0	0	Figure 5-11. The difference in downwash at altitude versus near the ground.
faa-h-8083-25c	106	artwork	captioned	vector	238	204	0	0	Figure 5-12. Wingtip vortices.
faa-h-8083-25c	106	artwork	captioned	vector	490	143	0	0	Figure 5-13. Avoid following another aircraft at an altitude within 1,000 feet.
faa-h-8083-25c	107	artwork	-	vector	490	452	0	0	
faa-h-8083-25c	107	artwork	-	vector	490	143	0	0	
faa-h-8083-25c	108	artwork	captioned	vector	486	144	0	0	Figure 5-17. Ground effect changes drag and lift.
faa-h-8083-25c	108	artwork	captioned	vector	241	91	0	0	Figure 5-16. Ground effect changes airflow.
faa-h-8083-25c	109	artwork	captioned	vector	485	175	0	0	Figure 5-18. Axes of an airplane.
faa-h-8083-25c	110	artwork	captioned	raster	241	161	0	0	Figure 5-20. A powered parachute.
faa-h-8083-25c	110	artwork	captioned	raster	241	176	0	0	Figure 5-19. A weight-shift control aircraft.
faa-h-8083-25c	111	artwork	captioned	vector	485	225	0	0	Figure 5-21. Types of static stability.
faa-h-8083-25c	112	artwork	captioned	vector	486	198	0	0	Figure 5-22. Damped versus undamped stability.
faa-h-8083-25c	113	artwork	captioned	vector	237	125	0	0	Figure 5-23. Longitudinal stability.
faa-h-8083-25c	113	artwork	captioned	vector	237	258	0	0	Figure 5-24. Effect of speed on downwash.
faa-h-8083-25c	113	artwork	captioned	vector	237	204	0	0	Figure 5-25. Reduced power allows pitch down.
faa-h-8083-25c	114	artwork	captioned	vector	237	276	0	0	Figure 5-26. Thrust line affects longitudinal stability.
faa-h-8083-25c	114	artwork	captioned	vector	237	276	0	0	Figure 5-27. Power changes affect longitudinal stability.
faa-h-8083-25c	115	artwork	captioned	raster	486	132	0	0	Figure 5-28. Dihedral is the upward angle of the wings from a horizontal (front/rear view) axis of the plane as shown in the graphic depiction and the rear view of a Ryanair Boeing 737.
faa-h-8083-25c	115	artwork	-	vector	237	197	0	0	
faa-h-8083-25c	115	artwork	-	vector	237	168	0	0	
faa-h-8083-25c	116	artwork	captioned	vector	237	271	0	0	Figure 5-32. Fuselage and fin for directional stability.
faa-h-8083-25c	116	artwork	captioned	vector	237	127	0	0	Figure 5-31. Keel area for lateral stability.
faa-h-8083-25c	118	artwork	captioned	vector	490	543	0	0	Figure 5-33. Different types of wing planforms.
faa-h-8083-25c	119	artwork	captioned	vector	485	158	0	0	Figure 5-34. Forces during normal, coordinated turn at constant altitude.
faa-h-8083-25c	121	artwork	captioned	vector	486	160	0	0	Figure 5-35. Normal, slipping, and skidding turns at a constant altitude.
faa-h-8083-25c	121	artwork	captioned	vector	241	148	0	0	Figure 5-36. Changes in lift during climb entry.
faa-h-8083-25c	121	artwork	captioned	vector	241	143	0	0	Figure 5-37. Changes in speed during climb entry.
faa-h-8083-25c	123	artwork	captioned	vector	241	197	0	0	Figure 5-38. Forces exerted when pulling out of a dive.
faa-h-8083-25c	123	artwork	captioned	vector	237	162	0	0	Figure 5-39. Increase in stall speed and load factor.
faa-h-8083-25c	123	artwork	captioned	raster	241	114	0	0	Figure 5-40. Inflight ice formation.
faa-h-8083-25c	124	artwork	captioned	raster	490	170	0	0	Figure 5-41. A variety of AOA indicators.
faa-h-8083-25c	125	artwork	-	vector	476	314	0	0	
faa-h-8083-25c	126	artwork	captioned	vector	240	120	0	0	Figure 5-43. Airfoil sections of propeller blade.
faa-h-8083-25c	126	artwork	captioned	vector	237	140	0	0	Figure 5-44. Propeller blade angle.
faa-h-8083-25c	127	artwork	captioned	vector	237	106	0	0	Figure 5-45. Propeller slippage.
faa-h-8083-25c	127	artwork	captioned	vector	237	234	0	0	Figure 5-46. Propeller tips travel faster than the hub.
faa-h-8083-25c	128	artwork	captioned	vector	237	113	0	0	Figure 5-47. Torque reaction.
faa-h-8083-25c	128	artwork	captioned	vector	237	120	0	0	Figure 5-48. Corkscrewing slipstream.
faa-h-8083-25c	129	artwork	captioned	vector	237	100	0	0	Figure 5-49. Gyroscopic precession.
faa-h-8083-25c	129	artwork	captioned	vector	236	125	0	0	Figure 5-50. Raising tail produces gyroscopic precession.
faa-h-8083-25c	130	artwork	captioned	raster	241	154	0	0	Figure 5-51. Asymmetrical loading of propeller (P-factor).
faa-h-8083-25c	131	artwork	captioned	vector	237	144	0	0	Figure 5-52. Two forces cause load factor during turns.
faa-h-8083-25c	131	artwork	captioned	vector	237	187	0	0	Figure 5-53. Angle of bank changes load factor in level flight.
faa-h-8083-25c	132	artwork	captioned	vector	486	247	0	0	Figure 5-54. Load factor changes stall speed.
faa-h-8083-25c	135	artwork	captioned	vector	486	324	0	0	Figure 5-55. Typical Vg diagram.
faa-h-8083-25c	136	artwork	captioned	vector	237	156	0	0	Figure 5-56. Rate of turn for a given airspeed (knots, TAS) and bank angle.
faa-h-8083-25c	136	artwork	captioned	vector	237	128	0	0	Figure 5-57. Rate of turn when increasing speed.
faa-h-8083-25c	136	artwork	captioned	vector	237	165	0	0	Figure 5-58. To achieve the same rate of turn of an aircraft traveling at 120 knots, an increase of bank angle is required.
faa-h-8083-25c	136	artwork	captioned	vector	237	122	0	0	Figure 5-59. Radius at 120 knots with bank angle of 30°
faa-h-8083-25c	136	equation	-	vector	166	35	2	9	
faa-h-8083-25c	137	artwork	captioned	vector	237	140	0	0	Figure 5-60. Radius at 240 knots.
faa-h-8083-25c	137	artwork	captioned	vector	237	150	0	0	Figure 5-61. Another formula that can be used for radius.
faa-h-8083-25c	138	artwork	captioned	raster	438	569	0	0	Figure 5-62. Two aircraft have flown into a canyon by error. The canyon is 5,000 feet across and has sheer cliffs on both sides. The pilot in the top image is flying at 120 knots.
faa-h-8083-25c	140	artwork	captioned	vector	239	197	0	0	Figure 5-63. Effect of load distribution on balance.
faa-h-8083-25c	142	artwork	captioned	vector	237	158	0	0	Figure 5-64. Wing airflow.
faa-h-8083-25c	142	artwork	captioned	vector	237	162	0	0	Figure 5-65. Critical Mach.
faa-h-8083-25c	144	artwork	captioned	vector	486	108	0	0	Figure 5-66. Boundary layer.
faa-h-8083-25c	144	artwork	captioned	vector	237	238	0	0	Figure 5-67. Shock waves.
faa-h-8083-25c	145	artwork	captioned	vector	241	381	0	0	Figure 5-68. Sweepback effect.
faa-h-8083-25c	146	artwork	-	vector	241	130	0	0	
faa-h-8083-25c	146	artwork	-	vector	241	130	0	0	
faa-h-8083-25c	147	artwork	captioned	raster	493	427	0	0	Figure 5-71. Control surfaces.
faa-h-8083-25c	149	artwork	-	raster	322	258	14	115	
faa-h-8083-25c	150	artwork	captioned	raster	237	180	0	0	Figure 6-3. Helicopter flight control system.
faa-h-8083-25c	150	artwork	captioned	vector	237	163	0	0	Figure 6-2. Hydromechanical flight control system.
faa-h-8083-25c	150	artwork	captioned	vector	237	152	0	0	Figure 6-1. Mechanical flight control system.
faa-h-8083-25c	151	artwork	captioned	vector	237	286	0	0	Figure 6-4. Airplane controls, movement, axes of rotation, and type of stability.
faa-h-8083-25c	151	artwork	captioned	vector	237	198	0	0	Figure 6-5. Adverse yaw is caused by higher drag on the outside wing that is producing more lift.
faa-h-8083-25c	152	artwork	captioned	vector	237	141	0	0	Figure 6-6. Differential ailerons.
faa-h-8083-25c	152	artwork	captioned	vector	239	268	0	0	Figure 6-7. Frise-type ailerons.
faa-h-8083-25c	153	artwork	captioned	vector	238	346	0	0	Figure 6-8. Coupled ailerons and rudder.
faa-h-8083-25c	153	artwork	captioned	raster	241	138	0	0	Figure 6-9. Flaperons on a Skystar Kitfox MK 7.
faa-h-8083-25c	153	artwork	captioned	raster	241	183	0	0	Figure 6-10. The elevator is the primary control for changing the pitch attitude of an aircraft.
faa-h-8083-25c	154	artwork	captioned	vector	241	171	0	0	Figure 6-11. Aircraft with a T-tail design at a high AOA and an aft CG.
faa-h-8083-25c	155	artwork	captioned	vector	237	198	0	0	Figure 6-12. When the aerodynamic efficiency of the horizontal tail surface is inadequate due to an aft CG condition, an elevator down spring may be used to supply a mechanical load to lower the nose.
faa-h-8083-25c	155	artwork	captioned	vector	243	178	0	0	Figure 6-13. The stabilator is a one-piece horizontal tail surface that pivots up and down about a central hinge point.
faa-h-8083-25c	155	artwork	captioned	raster	241	166	0	0	Figure 6-14. The Piaggio P180 includes a variable-sweep canard design that provides longitudinal stability about the lateral axis.
faa-h-8083-25c	156	artwork	captioned	vector	242	238	0	0	Figure 6-15. The effect of left rudder pressure.
faa-h-8083-25c	156	artwork	captioned	raster	241	164	0	0	Figure 6-16. Beechcraft Bonanza V35.
faa-h-8083-25c	157	artwork	captioned	vector	237	485	0	0	Figure 6-17. Five common types of flaps.
faa-h-8083-25c	157	artwork	captioned	vector	237	387	0	0	Figure 6-18. Leading edge high lift devices.
faa-h-8083-25c	158	artwork	captioned	raster	241	158	0	0	Figure 6-19. Spoilers reduce lift and increase drag during descent and landing.
faa-h-8083-25c	159	artwork	captioned	vector	237	230	0	0	Figure 6-21. An antiservo tab attempts to streamline the control surface and is used to make the stabilator less sensitive by opposing the force exerted by the pilot.
faa-h-8083-25c	159	artwork	captioned	vector	239	272	8	16	Figure 6-20. The movement of the elevator is opposite to the direction of movement of the elevator trim tab.
faa-h-8083-25c	160	artwork	captioned	raster	241	152	0	0	Figure 6-24. Basic autopilot system integrated into the flight control system.
faa-h-8083-25c	160	artwork	captioned	vector	238	139	0	0	Figure 6-23. Some aircraft, including most jet transports, use an adjustable stabilizer to provide the required pitch trim forces.
faa-h-8083-25c	160	artwork	captioned	raster	241	189	0	0	Figure 6-22. A ground adjustable tab is used on the rudder of many small airplanes to correct for a tendency to fly with the fuselage slightly misaligned with the relative wind.
faa-h-8083-25c	161	artwork	-	raster	325	276	14	93	
faa-h-8083-25c	162	artwork	captioned	raster	237	181	0	0	Figure 7-1. Radial engine.
faa-h-8083-25c	162	artwork	captioned	vector	239	161	0	0	Figure 7-2. Horizontally opposed engine.
faa-h-8083-25c	163	artwork	captioned	vector	237	199	0	0	Figure 7-3. Two-stroke compression ignition.
faa-h-8083-25c	163	artwork	captioned	vector	237	357	0	0	Figure 7-4. Main components of a spark ignition reciprocating engine.
faa-h-8083-25c	164	artwork	captioned	vector	237	384	0	0	Figure 7-5. The arrows in this illustration indicate the direction of motion of the crankshaft and piston during the four-stroke cycle.
faa-h-8083-25c	165	artwork	captioned	vector	237	232	0	0	Figure 7-7. Relationship of travel distance and speed of various portions of propeller blade.
faa-h-8083-25c	165	artwork	captioned	vector	240	120	0	0	Figure 7-6. Changes in propeller blade angle from hub to tip.
faa-h-8083-25c	165	artwork	captioned	vector	237	164	0	0	Figure 7-8. Engine rpm is indicated on the tachometer.
faa-h-8083-25c	166	artwork	captioned	vector	240	164	0	0	Figure 7-9. Engine power output is indicated on the manifold pressure gauge.
faa-h-8083-25c	168	artwork	captioned	vector	486	300	0	0	Figure 7-10. Float-type carburetor.
faa-h-8083-25c	169	artwork	captioned	vector	237	293	0	0	Figure 7-11. The formation of carburetor ice may reduce or block fuel-air flow to the engine.
faa-h-8083-25c	170	artwork	captioned	vector	237	161	0	0	Figure 7-12. Although carburetor ice is most likely to form when the temperature and humidity are in ranges indicated by this chart, carburetor icing is possible under conditions not depicted.
faa-h-8083-25c	171	artwork	captioned	raster	490	284	0	0	Figure 7-13. Fuel injection system.
faa-h-8083-25c	173	artwork	captioned	vector	237	215	0	0	Figure 7-14. Power output of normally aspirated engine compared to a single-stage, two-speed supercharged engine.
faa-h-8083-25c	174	artwork	captioned	vector	486	304	0	0	Figure 7-15. Turbocharger components.
faa-h-8083-25c	175	artwork	captioned	raster	490	286	0	0	Figure 7-16. Ignition system components.
faa-h-8083-25c	176	artwork	captioned	raster	491	274	0	0	Figure 7-17. Wet-sump oil system.
faa-h-8083-25c	177	artwork	captioned	vector	238	248	0	0	Figure 7-19. Outside air aids in cooling the engine.
faa-h-8083-25c	177	artwork	captioned	raster	241	159	0	0	Figure 7-18. Always check the engine oil level during the preflight inspection.
faa-h-8083-25c	179	artwork	captioned	vector	237	199	0	0	Figure 7-21. Normal combustion and explosive combustion.
faa-h-8083-25c	179	artwork	captioned	vector	237	344	0	0	Figure 7-20. Typical starting circuit.
faa-h-8083-25c	180	artwork	captioned	raster	240	167	0	0	Figure 7-22. Eclipse 500 VLJ.
faa-h-8083-25c	181	artwork	-	vector	486	140	0	0	
faa-h-8083-25c	181	artwork	-	vector	486	143	0	0	
faa-h-8083-25c	182	artwork	-	raster	486	143	0	0	
faa-h-8083-25c	182	artwork	-	vector	486	143	0	0	
faa-h-8083-25c	183	artwork	captioned	vector	237	185	0	0	Figure 7-27. Dual-spool axial-flow compressor.
faa-h-8083-25c	184	artwork	captioned	vector	237	173	0	0	Figure 7-28. Comparison of normal and distorted airflow into the compressor section.
faa-h-8083-25c	185	artwork	-	vector	241	27	2	20	
faa-h-8083-25c	185	artwork	-	vector	237	215	0	0	
faa-h-8083-25c	186	artwork	captioned	vector	237	175	0	0	Figure 7-31. Fuel selector valve.
faa-h-8083-25c	186	artwork	captioned	vector	237	456	0	0	Figure 7-30. Gravity-feed and fuel-pump systems.
faa-h-8083-25c	187	artwork	captioned	vector	241	107	0	0	Figure 7-32. Aviation fuel color-coding system.
faa-h-8083-25c	191	artwork	captioned	vector	161	202	0	0	Figure 7-33. On this master switch, the left half is for the alternator and the right half is for the battery.
faa-h-8083-25c	192	artwork	captioned	vector	491	555	0	0	Figure 7-34. Electrical system schematic.
faa-h-8083-25c	193	artwork	captioned	vector	237	112	0	0	Figure 7-35. Ammeter and loadmeter.
faa-h-8083-25c	193	artwork	captioned	vector	237	222	0	0	Figure 7-36. Basic hydraulic system.
faa-h-8083-25c	193	artwork	captioned	raster	241	162	0	0	Figure 7-37. The landing gear supports the airplane during the takeoff run, landing, taxiing, and when parked.
faa-h-8083-25c	194	artwork	-	raster	490	161	0	0	
faa-h-8083-25c	194	artwork	-	raster	241	160	0	0	
faa-h-8083-25c	195	artwork	captioned	vector	237	352	0	0	Figure 7-40. High performance airplane pressurization system.
faa-h-8083-25c	195	artwork	captioned	vector	237	208	0	0	Figure 7-41. Standard atmospheric pressure chart.
faa-h-8083-25c	196	artwork	captioned	vector	491	181	0	0	Figure 7-42. Cabin pressurization instruments.
faa-h-8083-25c	197	artwork	captioned	raster	241	126	0	0	Figure 7-43. Oxygen system regulator.
faa-h-8083-25c	198	artwork	captioned	raster	241	230	0	0	Figure 7-44. Cannula with green flow detector.
faa-h-8083-25c	199	artwork	captioned	raster	241	258	0	0	Figure 7-45. Continuous flow mask and rebreather bag.
faa-h-8083-25c	199	artwork	captioned	raster	241	303	0	0	Figure 7-46. EDS-011 portable pulse-demand oxygen system.
faa-h-8083-25c	199	artwork	captioned	raster	241	166	0	0	Figure 7-47. Onyx pulse oximeter.
faa-h-8083-25c	200	artwork	captioned	raster	237	316	0	0	Figure 6-48. Deicing boots on the leading edge of the wing.
faa-h-8083-25c	201	artwork	captioned	raster	236	312	0	0	Figure 7-50. Prop ammeter and anti-ice boots.
faa-h-8083-25c	201	artwork	captioned	raster	241	137	0	0	Figure 7-49. TKS weeping wing anti-ice/deicing system.
faa-h-8083-25c	203	artwork	-	raster	269	255	17	135	
faa-h-8083-25c	204	artwork	captioned	vector	484	296	0	0	Figure 8-1. Pitot-static system and instruments.
faa-h-8083-25c	205	artwork	captioned	vector	237	276	0	0	Figure 8-2. Altimeter.
faa-h-8083-25c	206	artwork	captioned	vector	487	229	0	0	Figure 8-3. Effects of nonstandard temperature on an altimeter.
faa-h-8083-25c	207	artwork	captioned	vector	238	134	0	0	Figure 8-4. Look at the chart using a temperature of –10 °C and an aircraft altitude of 1,000 feet above the airport elevation.
faa-h-8083-25c	208	equation	-	vector	184	24	1	6	
faa-h-8083-25c	208	equation	-	vector	89	24	1	5	
faa-h-8083-25c	208	equation	-	vector	184	24	1	6	
faa-h-8083-25c	208	equation	-	vector	100	24	1	5	
faa-h-8083-25c	209	artwork	captioned	vector	236	199	0	0	Figure 8-5. Vertical speed indicator (VSI).
faa-h-8083-25c	210	artwork	captioned	vector	237	189	0	0	Figure 8-6. An IVSI incorporates accelerometers to help the instrument immediately indicate changes in vertical speed.
faa-h-8083-25c	210	artwork	captioned	vector	237	202	0	0	Figure 8-7. Airspeed indicator (ASI).
faa-h-8083-25c	211	artwork	captioned	vector	237	202	0	0	Figure 8-8. Single engine airspeed indicator (ASI).
faa-h-8083-25c	212	artwork	captioned	vector	237	158	0	0	Figure 8-9. A blocked pitot tube, but clear drain hole.
faa-h-8083-25c	213	artwork	captioned	raster	236	356	0	0	Figure 8-10. Blocked pitot system with clear static system.
faa-h-8083-25c	214	artwork	captioned	vector	439	283	0	0	Figure 8-12. Primary flight display (PFD). Note that the actual location of indications vary depending on manufacturers.
faa-h-8083-25c	214	artwork	captioned	vector	237	219	0	0	Figure 8-11. Blocked static system.
faa-h-8083-25c	215	artwork	captioned	raster	478	217	0	0	Figure 8-13. Multi-function display (MFD).
faa-h-8083-25c	216	artwork	captioned	raster	241	184	0	0	Figure 8-15. Teledyne’s 90004 TAS/Plus Air Data Computer (ADC) computes air data information from the pitot-static pneumatic system, aircraft temperature probe, and barometric correction device to…
faa-h-8083-25c	216	artwork	captioned	vector	241	195	0	0	Figure 8-16. Airspeed trend vector.
faa-h-8083-25c	216	artwork	captioned	raster	241	374	0	0	Figure 8-14. Chelton’s FlightLogic (top) and Avidyne’s Entegra (bottom) are examples of panel displays that are configurable.
faa-h-8083-25c	217	artwork	captioned	vector	241	205	0	0	Figure 8-17. Altimeter trend vector.
faa-h-8083-25c	217	artwork	captioned	vector	241	219	0	0	Figure 8-18. Regardless of the position of its base, a gyro tends to remain rigid in space, with its axis of rotation pointed in a constant direction.
faa-h-8083-25c	218	artwork	captioned	vector	237	202	0	0	Figure 8-19. Precession of a gyroscope resulting from an applied deflective force.
faa-h-8083-25c	219	artwork	captioned	vector	485	245	0	0	Figure 8-20. Typical vacuum system.
faa-h-8083-25c	219	artwork	captioned	vector	486	214	0	0	Figure 8-21. Turn indicators rely on controlled precession for their operation.
faa-h-8083-25c	220	artwork	captioned	vector	236	200	0	0	Figure 8-23. Attitude indicator.
faa-h-8083-25c	220	artwork	captioned	vector	237	251	0	0	Figure 8-22. If inadequate right rudder is applied in a right turn, a slip results. Too much right rudder causes the aircraft to skid through the turn.
faa-h-8083-25c	221	artwork	captioned	vector	486	435	0	0	Figure 8-24. Attitude representation by the attitude indicator corresponds to the relation of the aircraft to the real horizon.
faa-h-8083-25c	222	artwork	captioned	vector	237	200	0	0	Figure 8-25. A heading indicator displays headings based on a 360° azimuth, with the final zero omitted. For example, “6” represents 060°, while “21” indicates 210°.
faa-h-8083-25c	222	artwork	captioned	raster	241	200	0	0	Figure 8-26. Attitude and heading reference system (AHRS).
faa-h-8083-25c	223	artwork	captioned	vector	241	253	0	0	Figure 8-27. The soft iron frame of the flux valve accepts the flux from the Earth’s magnetic field each time the current in the center coil reverses.
faa-h-8083-25c	223	artwork	captioned	vector	241	150	0	0	Figure 8-28. The current in each of the three pickup coils changes with the heading of the aircraft.
faa-h-8083-25c	223	artwork	captioned	raster	241	246	0	0	Figure 8-29. Pictorial navigation indicator (HSI, top), slaving meter (lower right), and slaving control compensator unit (lower left).
faa-h-8083-25c	224	artwork	captioned	raster	193	188	0	0	Figure 8-30. Driven by signals from a flux valve, the compass card in this RMI indicates the heading of the aircraft opposite the upper center index mark. The green pointer is driven by the ADF.
faa-h-8083-25c	225	artwork	captioned	raster	485	163	0	0	Figure 8-31. Angle of attack indicators.
faa-h-8083-25c	225	artwork	captioned	vector	154	155	0	0	Figure 8-32. A magnetic compass. The vertical line is called the lubber line.
faa-h-8083-25c	226	artwork	captioned	raster	485	257	0	0	Figure 8-33. Isogonic lines are lines of equal variation.
faa-h-8083-25c	227	artwork	captioned	raster	237	91	0	0	Figure 8-35. A compass correction card shows the deviation correction for any heading.
faa-h-8083-25c	227	artwork	captioned	vector	241	163	0	0	Figure 8-34. Utilization of a compass rose aids compensation for deviation errors.
faa-h-8083-25c	228	artwork	captioned	raster	486	277	0	0	Figure 8-36. Northerly and southerly turning errors.
faa-h-8083-25c	229	artwork	captioned	vector	237	183	0	0	Figure 8-38. Vertical card magnetic compass.
faa-h-8083-25c	229	artwork	captioned	raster	486	268	0	0	Figure 8-37. The effects of acceleration error.
faa-h-8083-25c	230	artwork	captioned	vector	236	149	0	0	Figure 8-39. Outside air temperature (OAT) gauge.
faa-h-8083-25c	231	artwork	-	raster	464	347	18	126	
faa-h-8083-25c	233	artwork	captioned	vector	237	155	0	0	Figure 9-1. Single-engine airspeed indicator.
faa-h-8083-25c	233	artwork	captioned	vector	237	123	0	0	Figure 9-3. Minimum, maximum, and normal operating range markings on oil gauge.
faa-h-8083-25c	233	artwork	captioned	vector	237	157	0	0	Figure 9-2. Multi-engine airspeed indicator.
faa-h-8083-25c	233	artwork	captioned	vector	237	326	0	0	Figure 9-4. Manifold pressure gauge (top) and tachometer (bottom).
faa-h-8083-25c	234	artwork	captioned	raster	236	249	0	0	Figure 9-5. Placards are used to depict aircraft limitations.
faa-h-8083-25c	235	artwork	captioned	vector	486	318	0	0	Figure 9-6. Stall speed chart.
faa-h-8083-25c	235	artwork	captioned	raster	237	201	0	0	Figure 9-7. Supplements provide information on optional equipment.
faa-h-8083-25c	236	artwork	captioned	raster	486	388	0	0	Figure 9-8. AC Form 8050-3, Certificate of Aircraft Registration.
faa-h-8083-25c	237	artwork	captioned	vector	489	276	0	0	Figure 9-9. FAA Form 8100-2, Standard Airworthiness Certificate.
faa-h-8083-25c	243	artwork	captioned	vector	489	258	0	0	Figure 9-10. FAA Form 8130-7, Special Airworthiness Certificate.
faa-h-8083-25c	245	artwork	-	raster	335	421	24	202	
faa-h-8083-25c	246	artwork	captioned	vector	237	237	0	0	Figure 10-1. Lateral and longitudinal unbalance.
faa-h-8083-25c	250	artwork	captioned	vector	235	179	0	0	Figure 10-4. Establishing a balance.
faa-h-8083-25c	250	artwork	captioned	vector	237	175	0	0	Figure 10-3. Determining moment.
faa-h-8083-25c	250	artwork	captioned	vector	237	166	0	0	Figure 10-2. Weight and balance.
faa-h-8083-25c	251	artwork	captioned	vector	239	108	0	0	Figure 10-5. Example of weight and balance computations.
faa-h-8083-25c	251	artwork	captioned	vector	239	188	0	0	Figure 10-6. Weight and balance data.
faa-h-8083-25c	252	artwork	-	vector	486	293	0	0	
faa-h-8083-25c	252	artwork	-	vector	486	333	0	0	
faa-h-8083-25c	253	artwork	captioned	raster	490	566	0	0	Figure 10-9. Loading schedule placard.
faa-h-8083-25c	254	artwork	captioned	vector	237	215	0	0	Figure 10-11. Sample weight and balance using an aircraft with a published zero fuel weight.
faa-h-8083-25c	254	artwork	captioned	vector	237	128	0	0	Figure 10-10. Sample weight and balance using a negative.
faa-h-8083-25c	254	equation	-	vector	209	34	2	14	
faa-h-8083-25c	254	equation	-	vector	214	59	3	23	
faa-h-8083-25c	254	equation	-	vector	186	71	4	20	
faa-h-8083-25c	255	artwork	-	vector	235	143	0	0	
faa-h-8083-25c	255	artwork	-	vector	235	170	0	0	
faa-h-8083-25c	255	artwork	-	vector	235	204	0	0	
faa-h-8083-25c	255	artwork	-	vector	235	204	0	0	
faa-h-8083-25c	257	artwork	-	raster	269	338	17	103	
faa-h-8083-25c	258	artwork	captioned	vector	237	250	0	0	Figure 11-1. Standard sea level pressure.
faa-h-8083-25c	259	artwork	captioned	vector	235	266	0	0	Figure 11-2. Properties of standard atmosphere.
faa-h-8083-25c	259	artwork	captioned	vector	238	397	0	0	Figure 11-3. Field elevation versus pressure. The aircraft is located on a field that happens to be at sea level. Set the altimeter to the current altimeter setting (29.7).
faa-h-8083-25c	260	artwork	captioned	vector	236	498	0	0	Figure 11-4. Density altitude chart.
faa-h-8083-25c	262	artwork	captioned	vector	237	179	0	0	Figure 11-6. Power versus speed.
faa-h-8083-25c	262	artwork	captioned	vector	237	144	0	0	Figure 11-5. Drag versus speed.
faa-h-8083-25c	262	equation	-	vector	218	90	6	35	
faa-h-8083-25c	263	artwork	captioned	vector	485	182	0	0	Figure 11-8. Comparison of maximum AOC between jet and propeller airplanes.
faa-h-8083-25c	263	artwork	captioned	vector	237	180	0	0	Figure 11-7. Maximum angle of climb (AOC) versus maximum rate of climb (ROC).
faa-h-8083-25c	264	artwork	captioned	vector	485	184	0	0	Figure 11-9. Comparison of maximum ROC between jet and propeller airplanes.
faa-h-8083-25c	265	artwork	captioned	vector	237	232	0	0	Figure 11-10. Absolute and service ceiling.
faa-h-8083-25c	265	artwork	captioned	vector	486	178	0	0	Figure 11-11. Airspeed for maximum endurance.
faa-h-8083-25c	265	equation	-	vector	153	34	2	8	
faa-h-8083-25c	265	equation	-	vector	174	34	2	8	
faa-h-8083-25c	265	equation	-	vector	130	34	2	6	
faa-h-8083-25c	266	artwork	captioned	vector	237	178	0	0	Figure 11-12. Effect of weight.
faa-h-8083-25c	266	artwork	-	vector	153	34	2	7	
faa-h-8083-25c	266	equation	-	vector	169	34	2	7	
faa-h-8083-25c	266	equation	-	vector	142	34	2	6	
faa-h-8083-25c	267	artwork	captioned	vector	237	177	0	0	Figure 11-13. Effect of altitude on range.
faa-h-8083-25c	268	artwork	captioned	vector	237	180	0	0	Figure 11-14. Power required curve.
faa-h-8083-25c	269	artwork	-	raster	241	161	0	0	
faa-h-8083-25c	269	artwork	-	raster	241	161	0	0	
faa-h-8083-25c	269	artwork	captioned	raster	475	218	0	0	Figure 11-15. Takeoff distance chart.
faa-h-8083-25c	270	artwork	captioned	raster	236	169	0	0	Figure 11-18. Tire pressure.
faa-h-8083-25c	270	artwork	captioned	raster	477	218	0	0	Figure 11-17. Chart Supplement U.S. (formerly Airport/Facility Directory) information.
faa-h-8083-25c	271	artwork	captioned	vector	236	235	0	0	Figure 11-19. Effect of wind on takeoff and landing.
faa-h-8083-25c	275	artwork	captioned	raster	475	218	0	0	Figure 11-20. Conditions notes chart.
faa-h-8083-25c	276	artwork	-	vector	485	167	0	0	
faa-h-8083-25c	276	artwork	-	vector	48	4	0	0	
faa-h-8083-25c	277	artwork	captioned	vector	237	477	0	0	Figure 11-22. Density altitude chart.
faa-h-8083-25c	278	artwork	-	vector	487	346	0	0	
faa-h-8083-25c	278	artwork	-	vector	485	234	0	0	
faa-h-8083-25c	279	artwork	captioned	vector	485	230	0	0	Figure 11-25. Fuel, time, and distance climb chart.
faa-h-8083-25c	279	artwork	captioned	vector	238	294	0	0	Figure 11-26. Fuel time distance climb.
faa-h-8083-25c	280	artwork	captioned	vector	239	284	0	0	Figure 11-27. Cruise and range performance.
faa-h-8083-25c	281	artwork	captioned	vector	236	273	0	0	Figure 11-29. Best power mixture range.
faa-h-8083-25c	281	artwork	captioned	vector	487	197	0	0	Figure 11-28. Cruise power setting.
faa-h-8083-25c	282	artwork	captioned	vector	236	224	0	0	Figure 10-31. Crosswind component chart.
faa-h-8083-25c	282	artwork	captioned	vector	486	191	0	0	Figure 11-30. Cruise performance graph.
faa-h-8083-25c	283	artwork	captioned	vector	484	232	0	0	Figure 11-33. Landing distance graph.
faa-h-8083-25c	283	artwork	captioned	vector	487	134	0	0	Figure 11-32. Landing distance table.
faa-h-8083-25c	284	artwork	captioned	vector	238	116	0	0	Figure 11-34. Stall speed table.
faa-h-8083-25c	285	artwork	-	raster	304	357	20	159	
faa-h-8083-25c	286	artwork	captioned	vector	237	175	0	0	Figure 12-1. Composition of the atmosphere.
faa-h-8083-25c	286	artwork	captioned	vector	490	292	0	0	Figure 12-2. Layers of the atmosphere.
faa-h-8083-25c	287	artwork	captioned	raster	237	203	0	0	Figure 12-3. Circulation pattern in a static environment.
faa-h-8083-25c	288	artwork	captioned	vector	238	251	0	0	Figure 12-4. Atmosphere weights.
faa-h-8083-25c	288	artwork	captioned	vector	237	213	0	0	Figure 12-5. Three-cell circulation pattern due to the rotation of the Earth.
faa-h-8083-25c	289	artwork	captioned	vector	237	289	0	0	Figure 12-6. Although mercurial barometers are no longer used in the U. S., they are still a good historical reference for where the altimeter setting came from (inches of mercury).
faa-h-8083-25c	289	artwork	captioned	vector	237	176	0	0	Figure 12-7. Aneroid barometer.
faa-h-8083-25c	290	artwork	captioned	vector	490	212	0	0	Figure 12-8. Station pressure is converted to and reported in sea level pressure.
faa-h-8083-25c	290	artwork	captioned	vector	490	273	0	0	Figure 12-9. Takeoff distances increase with increased altitude.
faa-h-8083-25c	291	artwork	captioned	vector	241	220	0	0	Figure 12-10. Circulation pattern about areas of high and low pressure.
faa-h-8083-25c	292	artwork	-	vector	490	220	0	0	
faa-h-8083-25c	292	artwork	-	vector	489	165	0	0	
faa-h-8083-25c	293	artwork	-	vector	490	328	0	0	
faa-h-8083-25c	293	artwork	-	vector	490	292	0	0	
faa-h-8083-25c	294	artwork	captioned	raster	490	328	0	0	Figure 12-15. Turbulence caused by manmade obstructions.
faa-h-8083-25c	294	artwork	captioned	vector	490	166	0	0	Figure 12-16. Turbulence in mountainous regions.
faa-h-8083-25c	295	artwork	captioned	vector	489	220	0	0	Figure 12-17. Effects of a microburst wind.
faa-h-8083-25c	296	artwork	captioned	vector	237	127	0	0	Figure 12-18. Depiction of winds on a surface weather chart.
faa-h-8083-25c	296	artwork	captioned	vector	241	245	0	0	Figure 12-19. Isobars reveal the pressure gradient of an area of high- or low-pressure areas.
faa-h-8083-25c	298	artwork	captioned	vector	486	305	0	0	Figure 12-20. Relationship between relative humidity, temperature, and dewpoint.
faa-h-8083-25c	298	equation	-	vector	209	189	11	64	
faa-h-8083-25c	299	artwork	captioned	raster	241	164	0	0	Figure 12-21. Radiation fog.
faa-h-8083-25c	300	artwork	captioned	raster	492	328	0	0	Figure 12-22. Basic cloud types.
faa-h-8083-25c	302	artwork	captioned	vector	485	288	0	0	Figure 12-23. North American air mass source regions.
faa-h-8083-25c	303	artwork	captioned	vector	237	140	0	0	Figure 12-24. Common chart symbology to depict weather front location.
faa-h-8083-25c	303	artwork	captioned	raster	490	328	0	0	Figure 12-25. Warm front cross-section with surface weather chart depiction and associated METAR.
faa-h-8083-25c	305	artwork	captioned	raster	490	334	0	0	Figure 12-26. Cold front cross-section with surface weather chart depiction and associated METAR.
faa-h-8083-25c	306	artwork	captioned	raster	490	328	0	0	Figure 12-27. Occluded front cross-section with a weather chart depiction and associated METAR.
faa-h-8083-25c	307	artwork	captioned	raster	491	291	0	0	Figure 12-28. Life cycle of a thunderstorm.
faa-h-8083-25c	308	artwork	captioned	raster	490	292	0	0	Figure 12-29. Movement and turbulence of a maturing thunderstorm.
faa-h-8083-25c	311	artwork	-	raster	408	326	20	133	
faa-h-8083-25c	313	artwork	-	vector	238	61	0	0	
faa-h-8083-25c	313	artwork	captioned	raster	241	232	0	0	Figure 13-1. Example of a weather radar scope.
faa-h-8083-25c	313	artwork	-	raster	237	212	0	0	
faa-h-8083-25c	314	artwork	captioned	raster	237	178	0	0	Figure 13-4. HIWAS availability is shown on sectional chart.
faa-h-8083-25c	317	artwork	captioned	vector	487	268	0	0	Figure 13-5. Descriptors and weather phenomena used in a typical METAR.
faa-h-8083-25c	317	artwork	captioned	vector	238	73	0	0	Figure 13-6. Reportable contractions for sky condition.
faa-h-8083-25c	318	artwork	captioned	vector	485	294	0	0	Figure 13-7. PIREP encoding and decoding.
faa-h-8083-25c	321	artwork	captioned	raster	486	320	0	0	Figure 13-8. Area forecast region map.
faa-h-8083-25c	323	artwork	captioned	vector	236	78	0	0	Figure 13-9. Winds and temperature aloft forecast.
faa-h-8083-25c	324	artwork	-	raster	490	304	0	0	
faa-h-8083-25c	324	artwork	-	vector	485	317	0	0	
faa-h-8083-25c	325	artwork	captioned	raster	489	367	0	0	Figure 13-12. Weather depiction chart.
faa-h-8083-25c	326	artwork	captioned	raster	490	184	0	0	Figure 13-13. Significant weather prognostic chart.
faa-h-8083-25c	327	artwork	-	raster	451	319	0	0	
faa-h-8083-25c	327	artwork	captioned	raster	451	318	0	0	Figure 13-14. 36- (top) and 48-hour (bottom) surface prognostic chart.
faa-h-8083-25c	329	artwork	captioned	raster	412	265	0	0	Figure 13-15. Information page.
faa-h-8083-25c	329	artwork	captioned	vector	119	281	0	0	Figure 13-16. List of weather products and the expiration times of each.
faa-h-8083-25c	330	artwork	captioned	raster	409	292	0	0	Figure 13-17. NEXRAD radar display.
faa-h-8083-25c	330	artwork	captioned	raster	412	293	0	0	Figure 13-18. NEXRAD radar display (500 mile range). The individual color gradients can be easily discerned and interpreted via the legend in the upper right corner of the screen.
faa-h-8083-25c	332	artwork	captioned	raster	428	301	0	0	Figure 13-19. The AIRMET information box instructs the pilot to press the ENTER button soft key (ENT) to gain additional information on the selected area of weather.
faa-h-8083-25c	332	artwork	captioned	raster	425	298	0	0	Figure 13-20. SIGMET/AIRMET legend display.
faa-h-8083-25c	333	artwork	captioned	raster	424	300	0	0	Figure 13-21. Graphical METAR legend display.
faa-h-8083-25c	335	artwork	-	raster	273	242	16	129	
faa-h-8083-25c	337	artwork	captioned	vector	487	301	0	0	Figure 14-1. Recommended communication procedures.
faa-h-8083-25c	338	artwork	captioned	raster	241	287	0	0	Figure 14-4. Chart Supplement U.S. (formerly Airport/Facility Directory excerpt.
faa-h-8083-25c	338	artwork	captioned	raster	231	316	0	0	Figure 14-2. Preferred Entry-Crossing Midfield.
faa-h-8083-25c	338	artwork	captioned	raster	232	319	0	0	Figure 14-3. Alternate Midfield Entry.
faa-h-8083-25c	340	artwork	captioned	vector	485	389	0	0	Figure 14-5. (A) Relocated runway threshold drawing. (B) Relocated threshold for Runway 36 at Joplin Regional Airport (JLN).
faa-h-8083-25c	341	artwork	-	vector	485	267	0	0	
faa-h-8083-25c	341	artwork	captioned	vector	239	153	0	0	Figure 14-7. Runway Safety Area.
faa-h-8083-25c	341	artwork	captioned	raster	241	153	0	0	Figure 14-9. Runway holding position sign at takeoff end of Runway 14 with collocated Taxiway Alpha location sign.
faa-h-8083-25c	341	artwork	-	raster	241	159	0	0	
faa-h-8083-25c	342	artwork	captioned	raster	241	134	0	0	Figure 14-10. Runway holding position sign at a location other than the takeoff end of Runway 18-36 with collocated Taxiway Alpha location sign.
faa-h-8083-25c	343	artwork	captioned	raster	486	546	0	0	Figure 14-11. (A) Taxiway Bravo location sign collocated with runway/runway intersection holding signs at Sioux Gateway Airport (SUX) (B) Airport diagram of Sioux Gateway Airport (SUX), Sioux City,…
faa-h-8083-25c	344	artwork	captioned	raster	241	150	0	0	Figure 14-12. Surface painted runway holding position signs for Runway 32R-14L along with the enhanced taxiway centerline marking.
faa-h-8083-25c	344	artwork	captioned	raster	241	164	0	0	Figure 14-13. Surface painted holding position marking along with enhanced taxiway centerline.
faa-h-8083-25c	344	artwork	captioned	raster	241	169	0	0	Figure 14-14. Runway holding position markings as seen when exiting the runway. When exiting the runway, no ATC clearance is required to cross.
faa-h-8083-25c	344	artwork	captioned	raster	241	173	0	0	Figure 14-15. Runway distance remaining sign indicating that there is 2,000 feet of runway remaining.
faa-h-8083-25c	345	artwork	captioned	vector	487	310	0	0	Figure 14-16. Two of three parallel runways.
faa-h-8083-25c	345	artwork	captioned	raster	241	139	0	0	Figure 14-17. Runway holding position sign and marking for LAHSO.
faa-h-8083-25c	346	artwork	captioned	raster	241	164	0	0	Figure 14-18. Taxiway Bravo direction sign with a collocated Taxiway Delta location sign. When the arrow on the direction sign indicates a turn, the sign is located prior to the intersection.
faa-h-8083-25c	346	artwork	captioned	raster	241	173	0	0	Figure 14-19. Surface painted taxiway direction signs.
faa-h-8083-25c	347	artwork	captioned	vector	487	405	0	0	Figure 14-20. Orientation of signs is from left to right in a clockwise manner. Left turn signs are on the left and right turn on the right. In this view, the pilot is on Taxiway Bravo.
faa-h-8083-25c	347	artwork	captioned	raster	240	180	0	0	Figure 14-21. (A) Enhanced taxiway centerline marking. (B) Enhanced taxiway centerline marking and runway holding position marking.
faa-h-8083-25c	347	artwork	-	raster	240	164	0	0	
faa-h-8083-25c	348	artwork	-	raster	241	173	0	0	
faa-h-8083-25c	348	artwork	captioned	raster	237	271	0	0	Figure 14-25. Holding position sign and marking for instrument landing system (ILS) critical area boundary.
faa-h-8083-25c	348	artwork	-	raster	241	172	0	0	
faa-h-8083-25c	348	artwork	-	raster	241	172	0	0	
faa-h-8083-25c	349	artwork	captioned	raster	241	540	0	0	Figure 14-27. (A) Yellow “X” placed on surface of temporarily closed runways. (B) Lighted “X” placed on temporarily closed runways. (C) Lighted “X” at night showing a temporarily closed runway.
faa-h-8083-25c	349	artwork	captioned	raster	241	173	0	0	Figure 14-26. Holding position marking on a taxiway.
faa-h-8083-25c	350	artwork	captioned	vector	241	146	0	0	Figure 14-28. Airport rotating beacons.
faa-h-8083-25c	351	artwork	captioned	vector	237	151	0	0	Figure 14-29. Two-bar VASI system.
faa-h-8083-25c	351	artwork	-	vector	486	129	0	0	
faa-h-8083-25c	351	artwork	-	vector	490	145	0	0	
faa-h-8083-25c	352	artwork	captioned	vector	490	145	0	0	Figure 14-32. Pulsating visual approach slope indicator.
faa-h-8083-25c	352	artwork	captioned	raster	241	164	0	0	Figure 14-33. Runway lights.
faa-h-8083-25c	353	artwork	captioned	vector	237	80	0	0	Figure 14-34. Radio controlled runway lighting.
faa-h-8083-25c	354	artwork	-	raster	241	142	0	0	
faa-h-8083-25c	354	artwork	-	raster	241	138	0	0	
faa-h-8083-25c	355	artwork	-	vector	490	220	0	0	
faa-h-8083-25c	355	artwork	-	raster	241	238	0	0	
faa-h-8083-25c	356	artwork	captioned	raster	490	258	0	0	Figure 14-39. Traffic pattern operations—single runway.
faa-h-8083-25c	357	artwork	captioned	vector	489	391	0	0	Figure 14-40. Traffic pattern operation—parallel runways.
faa-h-8083-25c	358	artwork	captioned	vector	236	563	0	0	Figure 14-41. Phonetic alphabet.
faa-h-8083-25c	359	artwork	captioned	vector	486	177	0	0	Figure 14-42. Light gun signals.
faa-h-8083-25c	359	artwork	captioned	vector	484	293	0	0	Figure 14-43. Transponder phraseology.
faa-h-8083-25c	360	artwork	captioned	vector	237	180	0	0	Figure 14-44. Traffic advisories.
faa-h-8083-25c	361	artwork	captioned	vector	490	148	0	0	Figure 14-46. Vortex behavior.
faa-h-8083-25c	361	artwork	captioned	vector	490	221	0	0	Figure 14-45. Vortex generation.
faa-h-8083-25c	363	artwork	captioned	vector	487	623	0	0	Figure 14-47. Vortex avoidance procedures.
faa-h-8083-25c	366	artwork	captioned	raster	241	147	0	0	Figure 14-48. Heads-up, eyes outside.
faa-h-8083-25c	367	artwork	captioned	vector	238	385	0	0	Figure 14-49. Confusing runway/runway intersection.
faa-h-8083-25c	367	artwork	captioned	raster	241	160	0	0	Figure 14-50. A sound practice is to write down taxi instructions from ATC.
faa-h-8083-25c	368	artwork	captioned	raster	239	159	0	0	Figure 14-54. Communication between ATC and a pilot who is requesting taxi procedures.
faa-h-8083-25c	368	artwork	captioned	raster	241	160	0	0	Figure 14-53. Example of taxi and “hold short” instructions from ATC to a pilot.
faa-h-8083-25c	368	artwork	captioned	vector	247	183	0	0	Figure 14-51. Do NOT cross a runway holding position marking without ATC clearance.
faa-h-8083-25c	368	artwork	captioned	raster	241	180	0	0	Figure 14-52. Runway 13-31 holding position sign and marking located on Taxiway Charlie.
faa-h-8083-25c	370	artwork	captioned	raster	241	136	0	0	Figure 14-55. Engineered material arresting system (EMAS) located at Yeager Airport, Charleston, West Virginia.
faa-h-8083-25c	371	artwork	captioned	vector	484	479	0	0	Figure 14-56. Diagram of an EMASMAX system.
faa-h-8083-25c	372	artwork	captioned	raster	241	180	0	0	Figure 14-57. There have been several incidents where the EMAS has successfully arrested the aircraft.
faa-h-8083-25c	372	artwork	captioned	raster	241	180	0	0	Figure 14-58. A Bombardier CRJ-200 regional jet overran the runway at Yeager Airport (KCRW) in Charleston, West Virginia.
faa-h-8083-25c	373	artwork	captioned	raster	485	540	0	0	Figure 14-59. EMAS information for Boston Logan International Airport located in the Chart Supplement U.S. (formerly Airport/ Facility Directory).
faa-h-8083-25c	374	artwork	captioned	raster	485	483	0	0	Figure 14-60. An airport diagram with EMAS information.
faa-h-8083-25c	376	artwork	-	raster	276	263	13	98	
faa-h-8083-25c	377	artwork	captioned	vector	490	203	0	0	Figure 15-1. Airspace profile.
faa-h-8083-25c	378	artwork	captioned	raster	241	154	0	0	Figure 15-2. An example of a prohibited area, P-40 around Camp David.
faa-h-8083-25c	379	artwork	captioned	raster	241	152	0	0	Figure 15-4. Requirements for airspace operations.
faa-h-8083-25c	379	artwork	captioned	raster	241	195	0	0	Figure 15-3. Restricted areas on a sectional chart.
faa-h-8083-25c	380	artwork	-	raster	490	313	0	0	
faa-h-8083-25c	380	artwork	-	raster	490	264	0	0	
faa-h-8083-25c	381	artwork	captioned	raster	241	152	0	0	Figure 15-7. Military training route (MTR) chart symbols.
faa-h-8083-25c	383	artwork	captioned	vector	486	420	0	0	Figure 15-8. Visual flight rule weather minimums.
faa-h-8083-25c	384	artwork	captioned	vector	485	211	0	0	Figure 15-9. Requirements for airspace operations.
faa-h-8083-25c	388	artwork	-	raster	284	304	17	114	
faa-h-8083-25c	389	artwork	captioned	raster	490	364	0	0	Figure 16-1. Sectional chart and legend.
faa-h-8083-25c	390	artwork	captioned	raster	490	373	0	0	Figure 16-2. VFR Terminal Area Chart and legend.
faa-h-8083-25c	391	artwork	-	vector	237	234	0	0	
faa-h-8083-25c	391	artwork	-	raster	490	366	0	0	
faa-h-8083-25c	392	artwork	captioned	raster	486	322	0	0	Figure 16-5. Time zones in the conterminous United States.
faa-h-8083-25c	393	artwork	captioned	vector	241	129	0	0	Figure 16-7. Courses are determined by reference to meridians on aeronautical charts.
faa-h-8083-25c	393	artwork	captioned	vector	241	239	0	0	Figure 16-8. Magnetic meridians are in red while the lines of longitude and latitude are in blue.
faa-h-8083-25c	393	artwork	captioned	vector	236	236	0	0	Figure 16-6. Compass rose.
faa-h-8083-25c	394	artwork	captioned	raster	241	220	0	0	Figure 16-9. Note the agonic line where magnetic variation is zero.
faa-h-8083-25c	394	artwork	captioned	vector	484	173	0	0	Figure 16-10. Effect of variation on the compass.
faa-h-8083-25c	395	artwork	captioned	raster	241	220	0	0	Figure 16-11. Magnetized portions of the airplane cause the compass to deviate from its normal indications.
faa-h-8083-25c	395	artwork	captioned	vector	239	49	0	0	Figure 16-12. Compass deviation card.
faa-h-8083-25c	396	artwork	captioned	vector	241	377	0	0	Figure 16-13. Motion of the air affects the speed with which aircraft move over the Earth’s surface. Airspeed, the rate at which an aircraft moves through the air, is not affected by air motion.
faa-h-8083-25c	397	artwork	-	vector	490	166	0	0	
faa-h-8083-25c	397	artwork	-	vector	241	220	0	0	
faa-h-8083-25c	397	artwork	-	vector	490	167	0	0	
faa-h-8083-25c	398	artwork	captioned	vector	490	147	0	0	Figure 16-17. Establishing a wind correction angle that counteracts wind drift and maintains the desired course.
faa-h-8083-25c	398	equation	-	vector	78	43	2	7	
faa-h-8083-25c	398	equation	-	vector	104	23	1	6	
faa-h-8083-25c	398	equation	-	vector	68	23	1	4	
faa-h-8083-25c	398	equation	-	vector	86	20	1	6	
faa-h-8083-25c	400	artwork	captioned	raster	485	456	0	0	Figure 16-18. A plotter (A), the computational and wind side of a mechanical flight computer (E6B) (B), and an electronic flight computer (C).
faa-h-8083-25c	401	artwork	-	vector	490	195	20	27	
faa-h-8083-25c	401	artwork	-	vector	490	137	0	0	
faa-h-8083-25c	402	artwork	captioned	vector	490	260	0	0	Figure 16-21. Steps in drawing the wind triangle.
faa-h-8083-25c	403	artwork	-	vector	490	225	0	0	
faa-h-8083-25c	403	artwork	-	vector	490	224	0	0	
faa-h-8083-25c	404	artwork	captioned	raster	236	277	0	0	Figure 16-24. Chart Supplement U.S. (formerly Airport/Facility Directory).
faa-h-8083-25c	406	artwork	captioned	raster	413	559	0	0	Figure 16-25. Sectional chart excerpt.
faa-h-8083-25c	407	artwork	-	vector	486	126	0	0	
faa-h-8083-25c	407	artwork	captioned	vector	486	211	0	0	Figure 16-26. Pilot’s planning sheet and visual flight log.
faa-h-8083-25c	408	artwork	captioned	raster	478	330	0	0	Figure 16-27. Domestic flight plan form.
faa-h-8083-25c	409	artwork	captioned	vector	237	252	0	0	Figure 16-28. VHF transmissions follow a line-of-sight course.
faa-h-8083-25c	411	artwork	captioned	raster	235	393	0	0	Figure 16-30. Horizontal situation indicator.
faa-h-8083-25c	411	artwork	captioned	raster	237	227	0	0	Figure 16-29. VOR indicator.
faa-h-8083-25c	412	artwork	captioned	raster	216	210	0	0	Figure 16-31. Radio magnetic indicator.
faa-h-8083-25c	412	artwork	captioned	vector	241	571	0	0	Figure 16-32. Tracking a radial in a crosswind.
faa-h-8083-25c	413	artwork	captioned	vector	237	121	0	0	Figure 16-33. Time-distance check example.
faa-h-8083-25c	414	artwork	captioned	vector	237	123	0	0	Figure 16-34. Time-distance check formula using a CDI.
faa-h-8083-25c	415	artwork	captioned	vector	241	121	0	0	Figure 16-36. RNAV controls.
faa-h-8083-25c	415	artwork	captioned	vector	241	101	0	0	Figure 16-35. Flying an RNAV course.
faa-h-8083-25c	417	artwork	-	vector	241	221	0	0	
faa-h-8083-25c	417	artwork	-	raster	241	221	0	0	
faa-h-8083-25c	418	artwork	captioned	vector	241	407	0	0	Figure 16-39. ADF tracking.
faa-h-8083-25c	419	artwork	captioned	raster	241	244	0	0	Figure 16-40. Satellite constellation.
faa-h-8083-25c	423	artwork	-	raster	594	735	9	46	
faa-h-8083-25c	426	artwork	captioned	vector	237	124	0	0	Figure 17-1. Time of useful consciousness.
faa-h-8083-25c	427	artwork	captioned	vector	236	179	0	0	Figure 17-2. The Eustachian tube allows air pressure to equalize in the middle ear.
faa-h-8083-25c	428	artwork	captioned	vector	486	209	0	0	Figure 17-3. The semicircular canals lie in three planes and sense motions of roll, pitch, and yaw.
faa-h-8083-25c	429	artwork	captioned	vector	485	143	0	0	Figure 17-4. Human sensation of angular acceleration.
faa-h-8083-25c	429	artwork	captioned	vector	237	184	0	0	Figure 17-5. Graveyard spiral.
faa-h-8083-25c	430	artwork	captioned	vector	486	248	0	0	Figure 17-6. Sensations from centrifugal force.
faa-h-8083-25c	433	artwork	captioned	vector	490	538	0	0	Figure 17-7. Runway illusions.
faa-h-8083-25c	437	artwork	captioned	vector	238	406	0	0	Figure 17-8. Impairment scale with alcohol use.
faa-h-8083-25c	439	artwork	captioned	vector	485	503	0	0	Figure 17-9. Adverse affects of various drugs.
faa-h-8083-25c	441	artwork	captioned	raster	241	186	0	0	Figure 17-11. To avoid the bends, scuba divers must not fly for specific time periods following dives.
faa-h-8083-25c	441	artwork	captioned	vector	486	340	0	0	Figure 17-10. Signs and symptoms of altitude decompression sickness.
faa-h-8083-25c	442	artwork	captioned	vector	486	93	0	0	Figure 17-13. Types of vision.
faa-h-8083-25c	442	artwork	captioned	raster	486	274	0	0	Figure 17-12. The human eye.
faa-h-8083-25c	443	artwork	captioned	raster	490	183	0	0	Figure 17-15. The eye’s blind spot.
faa-h-8083-25c	443	artwork	captioned	vector	237	174	0	0	Figure 17-14. Central blind spot.
faa-h-8083-25c	444	artwork	captioned	raster	241	154	0	0	Figure 17-16. Night vision.
faa-h-8083-25c	444	artwork	captioned	raster	237	306	0	0	Figure 17-17. Night blind spot.
faa-h-8083-25c	445	artwork	captioned	vector	487	284	0	0	Figure 17-18. Scanning techniques.
faa-h-8083-25c	446	artwork	captioned	vector	490	214	0	0	Figure 17-19. Off-center viewing.
faa-h-8083-25c	447	artwork	captioned	vector	239	158	0	0	Figure 17-20. Self-imposed stress.
faa-h-8083-25c	448	unsupported	-	-	0	0	0	0	
faa-h-8083-25c	449	artwork	captioned	raster	490	186	0	0	Figure 17-22. At night, the horizon may be hard to discern due to dark terrain and misleading light patterns on the ground.
faa-h-8083-25c	450	artwork	captioned	raster	240	193	0	0	Figure 17-25. Night time SVS system.
faa-h-8083-25c	450	artwork	captioned	raster	240	259	0	0	Figure 17-24. SVS system.
faa-h-8083-25c	450	artwork	captioned	raster	486	141	0	0	Figure 17-23. Synthetic and enhanced vision systems.
faa-h-8083-25c	453	artwork	-	raster	439	451	1	12	
faa-h-8083-25c	454	artwork	-	raster	441	478	1	14	
faa-h-8083-25c	455	artwork	-	raster	428	505	1	7	
faa-h-8083-25c	456	artwork	-	raster	420	469	1	12	
faa-h-8083-25c	457	artwork	-	vector	487	287	47	105	
faa-h-8083-25c	458	artwork	-	vector	486	395	54	202	
faa-h-8083-25c	458	artwork	-	vector	274	35	1	7	
faa-h-8083-25c	459	artwork	-	vector	485	559	58	226	
faa-h-8083-25c	459	artwork	-	vector	274	35	1	7	
faa-h-8083-25c	473	artwork	captioned	vector	487	291	0	0	Figure C-1. Samples and explanations of standard airport signs.
faa-h-8083-25c	474	artwork	captioned	vector	558	505	0	0	Figure C-2. A sample runway with various possible markings and signs.
faa-h-8083-25c	475	artwork	-	raster	557	516	76	184	
faa-h-8083-25c	476	artwork	captioned	vector	486	375	0	0	Figure C-3. Samples and explanations of standard airport markings.
jresv82n3p173_A1b	1	artwork	-	raster	202	22	0	0	
jresv82n3p173_A1b	1	equation	-	raster	74	28	1	6	
jresv82n3p173_A1b	1	equation	-	raster	184	68	3	27	
jresv82n3p173_A1b	2	artwork	-	raster	31	62	0	0	
jresv82n3p173_A1b	2	artwork	-	raster	27	61	0	0	
jresv82n3p173_A1b	2	artwork	-	raster	12	32	0	0	
jresv82n3p173_A1b	2	artwork	captioned	raster	190	96	9	15	FIGURE 1. Trajectory of an electron ill a strong oscillatory field in the
jresv82n3p173_A1b	2	artwork	-	raster	54	24	0	0	
jresv82n3p173_A1b	2	artwork	-	raster	132	22	0	0	
jresv82n3p173_A1b	2	artwork	-	raster	217	33	0	0	
jresv82n3p173_A1b	2	artwork	-	raster	2	2	0	0	
jresv82n3p173_A1b	2	equation	-	raster	168	35	2	12	
jresv82n3p173_A1b	2	equation	-	raster	139	31	3	18	
jresv82n3p173_A1b	2	artwork	-	raster	227	43	2	5	
jresv82n3p173_A1b	3	artwork	-	raster	206	12	0	0	
jresv82n3p173_A1b	3	artwork	-	raster	238	171	10	18	
~ | '
~ | C | :::J
~ | J
~ | 2 | :0 10-' | ~ JU | ~ 10- ' | "01:;:;
jresv82n3p173_A1b	3	artwork	-	raster	91	12	0	0	
jresv82n3p173_A1b	3	artwork	-	raster	92	12	0	0	
jresv82n3p173_A1b	3	artwork	-	raster	123	21	0	0	
jresv82n3p173_A1b	3	artwork	-	raster	111	24	0	0	
jresv82n3p173_A1b	3	artwork	-	raster	176	26	1	2	
jresv82n3p173_A1b	3	equation	-	raster	149	27	2	13	
jresv82n3p173_A1b	3	equation	-	raster	125	28	3	11	
jresv82n3p173_A1b	4	artwork	-	raster	405	26	0	0	
jresv82n3p173_A1b	4	artwork	-	raster	87	11	0	0	
jresv82n3p173_A1b	4	artwork	-	raster	84	23	0	0	
jresv82n3p173_A1b	4	artwork	-	raster	136	24	0	0	
jresv82n3p173_A1b	4	artwork	-	raster	127	25	0	0	
jresv82n3p173_A1b	4	artwork	-	raster	120	24	0	0	
jresv82n3p173_A1b	4	equation	-	raster	178	36	3	22	
jresv82n3p173_A1b	4	equation	-	raster	186	57	4	19	
jresv82n3p173_A1b	5	artwork	-	raster	116	25	0	0	
jresv82n3p173_A1b	5	artwork	-	raster	214	11	0	0	
jresv82n3p173_A1b	5	artwork	-	raster	238	329	0	0	
jresv82n3p173_A1b	5	artwork	-	raster	160	36	0	0	
jresv82n3p173_A1b	5	equation	-	raster	36	40	6	11	
jresv82n3p173_A1b	6	artwork	-	raster	66	23	0	0	
jresv82n3p173_A1b	6	artwork	-	raster	111	22	0	0	
jresv82n3p173_A1b	6	artwork	-	raster	87	10	0	0	
jresv82n3p173_A1b	6	equation	-	raster	67	35	2	5	
jresv82n3p173_A1b	6	equation	-	raster	137	34	2	9	
jresv82n3p173_A1b	6	artwork	-	raster	161	75	2	2	
mcs2025-copper	1	table	-	vector	520	271	38	176	
mcs2025-copper	1	table	-	vector	506	84	9	45	
mcs2025-copper	2	table	-	vector	502	238	21	130	
noaa_61592_DS1	1	artwork	-	raster	792	612	2	9	
noaa_61592_DS1	2	artwork	-	vector	661	18	1	6	
noaa_61592_DS1	2	artwork	-	vector	661	19	1	2	
noaa_61592_DS1	3	artwork	-	raster	792	533	1	5	
noaa_61592_DS1	4	artwork	-	vector	661	18	1	6	
noaa_61592_DS1	4	artwork	-	raster	792	281	12	160	
noaa_61592_DS1	5	artwork	-	vector	278	31	2	14	
noaa_61592_DS1	5	artwork	-	raster	792	266	10	70	
noaa_61592_DS1	6	artwork	-	raster	792	283	39	244	
noaa_61592_DS1	7	artwork	-	raster	792	392	39	256	
noaa_61592_DS1	8	artwork	-	raster	722	522	52	228	
noaa_61592_DS1	9	artwork	-	raster	722	280	29	114	
noaa_61592_DS1	9	artwork	-	vector	489	78	9	44	
noaa_61592_DS1	9	artwork	-	vector	448	33	2	5	
noaa_61592_DS1	9	artwork	-	vector	489	114	14	56	
noaa_61592_DS1	10	artwork	-	raster	722	234	22	100	
noaa_61592_DS1	10	artwork	-	vector	448	33	2	5	
noaa_61592_DS1	10	artwork	-	vector	489	114	14	56	
noaa_61592_DS1	10	artwork	-	vector	489	114	14	59	
noaa_61592_DS1	11	artwork	-	raster	722	256	23	101	
noaa_61592_DS1	11	artwork	-	vector	442	17	1	10	
noaa_61592_DS1	11	artwork	-	vector	442	33	2	5	
noaa_61592_DS1	11	artwork	-	vector	489	78	9	41	
noaa_61592_DS1	11	artwork	-	vector	442	33	2	5	
noaa_61592_DS1	12	artwork	-	raster	722	302	29	124	
noaa_61592_DS1	12	artwork	-	vector	489	140	16	72	
noaa_61592_DS1	13	artwork	-	raster	722	204	17	80	
noaa_61592_DS1	13	artwork	-	vector	489	67	8	31	
noaa_61592_DS1	13	artwork	-	vector	442	33	2	5	
noaa_61592_DS1	13	artwork	-	vector	489	36	4	11	
noaa_61592_DS1	13	artwork	-	vector	442	59	4	22	
noaa_61592_DS1	14	artwork	-	raster	722	338	34	152	
noaa_61592_DS1	14	artwork	-	vector	489	94	11	49	
noaa_61592_DS1	14	artwork	-	vector	442	33	2	5	
noaa_61592_DS1	15	artwork	-	raster	722	208	18	91	
noaa_61592_DS1	15	artwork	-	vector	489	52	6	24	
noaa_61592_DS1	15	artwork	-	vector	442	79	5	41	
noaa_61592_DS1	15	artwork	-	vector	489	52	6	26	
noaa_61592_DS1	15	artwork	-	vector	442	48	3	20	
noaa_61592_DS1	16	artwork	-	raster	722	235	22	104	
noaa_61592_DS1	16	artwork	-	vector	489	109	13	66	
noaa_61592_DS1	16	artwork	-	vector	442	33	2	5	
noaa_61592_DS1	17	artwork	-	raster	722	206	22	95	
noaa_61592_DS1	17	artwork	-	vector	489	52	6	26	
noaa_61592_DS1	17	artwork	-	vector	442	28	2	16	
noaa_61592_DS1	17	artwork	-	vector	442	48	3	15	
noaa_61592_DS1	18	artwork	-	raster	722	235	20	104	
noaa_61592_DS1	18	artwork	-	vector	489	67	8	31	
noaa_61592_DS1	18	artwork	-	vector	442	64	4	29	
noaa_61592_DS1	18	artwork	-	vector	489	67	8	19	
noaa_61592_DS1	18	artwork	-	vector	489	67	8	19	
noaa_61592_DS1	19	artwork	-	raster	722	254	24	65	
noaa_61592_DS1	19	artwork	-	vector	489	83	10	34	
noaa_61592_DS1	19	artwork	-	vector	489	83	10	25	
noaa_61592_DS1	19	artwork	-	vector	489	98	12	36	
noaa_61592_DS1	20	artwork	-	raster	792	257	2	7	
noaa_61592_DS1	20	artwork	-	raster	722	285	30	89	
noaa_61592_DS1	21	artwork	-	raster	792	281	5	62	
noaa_61592_DS1	22	artwork	-	raster	792	283	24	194	
noaa_61592_DS1	23	artwork	-	raster	792	561	4	69	
noaa_61592_DS1	24	artwork	-	raster	792	271	8	66	
noaa_61592_DS1	25	equation	-	vector	389	29	4	14	
noaa_61592_DS1	25	equation	-	vector	389	29	4	12	
noaa_61592_DS1	25	artwork	-	raster	792	289	39	216	
noaa_61592_DS1	26	artwork	-	vector	314	32	2	17	
noaa_61592_DS1	26	artwork	-	vector	305	73	4	22	
noaa_61592_DS1	26	artwork	-	raster	792	265	16	170	
noaa_61592_DS1	26	artwork	-	vector	305	4	0	0	
noaa_61592_DS1	26	artwork	-	vector	18	18	0	0	
noaa_61592_DS1	27	artwork	-	raster	792	304	35	298	
noaa_61592_DS1	28	artwork	-	raster	792	326	72	364	
noaa_61592_DS1	29	artwork	-	raster	792	269	25	199	
noaa_61592_DS1	30	artwork	-	raster	792	257	7	51	
noaa_61592_DS1	31	artwork	-	vector	661	30	2	20	
noaa_61592_DS1	31	artwork	-	vector	661	30	2	26	
noaa_61592_DS1	31	artwork	-	raster	792	259	13	249	
noaa_61592_DS1	32	artwork	-	raster	792	257	1	5	
noaa_61592_DS1	32	artwork	-	vector	661	30	2	21	
noaa_61592_DS1	33	artwork	-	raster	792	527	0	0	
noaa_61592_DS1	34	artwork	-	raster	792	536	38	263	
noaa_61592_DS1	35	artwork	-	raster	722	493	26	233	
noaa_61592_DS1	36	artwork	-	raster	722	203	10	91	
noaa_61592_DS1	36	artwork	-	raster	792	341	3	9	
noaa_61592_DS1	37	artwork	-	raster	792	265	14	101	
noaa_61592_DS1	38	artwork	-	raster	722	432	1	8	
noaa_61592_DS1	39	artwork	-	raster	792	271	4	36	
noaa_61592_DS1	40	artwork	-	vector	350	34	1	6	
noaa_61592_DS1	40	artwork	-	raster	792	335	19	142	
noaa_61592_DS1	41	artwork	-	raster	792	612	22	104	
noaa_61592_DS1	42	artwork	-	raster	726	302	17	114	
noaa_61592_DS1	43	artwork	-	raster	792	581	25	212	
noaa_61592_DS1	44	artwork	-	vector	722	26	1	11	
noaa_61592_DS1	44	artwork	-	vector	652	29	2	2	
noaa_61592_DS1	45	artwork	-	raster	792	582	38	320	
noaa_61592_DS1	46	artwork	-	raster	722	448	1	6	
noaa_61592_DS1	47	artwork	-	raster	756	554	20	178	
noaa_61592_DS1	48	artwork	-	raster	792	427	35	297	
noaa_61592_DS1	49	artwork	-	raster	792	612	40	352	
noaa_61592_DS1	50	artwork	-	raster	722	307	19	152	
noaa_61592_DS1	51	artwork	-	raster	380	517	32	281	
noaa_61592_DS1	51	artwork	-	raster	347	315	2	13	
noaa_61592_DS1	52	artwork	-	raster	792	349	13	114	
noaa_61592_DS1	52	artwork	-	raster	722	221	24	207	
noaa_61592_DS1	53	artwork	-	vector	758	26	1	20	
noaa_61592_DS1	53	artwork	-	vector	310	4	0	0	
noaa_61592_DS1	53	artwork	-	vector	310	4	0	0	
noaa_61592_DS1	53	artwork	-	vector	310	4	0	0	
noaa_61592_DS1	53	artwork	-	vector	310	4	0	0	
noaa_61592_DS1	53	artwork	-	vector	310	4	0	0	
noaa_61592_DS1	53	artwork	-	vector	310	4	0	0	
noaa_61592_DS1	53	artwork	-	vector	311	4	0	0	
noaa_61592_DS1	53	artwork	-	vector	311	4	0	0	
noaa_61592_DS1	53	artwork	-	vector	311	4	0	0	
noaa_61592_DS1	53	artwork	-	vector	310	4	0	0	
noaa_61592_DS1	53	artwork	-	vector	310	4	0	0	
noaa_61592_DS1	53	artwork	-	vector	310	4	0	0	
noaa_61592_DS1	53	artwork	-	vector	306	4	0	0	
noaa_61592_DS1	53	artwork	-	vector	306	4	0	0	
noaa_61592_DS1	53	artwork	-	vector	306	4	0	0	
noaa_61592_DS1	53	artwork	-	vector	24	21	0	0	
noaa_61592_DS1	53	artwork	-	vector	24	21	0	0	
noaa_61592_DS1	53	artwork	-	vector	24	21	0	0	
noaa_61592_DS1	53	artwork	-	vector	24	21	0	0	
noaa_61592_DS1	53	artwork	-	vector	24	21	0	0	
noaa_61592_DS1	53	artwork	-	vector	20	20	0	0	
noaa_61592_DS1	53	artwork	-	vector	43	22	0	0	
noaa_61592_DS1	53	artwork	-	vector	20	20	0	0	
noaa_61592_DS1	53	artwork	-	vector	327	36	2	11	
noaa_61592_DS1	53	artwork	-	vector	20	23	0	0	
noaa_61592_DS1	53	artwork	-	vector	20	23	0	0	
noaa_61592_DS1	53	artwork	-	vector	20	21	0	0	
noaa_61592_DS1	53	artwork	-	vector	36	25	0	0	
noaa_61592_DS1	53	artwork	-	vector	15	21	0	0	
noaa_61592_DS1	53	artwork	-	vector	15	21	0	0	
noaa_61592_DS1	53	artwork	-	vector	15	21	0	0	
noaa_61592_DS1	53	artwork	-	vector	327	76	4	27	
noaa_61592_DS1	53	artwork	-	vector	13	21	0	0	
noaa_61592_DS1	53	artwork	-	vector	58	23	0	0	
noaa_61592_DS1	53	artwork	-	vector	688	52	1	13	
noaa_61592_DS1	54	artwork	-	raster	792	257	2	7	
noaa_61592_DS1	54	artwork	-	vector	310	4	0	0	
noaa_61592_DS1	54	artwork	-	vector	310	4	0	0	
noaa_61592_DS1	54	artwork	-	vector	310	4	0	0	
noaa_61592_DS1	54	artwork	-	vector	310	4	0	0	
noaa_61592_DS1	54	artwork	-	vector	310	4	0	0	
noaa_61592_DS1	54	artwork	-	vector	310	4	0	0	
noaa_61592_DS1	54	artwork	-	vector	310	4	0	0	
noaa_61592_DS1	54	artwork	-	vector	310	4	0	0	
noaa_61592_DS1	54	artwork	-	vector	17	23	0	0	
noaa_61592_DS1	54	artwork	-	vector	17	23	0	0	
noaa_61592_DS1	54	artwork	-	vector	27	23	0	0	
noaa_61592_DS1	54	artwork	-	vector	27	23	0	0	
noaa_61592_DS1	54	artwork	-	vector	22	25	0	0	
noaa_61592_DS1	54	artwork	-	vector	22	22	0	0	
noaa_61592_DS1	54	artwork	-	vector	330	41	2	12	
noaa_61592_DS1	54	artwork	-	vector	42	24	0	0	
noaa_61592_DS1	54	artwork	-	vector	42	23	0	0	
noaa_61592_DS1	54	artwork	-	vector	21	23	0	0	
noaa_61592_DS1	54	artwork	-	vector	14	23	0	0	
noaa_61592_DS1	54	artwork	-	vector	14	23	0	0	
noaa_61592_DS1	54	artwork	-	vector	347	41	2	13	
noaa_61592_DS1	55	artwork	-	raster	792	265	22	164	
noaa_61592_DS1	56	artwork	-	raster	756	318	20	150	
noaa_61592_DS1	57	artwork	-	raster	718	487	23	229	
noaa_61592_DS1	57	artwork	-	vector	314	32	2	16	
noaa_61592_DS1	58	artwork	-	vector	697	34	1	5	
noaa_61592_DS1	58	artwork	-	raster	720	374	18	157	
noaa_61592_DS1	59	artwork	-	raster	660	221	0	0	
noaa_61592_DS1	59	artwork	-	raster	792	312	31	250	
noaa_61592_DS1	60	artwork	-	raster	726	207	23	165	
noaa_61592_DS1	60	artwork	-	raster	612	229	0	0	
noaa_61592_DS1	61	artwork	-	raster	792	292	19	165	
noaa_61592_DS1	61	artwork	-	raster	384	281	0	0	
noaa_61592_DS1	62	artwork	-	raster	792	612	15	218	
noaa_61592_DS1	63	artwork	-	raster	722	207	22	178	
noaa_61592_DS1	63	artwork	-	raster	324	260	0	0	
noaa_61592_DS1	64	artwork	-	raster	722	216	23	165	
noaa_61592_DS1	65	artwork	-	raster	337	254	0	0	
noaa_61592_DS1	65	artwork	-	raster	792	320	21	175	
noaa_61592_DS1	66	artwork	-	raster	722	500	41	311	
noaa_61592_DS1	67	artwork	-	raster	759	496	36	238	
noaa_61592_DS1	68	artwork	-	raster	792	612	31	205	
noaa_61592_DS1	69	table	-	raster	722	573	42	381	
noaa_61592_DS1	70	artwork	-	vector	703	34	1	5	
noaa_61592_DS1	70	artwork	-	raster	401	226	0	0	
noaa_61592_DS1	71	artwork	-	raster	446	406	0	0	
noaa_61592_DS1	72	artwork	-	raster	792	582	42	375	
noaa_61592_DS1	73	artwork	-	raster	503	544	0	0	
noaa_61592_DS1	74	artwork	-	raster	722	233	8	80	
noaa_61592_DS1	74	artwork	-	vector	314	32	2	12	
noaa_61592_DS1	75	artwork	-	raster	792	282	11	187	
noaa_61592_DS1	75	artwork	-	raster	722	309	1	10	
noaa_61592_DS1	76	artwork	-	raster	722	542	47	370	
noaa_61592_DS1	77	artwork	-	raster	722	249	14	114	
noaa_61592_DS1	77	artwork	-	raster	792	335	22	151	
noaa_61592_DS1	78	artwork	-	raster	726	209	25	179	
noaa_61592_DS1	79	artwork	-	raster	792	307	29	171	
noaa_61592_DS1	79	artwork	-	raster	728	100	0	0	
noaa_61592_DS1	80	artwork	-	raster	612	631	0	0	
noaa_61592_DS1	84	artwork	-	vector	152	23	1	3	
noaa_61592_DS1	85	artwork	-	vector	560	26	1	12	
noaa_61592_DS1	85	artwork	-	vector	527	4	0	0	
noaa_61592_DS1	85	artwork	-	vector	527	145	18	40	
noaa_61592_DS1	85	artwork	-	vector	527	43	4	9	
noaa_61592_DS1	86	artwork	-	raster	468	201	0	0	
noaa_61592_DS1	88	artwork	-	raster	327	263	0	0	
noaa_61592_DS1	89	artwork	-	raster	504	379	0	0	
noaa_61592_DS1	91	artwork	-	raster	468	502	0	0	
noaa_61592_DS1	93	artwork	-	raster	459	301	0	0	
noaa_61592_DS1	95	artwork	-	vector	399	52	2	11	
noaa_61592_DS1	96	artwork	-	raster	475	242	0	0	
noaa_61592_DS1	97	artwork	-	raster	458	166	0	0	
noaa_61592_DS1	98	artwork	-	raster	490	183	0	0	
noaa_61592_DS1	100	artwork	-	vector	152	23	1	3	
noaa_61592_DS1	101	artwork	-	raster	467	372	0	0	
noaa_61592_DS1	102	artwork	-	raster	475	397	0	0	
noaa_61592_DS1	103	artwork	-	raster	483	163	0	0	
noaa_61592_DS1	104	artwork	-	raster	459	159	0	0	
noaa_61592_DS1	107	artwork	-	raster	469	261	0	0	
noaa_61592_DS1	108	artwork	-	raster	467	222	0	0	
noaa_61592_DS1	111	artwork	-	raster	452	256	0	0	
noaa_61592_DS1	113	artwork	-	vector	152	23	1	3	
noaa_61592_DS1	116	artwork	-	vector	152	23	1	3	
noaa_61592_DS1	117	artwork	-	vector	152	23	1	3	
noaa_61592_DS1	121	text	-	vector	468	38	3	29	
noaa_61592_DS1	121	text	-	vector	465	38	3	30	
noaa_61592_DS1	122	text	-	vector	479	49	4	49	
noaa_61592_DS1	122	text	-	vector	483	70	6	110	
noaa_61592_DS1	122	text	-	vector	478	49	4	48	
noaa_61592_DS1	123	text	-	vector	484	38	3	33	
noaa_61592_DS1	124	text	-	vector	473	38	3	33	
noaa_61592_DS1	126	text	-	vector	469	38	3	42	
noaa_61592_DS1	127	text	-	vector	456	38	3	33	
noaa_61592_DS1	127	text	-	vector	459	38	3	30	
noaa_61592_DS1	129	text	-	vector	465	38	3	27	
noaa_61592_DS1	130	text	-	vector	469	60	5	62	
noaa_61592_DS1	130	text	-	vector	469	38	3	32	
noaa_61592_DS1	130	text	-	vector	468	38	3	30	
noaa_61592_DS1	130	text	-	vector	470	28	2	18	
noaa_61592_DS1	132	text	-	vector	473	49	4	48	
noaa_61592_DS1	132	text	-	vector	476	38	3	29	
noaa_61592_DS1	133	text	-	vector	467	38	3	30	
noaa_61592_DS1	134	text	-	vector	477	70	6	81	
noaa_61592_DS1	136	text	-	vector	464	38	3	30	
noaa_61592_DS1	136	text	-	vector	481	49	4	48	
noaa_61592_DS1	138	text	-	vector	485	81	7	113	
noaa_61592_DS1	139	artwork	-	raster	612	631	0	0	
noaa_61592_DS1	143	artwork	-	vector	152	23	1	3	
noaa_61592_DS1	147	artwork	-	raster	504	363	0	0	
noaa_61592_DS1	148	artwork	-	vector	152	23	1	3	
noaa_61592_DS1	148	artwork	-	raster	504	213	0	0	
noaa_61592_DS1	149	artwork	-	raster	504	258	0	0	
noaa_61592_DS1	151	artwork	-	vector	152	23	1	3	
noaa_61592_DS1	153	artwork	-	raster	468	292	0	0	
noaa_61592_DS1	155	artwork	-	raster	468	146	0	0	
noaa_61592_DS1	156	artwork	-	vector	152	23	1	3	
noaa_61592_DS1	158	artwork	-	raster	468	350	0	0	
noaa_61592_DS1	160	artwork	-	raster	351	392	0	0	
noaa_61592_DS1	162	artwork	-	raster	468	218	0	0	
noaa_61592_DS1	164	artwork	-	raster	468	277	0	0	
noaa_61592_DS1	166	artwork	-	raster	468	217	0	0	
noaa_61592_DS1	167	artwork	-	raster	468	290	0	0	
noaa_61592_DS1	168	artwork	-	vector	152	23	1	3	
noaa_61592_DS1	169	artwork	-	raster	406	508	0	0	
noaa_61592_DS1	171	artwork	-	raster	468	252	0	0	
noaa_61592_DS1	172	artwork	-	vector	166	23	1	3	
noaa_61592_DS1	174	artwork	-	vector	166	23	1	3	
noaa_61592_DS1	175	artwork	-	vector	166	23	1	3	
noaa_61592_DS1	179	artwork	-	vector	166	23	1	3	
noaa_61592_DS1	184	artwork	-	vector	166	23	1	3	
noaa_61592_DS1	187	text	-	vector	452	38	3	29	
noaa_61592_DS1	188	text	-	vector	474	49	4	47	
noaa_61592_DS1	189	text	-	vector	473	49	4	48	
noaa_61592_DS1	190	text	-	vector	480	38	3	38	
noaa_61592_DS1	192	text	-	vector	468	38	3	29	
noaa_61592_DS1	192	text	-	vector	451	38	3	30	
noaa_61592_DS1	195	text	-	vector	482	70	6	85	
noaa_61592_DS1	196	text	-	vector	473	38	3	33	
noaa_61592_DS1	198	text	-	vector	478	49	4	43	
noaa_61592_DS1	199	text	-	vector	465	38	3	27	
noaa_61592_DS1	199	text	-	vector	482	38	3	33	
noaa_61592_DS1	200	text	-	vector	483	38	3	30	
noaa_61592_DS1	200	text	-	vector	453	38	3	28	
noaa_61592_DS1	202	text	-	vector	479	92	8	123	
noaa_61592_DS1	204	text	-	vector	467	49	4	49	
noaa_61592_DS1	205	text	-	vector	461	38	3	30	
noaa_61592_DS1	205	text	-	vector	471	38	3	30	
noaa_61592_DS1	205	text	-	vector	471	38	3	30	
noaa_61592_DS1	206	text	-	vector	474	38	3	28	
noaa_61592_DS1	207	text	-	vector	480	38	3	29	
noaa_61592_DS1	207	text	-	vector	476	124	11	190	
noaa_61592_DS1	210	artwork	-	raster	612	631	0	0	
noaa_61592_DS1	213	artwork	-	raster	468	204	0	0	
noaa_61592_DS1	214	text	-	vector	505	101	8	119	
noaa_61592_DS1	214	artwork	-	raster	468	405	0	0	
noaa_61592_DS1	215	artwork	-	vector	152	23	1	3	
noaa_61592_DS1	216	artwork	-	raster	468	258	0	0	
noaa_61592_DS1	217	artwork	-	raster	468	268	0	0	
noaa_61592_DS1	218	artwork	-	raster	468	275	0	0	
noaa_61592_DS1	219	artwork	-	raster	451	254	0	0	
noaa_61592_DS1	220	artwork	-	raster	468	262	0	0	
noaa_61592_DS1	221	artwork	-	raster	468	272	0	0	
noaa_61592_DS1	222	artwork	-	raster	468	265	0	0	
noaa_61592_DS1	223	artwork	-	vector	553	32	1	6	
noaa_61592_DS1	223	artwork	-	raster	508	370	1	3	
noaa_61592_DS1	224	artwork	-	raster	508	285	0	0	
noaa_61592_DS1	225	artwork	-	vector	528	52	2	15	
noaa_61592_DS1	226	artwork	-	raster	468	219	0	0	
noaa_61592_DS1	228	artwork	-	raster	364	277	0	0	
noaa_61592_DS1	229	artwork	-	raster	468	228	0	0	
noaa_61592_DS1	230	artwork	-	vector	553	32	1	8	
noaa_61592_DS1	230	artwork	-	raster	508	249	0	0	
noaa_61592_DS1	231	artwork	-	raster	468	271	0	0	
noaa_61592_DS1	232	artwork	-	vector	152	23	1	3	
noaa_61592_DS1	233	artwork	-	vector	553	32	1	8	
noaa_61592_DS1	233	artwork	-	raster	508	401	0	0	
noaa_61592_DS1	235	artwork	-	raster	468	533	0	0	
noaa_61592_DS1	237	artwork	-	vector	152	23	1	3	
noaa_61592_DS1	240	artwork	-	vector	528	52	2	15	
noaa_61592_DS1	241	artwork	-	vector	152	23	1	3	
noaa_61592_DS1	244	text	-	vector	465	38	3	32	
noaa_61592_DS1	246	text	-	vector	465	38	3	30	
noaa_61592_DS1	247	text	-	vector	465	38	3	27	
noaa_61592_DS1	247	text	-	vector	458	49	4	46	
noaa_61592_DS1	247	text	-	vector	465	38	3	31	
noaa_61592_DS1	248	text	-	vector	479	70	6	87	
noaa_61592_DS1	249	text	-	vector	468	38	3	26	
noaa_61592_DS1	249	text	-	vector	485	38	3	34	
noaa_61592_DS1	250	text	-	vector	468	38	3	29	
noaa_61592_DS1	251	text	-	vector	465	38	3	30	
noaa_61592_DS1	251	text	-	vector	485	38	3	30	
noaa_61592_DS1	252	text	-	vector	485	49	4	46	
noaa_61592_DS1	252	text	-	vector	469	38	3	29	
noaa_61592_DS1	253	equation	-	vector	458	32	2	16	
noaa_61592_DS1	255	text	-	vector	438	38	3	35	
noaa_61592_DS1	256	artwork	-	raster	612	620	0	0	
noaa_61592_DS1	259	artwork	-	vector	152	23	1	3	
noaa_61592_DS1	260	artwork	-	raster	408	413	0	0	
noaa_61592_DS1	263	artwork	-	raster	427	218	0	0	
noaa_61592_DS1	264	artwork	-	vector	152	23	1	3	
noaa_61592_DS1	267	artwork	-	vector	152	23	1	3	
noaa_61592_DS1	267	artwork	-	raster	478	130	0	0	
noaa_61592_DS1	269	artwork	-	raster	460	350	0	0	
noaa_61592_DS1	270	artwork	-	raster	465	306	0	0	
noaa_61592_DS1	271	artwork	-	raster	428	269	0	0	
noaa_61592_DS1	272	artwork	-	raster	448	242	0	0	
noaa_61592_DS1	275	artwork	-	vector	152	23	1	3	
noaa_61592_DS1	276	artwork	-	vector	152	23	1	3	
noaa_61592_DS1	279	artwork	-	vector	152	23	1	3	
noaa_61592_DS1	283	text	-	vector	484	38	3	32	
noaa_61592_DS1	283	text	-	vector	457	38	3	31	
noaa_61592_DS1	284	text	-	vector	465	38	3	27	
noaa_61592_DS1	284	text	-	vector	470	38	3	31	
noaa_61592_DS1	284	equation	-	vector	462	43	3	24	
noaa_61592_DS1	285	text	-	vector	479	38	3	32	
noaa_61592_DS1	285	equation	-	vector	456	43	3	24	
noaa_61592_DS1	287	text	-	vector	465	38	3	33	
noaa_61592_DS1	287	text	-	vector	457	38	3	28	
noaa_61592_DS1	287	text	-	vector	469	38	3	33	
noaa_61592_DS1	288	equation	-	vector	479	43	3	27	
noaa_61592_DS1	289	text	-	vector	478	38	3	29	
noaa_61592_DS1	290	text	-	vector	476	38	3	31	
noaa_61592_DS1	291	text	-	vector	475	38	3	31	
noaa_61592_DS1	294	text	-	vector	480	38	3	32	
noaa_61592_DS1	295	text	-	vector	482	49	4	47	
noaa_61592_DS1	297	text	-	vector	473	60	5	73	
noaa_61592_DS1	297	text	-	vector	486	38	3	33	
noaa_61592_DS1	297	text	-	vector	459	38	3	30	
noaa_61592_DS1	297	text	-	vector	456	38	3	33	
noaa_61592_DS1	300	artwork	-	raster	612	631	0	0	
noaa_61592_DS1	305	artwork	-	raster	467	499	0	0	
noaa_61592_DS1	306	artwork	-	raster	454	298	0	0	
noaa_61592_DS1	307	artwork	-	raster	443	374	0	0	
noaa_61592_DS1	308	artwork	-	vector	507	52	2	16	
noaa_61592_DS1	308	artwork	-	raster	468	178	0	0	
noaa_61592_DS1	309	artwork	-	raster	470	177	0	0	
noaa_61592_DS1	311	artwork	-	raster	454	340	0	0	
noaa_61592_DS1	312	artwork	-	vector	152	23	1	3	
noaa_61592_DS1	314	artwork	-	raster	467	237	0	0	
noaa_61592_DS1	316	artwork	-	vector	517	52	2	13	
noaa_61592_DS1	317	artwork	-	raster	468	434	0	0	
noaa_61592_DS1	318	artwork	-	raster	468	292	0	0	
noaa_61592_DS1	320	artwork	-	raster	440	233	0	0	
noaa_61592_DS1	321	artwork	-	raster	374	389	0	0	
noaa_61592_DS1	323	artwork	-	vector	507	52	2	16	
noaa_61592_DS1	325	artwork	-	vector	152	23	1	3	
noaa_61592_DS1	326	artwork	-	vector	517	52	2	13	
noaa_61592_DS1	336	text	-	vector	481	38	3	29	
noaa_61592_DS1	336	text	-	vector	460	38	3	32	
noaa_61592_DS1	338	text	-	vector	471	38	3	29	
noaa_61592_DS1	338	text	-	vector	468	49	4	46	
noaa_61592_DS1	339	text	-	vector	471	49	4	41	
noaa_61592_DS1	341	text	-	vector	474	49	4	47	
noaa_61592_DS1	342	artwork	-	raster	612	631	0	0	
noaa_61592_DS1	347	artwork	-	raster	456	599	1	3	
noaa_61592_DS1	348	artwork	-	raster	502	211	0	0	
noaa_61592_DS1	349	artwork	-	vector	152	23	1	3	
noaa_61592_DS1	349	artwork	-	raster	396	294	0	0	
noaa_61592_DS1	351	artwork	-	raster	468	274	0	0	
noaa_61592_DS1	352	artwork	-	raster	413	283	0	0	
noaa_61592_DS1	354	artwork	-	vector	553	32	1	7	
noaa_61592_DS1	354	artwork	-	raster	508	203	1	5	
noaa_61592_DS1	355	artwork	-	vector	152	23	1	3	
noaa_61592_DS1	356	artwork	-	raster	436	442	0	0	
noaa_61592_DS1	357	artwork	-	vector	553	32	1	5	
noaa_61592_DS1	358	artwork	-	raster	508	436	1	3	
noaa_61592_DS1	359	artwork	-	vector	545	32	1	9	
noaa_61592_DS1	360	artwork	-	raster	509	431	0	0	
noaa_61592_DS1	361	artwork	-	vector	154	23	1	3	
noaa_61592_DS1	362	artwork	-	raster	504	343	0	0	
noaa_61592_DS1	363	artwork	-	vector	560	57	5	21	
noaa_61592_DS1	363	artwork	-	vector	508	255	45	150	
noaa_61592_DS1	365	artwork	-	vector	152	23	1	3	
noaa_61592_DS1	366	artwork	-	vector	152	23	1	3	
noaa_61592_DS1	368	artwork	-	vector	152	23	1	3	
noaa_61592_DS1	370	text	-	vector	469	38	3	31	
noaa_61592_DS1	371	text	-	vector	474	38	3	35	
noaa_61592_DS1	371	text	-	vector	470	38	3	32	
noaa_61592_DS1	372	text	-	vector	485	38	3	29	
noaa_61592_DS1	374	text	-	vector	474	38	3	38	
noaa_61592_DS1	376	text	-	vector	460	49	4	51	
noaa_61592_DS1	376	text	-	vector	465	38	3	27	
noaa_61592_DS1	384	artwork	-	raster	612	631	0	0	
noaa_61592_DS1	389	artwork	-	raster	454	560	0	0	
noaa_61592_DS1	391	artwork	-	raster	408	590	0	0	
noaa_61592_DS1	392	artwork	-	raster	492	204	0	0	
noaa_61592_DS1	393	artwork	-	vector	152	23	1	3	
noaa_61592_DS1	393	artwork	-	raster	450	267	0	0	
noaa_61592_DS1	394	artwork	-	raster	511	190	0	0	
noaa_61592_DS1	395	artwork	-	raster	504	254	0	0	
noaa_61592_DS1	396	artwork	-	raster	504	462	0	0	
noaa_61592_DS1	397	artwork	-	raster	504	312	0	0	
noaa_61592_DS1	398	artwork	-	raster	504	274	0	0	
noaa_61592_DS1	399	artwork	-	vector	152	23	1	3	
noaa_61592_DS1	400	artwork	-	raster	481	367	0	0	
noaa_61592_DS1	401	artwork	-	raster	498	371	0	0	
noaa_61592_DS1	402	artwork	-	raster	504	303	0	0	
noaa_61592_DS1	403	artwork	-	raster	504	464	0	0	
noaa_61592_DS1	404	artwork	-	vector	553	29	1	11	
noaa_61592_DS1	404	artwork	-	raster	508	317	0	0	
noaa_61592_DS1	405	artwork	-	vector	560	26	1	9	
noaa_61592_DS1	405	artwork	-	vector	508	128	10	28	
noaa_61592_DS1	405	artwork	-	vector	508	117	9	20	
noaa_61592_DS1	405	artwork	-	vector	508	78	6	10	
noaa_61592_DS1	405	artwork	-	vector	508	43	3	5	
noaa_61592_DS1	406	artwork	-	vector	508	43	3	5	
noaa_61592_DS1	406	artwork	-	vector	508	78	6	13	
noaa_61592_DS1	406	artwork	-	vector	508	43	3	5	
noaa_61592_DS1	406	artwork	-	vector	508	29	2	4	
noaa_61592_DS1	406	artwork	-	vector	508	4	0	0	
noaa_61592_DS1	407	artwork	-	raster	434	380	0	0	
noaa_61592_DS1	408	artwork	-	raster	434	294	0	0	
noaa_61592_DS1	409	artwork	-	vector	152	23	1	3	
noaa_61592_DS1	410	artwork	-	raster	487	406	0	0	
noaa_61592_DS1	411	artwork	-	vector	560	27	1	9	
noaa_61592_DS1	411	artwork	-	vector	508	29	3	7	
noaa_61592_DS1	411	artwork	-	vector	508	4	0	0	
noaa_61592_DS1	411	artwork	-	raster	47	47	0	0	
noaa_61592_DS1	411	artwork	-	vector	508	275	26	112	
noaa_61592_DS1	411	artwork	-	raster	45	47	0	0	
noaa_61592_DS1	413	artwork	-	raster	406	560	0	0	
noaa_61592_DS1	414	artwork	-	raster	473	312	0	0	
noaa_61592_DS1	415	artwork	-	vector	553	29	1	9	
noaa_61592_DS1	416	artwork	-	vector	152	23	1	3	
noaa_61592_DS1	418	artwork	-	vector	152	23	1	3	
noaa_61592_DS1	420	artwork	-	vector	152	23	1	3	
noaa_61592_DS1	424	text	-	vector	463	49	4	49	
noaa_61592_DS1	424	text	-	vector	462	38	3	30	
noaa_61592_DS1	428	text	-	vector	478	49	4	43	
noaa_61592_DS1	433	text	-	vector	481	38	3	33	
noaa_61592_DS1	437	text	-	vector	475	38	3	30	
noaa_61592_DS1	437	text	-	vector	464	38	3	33	
noaa_61592_DS1	438	text	-	vector	485	49	4	44	
noaa_61592_DS1	440	text	-	vector	453	38	3	33	
noaa_61592_DS1	440	text	-	vector	505	38	3	32	
noaa_61592_DS1	442	text	-	vector	472	38	3	29	
noaa_61592_DS1	443	text	-	vector	483	38	3	31	
noaa_61592_DS1	444	artwork	-	raster	612	631	0	0	
noaa_61592_DS1	448	artwork	-	vector	365	75	3	17	
noaa_61592_DS1	449	artwork	-	raster	452	276	0	0	
noaa_61592_DS1	451	artwork	-	raster	432	342	0	0	
noaa_61592_DS1	453	artwork	-	raster	468	464	0	0	
noaa_61592_DS1	455	artwork	-	vector	309	75	3	15	
noaa_61592_DS1	456	artwork	-	raster	473	305	0	0	
noaa_61592_DS1	457	artwork	-	raster	471	304	0	0	
noaa_61592_DS1	460	artwork	-	vector	351	75	3	13	
noaa_61592_DS1	461	artwork	-	raster	461	308	0	0	
noaa_61592_DS1	462	artwork	-	vector	553	31	1	9	
noaa_61592_DS1	462	artwork	-	raster	508	264	0	0	
noaa_61592_DS1	466	artwork	-	vector	365	75	3	17	
noaa_61592_DS1	467	artwork	-	vector	315	75	3	15	
noaa_61592_DS1	469	artwork	-	vector	351	75	3	13	
noaa_61592_DS1	472	text	-	vector	473	49	4	47	
noaa_61592_DS1	472	text	-	vector	472	60	5	59	
noaa_61592_DS1	473	text	-	vector	482	49	4	47	
noaa_61592_DS1	474	text	-	vector	471	49	4	51	
noaa_61592_DS1	474	text	-	vector	477	38	3	32	
noaa_61592_DS1	475	text	-	vector	478	38	3	34	
noaa_61592_DS1	476	text	-	vector	477	38	3	32	
noaa_61592_DS1	477	text	-	vector	475	38	3	28	
noaa_61592_DS1	479	text	-	vector	454	38	3	30	
noaa_61592_DS1	481	text	-	vector	462	38	3	31	
noaa_61592_DS1	481	text	-	vector	468	38	3	30	
noaa_61592_DS1	481	text	-	vector	464	38	3	33	
noaa_61592_DS1	482	text	-	vector	481	38	3	30	
noaa_61592_DS1	482	text	-	vector	478	38	3	29	
noaa_61592_DS1	483	text	-	vector	473	38	3	33	
noaa_61592_DS1	483	text	-	vector	469	38	3	28	
noaa_61592_DS1	484	text	-	vector	484	38	3	32	
noaa_61592_DS1	484	text	-	vector	465	38	3	30	
noaa_61592_DS1	485	text	-	vector	472	38	3	30	
noaa_61592_DS1	487	artwork	-	raster	612	631	0	0	
noaa_61592_DS1	491	artwork	-	vector	152	23	1	3	
noaa_61592_DS1	492	artwork	-	raster	468	337	0	0	
noaa_61592_DS1	494	artwork	-	vector	553	32	1	8	
noaa_61592_DS1	495	artwork	-	raster	417	470	0	0	
noaa_61592_DS1	496	artwork	-	vector	152	23	1	3	
noaa_61592_DS1	497	artwork	-	raster	359	413	0	0	
noaa_61592_DS1	499	artwork	-	raster	449	238	0	0	
noaa_61592_DS1	501	artwork	-	vector	152	23	1	3	
noaa_61592_DS1	502	artwork	-	raster	465	328	0	0	
noaa_61592_DS1	506	artwork	-	vector	152	23	1	3	
noaa_61592_DS1	507	artwork	-	vector	152	23	1	3	
noaa_61592_DS1	509	artwork	-	vector	152	23	1	3	
noaa_61592_DS1	512	text	-	vector	485	60	5	73	
noaa_61592_DS1	514	text	-	vector	474	38	3	33	
noaa_61592_DS1	514	text	-	vector	473	49	4	47	
noaa_61592_DS1	515	text	-	vector	464	38	3	31	
noaa_61592_DS1	517	equation	-	vector	481	43	3	20	
noaa_61592_DS1	518	text	-	vector	477	38	3	30	
noaa_61592_DS1	519	text	-	vector	484	60	5	64	
noaa_61592_DS1	522	text	-	vector	475	49	4	49	
noaa_61592_DS1	524	text	-	vector	508	38	3	34	
noaa_61592_DS1	525	text	-	vector	470	38	3	32	
noaa_61592_DS1	526	artwork	-	raster	612	631	0	0	
noaa_61592_DS1	530	artwork	-	vector	152	23	1	3	
noaa_61592_DS1	530	artwork	-	raster	365	243	0	0	
noaa_61592_DS1	531	artwork	-	raster	415	419	0	0	
noaa_61592_DS1	532	artwork	-	raster	325	592	0	0	
noaa_61592_DS1	533	artwork	-	raster	506	345	1	4	
noaa_61592_DS1	534	artwork	-	vector	553	32	1	7	
noaa_61592_DS1	534	artwork	-	raster	508	292	0	0	
noaa_61592_DS1	535	artwork	-	raster	444	250	0	0	
noaa_61592_DS1	536	artwork	-	raster	441	231	0	0	
noaa_61592_DS1	538	artwork	-	raster	389	446	0	0	
noaa_61592_DS1	539	artwork	-	vector	152	23	1	3	
noaa_61592_DS1	540	artwork	-	raster	504	288	0	0	
noaa_61592_DS1	541	artwork	-	raster	504	229	0	0	
noaa_61592_DS1	542	artwork	-	raster	504	217	0	0	
noaa_61592_DS1	544	artwork	-	vector	553	32	1	9	
noaa_61592_DS1	544	artwork	-	raster	508	285	0	0	
noaa_61592_DS1	545	artwork	-	vector	152	23	1	3	
noaa_61592_DS1	546	artwork	-	raster	504	296	0	0	
noaa_61592_DS1	547	artwork	-	raster	468	315	0	0	
noaa_61592_DS1	549	artwork	-	vector	152	23	1	3	
noaa_61592_DS1	551	artwork	-	vector	152	23	1	3	
noaa_61592_DS1	553	artwork	-	vector	152	23	1	3	
noaa_61592_DS1	555	text	-	vector	484	69	5	47	
noaa_61592_DS1	555	text	-	vector	475	38	3	33	
noaa_61592_DS1	555	text	-	vector	456	38	3	23	
noaa_61592_DS1	555	equation	-	vector	468	38	3	11	
noaa_61592_DS1	556	text	-	vector	462	38	3	30	
noaa_61592_DS1	556	text	-	vector	451	38	3	29	
noaa_61592_DS1	558	text	-	vector	475	49	4	49	
noaa_61592_DS1	560	text	-	vector	471	38	3	29	
noaa_61592_DS1	560	text	-	vector	460	38	3	28	
noaa_61592_DS1	562	text	-	vector	485	38	3	26	
noaa_61592_DS1	563	text	-	vector	473	49	4	52	
noaa_61592_DS1	565	text	-	vector	465	38	3	29	
noaa_61592_DS1	567	artwork	-	raster	612	631	0	0	
noaa_61592_DS1	572	artwork	-	vector	152	23	1	3	
noaa_61592_DS1	573	artwork	-	raster	468	286	0	0	
noaa_61592_DS1	574	artwork	-	raster	443	285	0	0	
noaa_61592_DS1	575	artwork	-	vector	523	52	2	14	
noaa_61592_DS1	576	artwork	-	raster	451	371	0	0	
noaa_61592_DS1	577	artwork	-	raster	408	327	0	0	
noaa_61592_DS1	578	artwork	-	raster	464	247	0	0	
noaa_61592_DS1	580	artwork	-	raster	445	357	0	0	
noaa_61592_DS1	582	artwork	-	vector	152	23	1	3	
noaa_61592_DS1	583	artwork	-	vector	560	26	1	13	
noaa_61592_DS1	583	artwork	-	vector	508	29	2	3	
noaa_61592_DS1	583	artwork	-	vector	508	29	2	16	
noaa_61592_DS1	583	artwork	-	vector	508	4	0	0	
noaa_61592_DS1	583	artwork	-	vector	508	29	2	3	
noaa_61592_DS1	583	artwork	-	vector	508	50	4	24	
noaa_61592_DS1	583	artwork	-	vector	508	40	2	5	
noaa_61592_DS1	583	artwork	-	vector	508	4	0	0	
noaa_61592_DS1	583	artwork	-	vector	508	29	2	4	
noaa_61592_DS1	583	artwork	-	vector	508	29	2	14	
noaa_61592_DS1	584	artwork	-	raster	449	297	0	0	
noaa_61592_DS1	585	artwork	-	raster	459	378	0	0	
noaa_61592_DS1	586	artwork	-	raster	432	262	0	0	
noaa_61592_DS1	587	artwork	-	vector	553	32	1	8	
noaa_61592_DS1	587	artwork	-	vector	152	23	1	3	
noaa_61592_DS1	588	artwork	-	vector	560	26	1	8	
noaa_61592_DS1	588	artwork	-	vector	508	4	0	0	
noaa_61592_DS1	588	artwork	-	vector	508	22	2	2	
noaa_61592_DS1	590	artwork	-	vector	152	23	1	3	
noaa_61592_DS1	591	artwork	-	vector	523	52	2	14	
noaa_61592_DS1	593	artwork	-	vector	152	23	1	3	
noaa_61592_DS1	594	artwork	-	vector	152	23	1	3	
noaa_61592_DS1	596	text	-	vector	446	38	3	28	
noaa_61592_DS1	596	text	-	vector	475	38	3	31	
noaa_61592_DS1	596	text	-	vector	444	38	3	27	
noaa_61592_DS1	598	text	-	vector	482	38	3	28	
noaa_61592_DS1	599	text	-	vector	470	38	3	27	
noaa_61592_DS1	602	text	-	vector	480	49	4	47	
noaa_61592_DS1	603	text	-	vector	478	38	3	32	
noaa_61592_DS1	603	text	-	vector	471	38	3	30	
noaa_61592_DS1	603	text	-	vector	484	38	3	33	
noaa_61592_DS1	605	text	-	vector	484	38	3	31	
noaa_61592_DS1	606	text	-	vector	464	38	3	30	
noaa_61592_DS1	606	text	-	vector	483	38	3	29	
noaa_61592_DS1	606	text	-	vector	484	38	3	31	
noaa_61592_DS1	606	text	-	vector	482	38	3	27	
noaa_61592_DS1	607	text	-	vector	472	38	3	30	
noaa_61592_DS1	608	text	-	vector	482	49	4	47	
noaa_61592_DS1	609	artwork	-	raster	612	631	0	0	
noaa_61592_DS1	614	artwork	-	vector	353	75	3	14	
noaa_61592_DS1	614	artwork	-	raster	457	208	0	0	
noaa_61592_DS1	616	artwork	-	vector	560	26	1	6	
noaa_61592_DS1	616	artwork	-	vector	510	622	196	409	
noaa_61592_DS1	618	artwork	-	vector	404	75	3	14	
noaa_61592_DS1	618	artwork	-	raster	483	193	0	0	
noaa_61592_DS1	619	artwork	-	raster	452	283	0	0	
noaa_61592_DS1	620	artwork	-	vector	152	23	1	3	
noaa_61592_DS1	621	artwork	-	raster	467	252	0	0	
noaa_61592_DS1	622	artwork	-	vector	360	75	3	13	
noaa_61592_DS1	624	artwork	-	raster	448	316	0	0	
noaa_61592_DS1	627	artwork	-	vector	353	75	3	14	
noaa_61592_DS1	628	artwork	-	vector	404	75	3	14	
noaa_61592_DS1	629	artwork	-	vector	152	23	1	3	
noaa_61592_DS1	630	artwork	-	vector	360	75	3	13	
noaa_61592_DS1	637	equation	-	vector	475	43	3	21	
noaa_61592_DS1	638	text	-	vector	478	38	3	29	
noaa_61592_DS1	642	artwork	-	raster	612	631	0	0	
noaa_61592_DS1	646	artwork	-	vector	152	23	1	3	
noaa_61592_DS1	648	artwork	-	raster	464	257	0	0	
noaa_61592_DS1	649	artwork	-	raster	437	480	0	0	
noaa_61592_DS1	650	artwork	-	vector	542	52	2	15	
noaa_61592_DS1	651	artwork	-	raster	504	365	0	0	
noaa_61592_DS1	652	artwork	-	vector	484	52	2	15	
noaa_61592_DS1	653	artwork	-	vector	553	32	1	11	
noaa_61592_DS1	653	artwork	-	raster	508	312	0	0	
noaa_61592_DS1	654	artwork	-	raster	508	174	0	0	
noaa_61592_DS1	655	artwork	-	vector	152	23	1	3	
noaa_61592_DS1	656	artwork	-	raster	472	263	0	0	
noaa_61592_DS1	657	artwork	-	vector	509	52	2	14	
noaa_61592_DS1	658	artwork	-	raster	455	283	0	0	
noaa_61592_DS1	659	artwork	-	raster	444	156	0	0	
noaa_61592_DS1	661	artwork	-	vector	152	23	1	3	
noaa_61592_DS1	663	artwork	-	vector	542	52	2	15	
noaa_61592_DS1	664	artwork	-	vector	484	52	2	15	
noaa_61592_DS1	666	artwork	-	vector	152	23	1	3	
noaa_61592_DS1	667	artwork	-	vector	509	52	2	14	
noaa_61592_DS1	672	text	-	vector	480	38	3	32	
noaa_61592_DS1	675	text	-	vector	484	49	4	48	
noaa_61592_DS1	680	text	-	vector	484	38	3	33	
noaa_61592_DS1	681	text	-	vector	477	70	6	80	
noaa_61592_DS1	681	text	-	vector	459	38	3	30	
noaa_61592_DS1	682	text	-	vector	483	38	3	28	
noaa_61592_DS1	683	text	-	vector	445	38	3	25	
noaa_61592_DS1	684	text	-	vector	450	38	3	26	
noaa_61592_DS1	685	text	-	vector	470	38	3	26	
noaa_61592_DS1	686	text	-	vector	473	38	3	34	
noaa_61592_DS1	687	text	-	vector	465	38	3	27	
noaa_61592_DS1	687	equation	-	vector	467	43	3	23	
noaa_61592_DS1	687	equation	-	vector	434	33	2	10	
noaa_61592_DS1	688	text	-	vector	484	49	4	48	
noaa_61592_DS1	689	text	-	vector	466	49	4	46	
noaa_61592_DS1	691	artwork	-	raster	612	631	0	0	
noaa_61592_DS1	696	artwork	-	vector	152	23	1	3	
noaa_61592_DS1	697	artwork	-	raster	456	284	0	0	
noaa_61592_DS1	699	artwork	-	raster	472	256	0	0	
noaa_61592_DS1	701	artwork	-	vector	553	32	1	7	
noaa_61592_DS1	701	artwork	-	raster	508	344	1	3	
noaa_61592_DS1	702	artwork	-	vector	344	75	3	13	
noaa_61592_DS1	703	artwork	-	raster	421	300	0	0	
noaa_61592_DS1	706	artwork	-	raster	504	394	0	0	
noaa_61592_DS1	707	artwork	-	vector	388	75	3	15	
noaa_61592_DS1	710	artwork	-	raster	365	283	0	0	
noaa_61592_DS1	711	artwork	-	vector	152	23	1	3	
noaa_61592_DS1	713	artwork	-	vector	344	75	3	13	
noaa_61592_DS1	715	artwork	-	vector	388	75	3	15	
noaa_61592_DS1	718	text	-	vector	484	114	10	162	
noaa_61592_DS1	725	text	-	vector	483	38	3	35	
noaa_61592_DS1	726	text	-	vector	466	49	4	49	
noaa_61592_DS1	727	text	-	vector	481	49	4	52	
noaa_61592_DS1	729	text	-	vector	475	38	3	28	
noaa_61592_DS1	730	text	-	vector	504	38	3	32	
noaa_61592_DS1	732	text	-	vector	484	49	4	57	
noaa_61592_DS1	733	text	-	vector	481	38	3	33	
noaa_61592_DS1	733	text	-	vector	456	49	4	45	
noaa_61592_DS1	734	text	-	vector	483	38	3	32	
noaa_61592_DS1	734	text	-	vector	458	38	3	28	
noaa_61592_DS1	734	text	-	vector	463	38	3	29	
noaa_61592_DS1	736	text	-	vector	478	28	2	16	
noaa_61592_DS1	737	text	-	vector	483	38	3	27	
noaa_61592_DS1	737	text	-	vector	466	49	4	46	
noaa_61592_DS1	739	artwork	-	raster	612	631	0	0	
noaa_61592_DS1	743	artwork	-	raster	452	353	0	0	
noaa_61592_DS1	744	artwork	-	raster	397	508	0	0	
noaa_61592_DS1	745	artwork	-	raster	444	446	0	0	
noaa_61592_DS1	746	artwork	-	vector	426	75	3	19	
noaa_61592_DS1	748	artwork	-	raster	462	288	0	0	
noaa_61592_DS1	751	artwork	-	raster	437	556	0	0	
noaa_61592_DS1	752	artwork	-	vector	152	23	1	3	
noaa_61592_DS1	754	artwork	-	vector	152	23	1	3	
noaa_61592_DS1	755	artwork	-	raster	473	223	0	0	
noaa_61592_DS1	756	artwork	-	vector	561	26	1	12	
noaa_61592_DS1	756	artwork	-	vector	507	293	152	166	
noaa_61592_DS1	756	artwork	-	vector	507	52	16	29	
noaa_61592_DS1	757	artwork	-	vector	560	26	1	12	
noaa_61592_DS1	757	artwork	-	vector	507	301	166	166	
noaa_61592_DS1	757	artwork	-	vector	507	92	15	20	
noaa_61592_DS1	758	artwork	-	raster	504	139	0	0	
noaa_61592_DS1	759	artwork	-	raster	457	259	0	0	
noaa_61592_DS1	762	artwork	-	vector	426	75	3	19	
noaa_61592_DS1	763	artwork	-	vector	152	23	1	3	
noaa_61592_DS1	764	artwork	-	vector	152	23	1	3	
noaa_61592_DS1	768	text	-	vector	469	38	3	31	
noaa_61592_DS1	768	text	-	vector	458	38	3	31	
noaa_61592_DS1	769	text	-	vector	458	38	3	28	
noaa_61592_DS1	770	text	-	vector	485	49	4	47	
noaa_61592_DS1	771	text	-	vector	480	28	2	17	
noaa_61592_DS1	771	text	-	vector	485	38	3	30	
noaa_61592_DS1	772	equation	-	vector	480	43	3	28	
noaa_61592_DS1	774	text	-	vector	483	38	3	25	
noaa_61592_DS1	775	text	-	vector	479	38	3	30	
noaa_61592_DS1	775	equation	-	vector	438	43	3	20	
noaa_61592_DS1	779	artwork	-	raster	612	631	0	0	
noaa_61592_DS1	783	artwork	-	vector	553	32	1	8	
noaa_61592_DS1	783	artwork	-	vector	306	75	3	11	
noaa_61592_DS1	785	artwork	-	raster	501	461	0	0	
noaa_61592_DS1	786	artwork	-	vector	152	23	1	3	
noaa_61592_DS1	787	artwork	-	vector	560	26	1	8	
noaa_61592_DS1	787	artwork	-	vector	509	494	62	165	
noaa_61592_DS1	789	artwork	-	raster	451	346	0	0	
noaa_61592_DS1	790	artwork	-	vector	354	75	3	15	
noaa_61592_DS1	791	artwork	-	raster	435	272	0	0	
noaa_61592_DS1	793	artwork	-	raster	461	203	0	0	
noaa_61592_DS1	794	artwork	-	vector	152	23	1	3	
noaa_61592_DS1	795	artwork	-	raster	356	400	0	0	
noaa_61592_DS1	798	artwork	-	vector	306	75	3	11	
noaa_61592_DS1	799	artwork	-	vector	152	23	1	3	
noaa_61592_DS1	800	artwork	-	vector	354	75	3	15	
noaa_61592_DS1	802	artwork	-	vector	152	23	1	3	
noaa_61592_DS1	803	text	-	vector	483	38	3	33	
noaa_61592_DS1	806	text	-	vector	482	70	6	81	
noaa_61592_DS1	809	text	-	vector	464	38	3	31	
noaa_61592_DS1	812	text	-	vector	471	38	3	28	
noaa_61592_DS1	812	text	-	vector	456	38	3	28	
noaa_61592_DS1	815	artwork	-	raster	612	631	0	0	
noaa_61592_DS1	820	artwork	-	vector	370	75	3	11	
noaa_61592_DS1	822	artwork	captioned	vector	553	23	1	6	Box 18.1. Data Centers Create a Critical New Interconnection
noaa_61592_DS1	822	artwork	-	raster	453	186	0	0	
noaa_61592_DS1	823	artwork	-	vector	351	75	3	12	
noaa_61592_DS1	824	artwork	captioned	vector	553	23	1	5	Box 18.2. Wildfire and COVID-19 Lead to Compounding
noaa_61592_DS1	825	artwork	-	vector	411	75	3	14	
noaa_61592_DS1	825	artwork	-	raster	468	227	0	0	
noaa_61592_DS1	828	artwork	-	raster	468	291	0	0	
noaa_61592_DS1	829	artwork	captioned	vector	553	23	1	4	Box 18.3. Different Forms of Knowledge and Collaboration Across
noaa_61592_DS1	830	artwork	-	vector	377	75	3	15	
noaa_61592_DS1	833	artwork	-	raster	468	393	0	0	
noaa_61592_DS1	834	artwork	-	vector	370	75	3	11	
noaa_61592_DS1	835	artwork	-	vector	351	75	3	12	
noaa_61592_DS1	836	artwork	-	vector	411	75	3	14	
noaa_61592_DS1	837	artwork	-	vector	377	75	3	15	
noaa_61592_DS1	839	text	-	vector	463	60	5	64	
noaa_61592_DS1	840	text	-	vector	475	60	5	70	
noaa_61592_DS1	841	text	-	vector	464	38	3	30	
noaa_61592_DS1	842	text	-	vector	452	28	2	15	
noaa_61592_DS1	843	text	-	vector	484	60	5	63	
noaa_61592_DS1	843	text	-	vector	481	38	3	30	
noaa_61592_DS1	846	text	-	vector	457	38	3	28	
noaa_61592_DS1	849	text	-	vector	480	38	3	29	
noaa_61592_DS1	850	text	-	vector	480	38	3	29	
noaa_61592_DS1	851	text	-	vector	456	38	3	30	
noaa_61592_DS1	851	text	-	vector	483	38	3	32	
noaa_61592_DS1	851	text	-	vector	466	38	3	30	
noaa_61592_DS1	852	text	-	vector	486	38	3	28	
noaa_61592_DS1	852	text	-	vector	472	38	3	30	
noaa_61592_DS1	852	text	-	vector	482	49	4	47	
noaa_61592_DS1	855	artwork	-	raster	612	631	0	0	
noaa_61592_DS1	859	artwork	-	vector	152	23	1	3	
noaa_61592_DS1	861	artwork	-	vector	560	26	1	12	
noaa_61592_DS1	861	artwork	-	raster	375	53	0	0	
noaa_61592_DS1	861	artwork	-	vector	509	48	5	19	
noaa_61592_DS1	861	artwork	-	vector	21	21	0	0	
noaa_61592_DS1	861	artwork	-	vector	21	21	0	0	
noaa_61592_DS1	861	artwork	-	vector	509	393	38	131	
noaa_61592_DS1	862	artwork	-	vector	509	4	0	0	
noaa_61592_DS1	862	artwork	-	vector	21	21	0	0	
noaa_61592_DS1	862	artwork	-	vector	508	48	5	20	
noaa_61592_DS1	862	artwork	-	vector	21	21	0	0	
noaa_61592_DS1	862	artwork	-	vector	508	410	38	123	
noaa_61592_DS1	862	artwork	-	vector	509	124	14	40	
noaa_61592_DS1	863	artwork	-	vector	508	28	4	7	
noaa_61592_DS1	863	artwork	-	vector	508	4	0	0	
noaa_61592_DS1	863	artwork	-	vector	21	21	0	0	
noaa_61592_DS1	863	artwork	-	vector	18	21	0	0	
noaa_61592_DS1	863	artwork	-	vector	508	180	11	31	
noaa_61592_DS1	863	artwork	-	vector	508	351	44	113	
noaa_61592_DS1	864	artwork	-	raster	448	525	0	0	
noaa_61592_DS1	866	artwork	-	raster	462	500	0	0	
noaa_61592_DS1	867	artwork	-	vector	152	23	1	3	
noaa_61592_DS1	868	artwork	-	raster	418	212	0	0	
noaa_61592_DS1	870	artwork	-	vector	553	32	1	6	
noaa_61592_DS1	870	artwork	-	raster	454	236	0	0	
noaa_61592_DS1	871	artwork	-	vector	374	75	3	12	
noaa_61592_DS1	873	artwork	-	raster	425	264	0	0	
noaa_61592_DS1	874	artwork	-	vector	152	23	1	3	
noaa_61592_DS1	876	artwork	-	vector	152	23	1	3	
noaa_61592_DS1	878	artwork	-	vector	374	75	3	12	
noaa_61592_DS1	879	text	-	vector	483	38	3	35	
noaa_61592_DS1	880	text	-	vector	471	38	3	29	
noaa_61592_DS1	883	text	-	vector	468	38	3	28	
noaa_61592_DS1	883	text	-	vector	485	49	4	55	
noaa_61592_DS1	885	text	-	vector	480	49	4	50	
noaa_61592_DS1	891	text	-	vector	470	38	3	27	
noaa_61592_DS1	893	artwork	-	raster	612	631	0	0	
noaa_61592_DS1	897	artwork	-	raster	396	366	0	0	
noaa_61592_DS1	898	artwork	-	vector	301	75	3	14	
noaa_61592_DS1	900	artwork	-	raster	458	436	0	0	
noaa_61592_DS1	901	artwork	-	vector	316	75	3	14	
noaa_61592_DS1	902	artwork	-	raster	435	377	0	0	
noaa_61592_DS1	904	artwork	-	raster	388	253	0	0	
noaa_61592_DS1	906	artwork	-	vector	361	75	3	16	
noaa_61592_DS1	907	artwork	-	raster	469	213	0	0	
noaa_61592_DS1	910	artwork	-	vector	553	32	1	8	
noaa_61592_DS1	910	artwork	-	raster	508	173	0	0	
noaa_61592_DS1	912	artwork	-	vector	301	75	3	14	
noaa_61592_DS1	914	artwork	-	vector	316	75	3	14	
noaa_61592_DS1	916	artwork	-	vector	365	75	3	16	
noaa_61592_DS1	919	text	-	vector	477	49	4	47	
noaa_61592_DS1	923	text	-	vector	465	28	2	17	
noaa_61592_DS1	924	text	-	vector	484	38	3	31	
noaa_61592_DS1	926	text	-	vector	468	38	3	35	
noaa_61592_DS1	926	text	-	vector	466	38	3	32	
noaa_61592_DS1	927	text	-	vector	476	38	3	28	
noaa_61592_DS1	927	text	-	vector	476	38	3	29	
noaa_61592_DS1	928	text	-	vector	483	38	3	29	
noaa_61592_DS1	928	text	-	vector	444	38	3	28	
noaa_61592_DS1	928	text	-	vector	464	38	3	29	
noaa_61592_DS1	928	text	-	vector	484	38	3	34	
noaa_61592_DS1	929	text	-	vector	472	38	3	30	
noaa_61592_DS1	929	text	-	vector	483	38	3	29	
noaa_61592_DS1	930	text	-	vector	482	38	3	27	
noaa_61592_DS1	933	text	-	vector	478	49	4	44	
noaa_61592_DS1	934	artwork	-	raster	612	630	0	0	
noaa_61592_DS1	934	artwork	-	raster	94	114	0	0	
noaa_61592_DS1	938	artwork	-	vector	351	75	3	14	
noaa_61592_DS1	938	artwork	-	raster	321	290	0	0	
noaa_61592_DS1	939	artwork	-	raster	457	314	0	0	
noaa_61592_DS1	940	artwork	-	raster	394	202	0	0	
noaa_61592_DS1	942	artwork	-	vector	152	23	1	3	
noaa_61592_DS1	943	artwork	-	raster	334	273	0	0	
noaa_61592_DS1	944	artwork	-	raster	504	336	0	0	
noaa_61592_DS1	945	text	-	vector	506	77	6	91	
noaa_61592_DS1	945	artwork	-	raster	450	250	0	0	
noaa_61592_DS1	947	artwork	-	raster	463	538	1	5	
noaa_61592_DS1	949	artwork	-	vector	152	23	1	3	
noaa_61592_DS1	950	artwork	-	raster	478	192	0	0	
noaa_61592_DS1	952	artwork	-	vector	152	23	1	3	
noaa_61592_DS1	954	artwork	-	vector	560	29	1	15	
noaa_61592_DS1	954	artwork	-	vector	508	521	81	259	
noaa_61592_DS1	955	artwork	-	vector	508	19	4	9	
noaa_61592_DS1	955	artwork	-	vector	508	577	89	245	
noaa_61592_DS1	956	artwork	-	vector	553	32	1	11	
noaa_61592_DS1	957	artwork	-	vector	553	32	1	9	
noaa_61592_DS1	958	artwork	-	vector	152	23	1	3	
noaa_61592_DS1	959	artwork	-	raster	360	277	0	0	
noaa_61592_DS1	961	artwork	-	raster	448	236	0	0	
noaa_61592_DS1	963	artwork	-	vector	351	75	3	14	
noaa_61592_DS1	964	artwork	-	vector	152	23	1	3	
noaa_61592_DS1	965	artwork	-	vector	152	23	1	3	
noaa_61592_DS1	965	artwork	-	vector	152	23	1	3	
noaa_61592_DS1	966	artwork	-	vector	152	23	1	3	
noaa_61592_DS1	970	text	-	vector	470	38	3	28	
noaa_61592_DS1	973	text	-	vector	463	38	3	30	
noaa_61592_DS1	975	text	-	vector	481	38	3	33	
noaa_61592_DS1	976	text	-	vector	454	38	3	32	
noaa_61592_DS1	977	text	-	vector	466	38	3	28	
noaa_61592_DS1	981	equation	-	vector	478	43	3	24	
noaa_61592_DS1	982	equation	-	vector	444	43	3	19	
noaa_61592_DS1	985	artwork	-	raster	612	631	0	0	
noaa_61592_DS1	985	artwork	-	raster	138	138	0	0	
noaa_61592_DS1	991	artwork	-	vector	159	23	1	3	
noaa_61592_DS1	991	artwork	-	raster	381	238	0	0	
noaa_61592_DS1	992	artwork	-	raster	504	321	0	0	
noaa_61592_DS1	993	artwork	-	raster	504	292	0	0	
noaa_61592_DS1	994	artwork	-	raster	504	260	0	0	
noaa_61592_DS1	996	artwork	-	raster	425	195	0	0	
noaa_61592_DS1	999	artwork	-	raster	504	350	0	0	
noaa_61592_DS1	999	artwork	-	vector	553	32	1	9	
noaa_61592_DS1	1000	artwork	-	raster	394	261	0	0	
noaa_61592_DS1	1001	artwork	-	vector	152	23	1	3	
noaa_61592_DS1	1001	artwork	-	raster	464	232	0	0	
noaa_61592_DS1	1003	artwork	-	raster	462	217	0	0	
noaa_61592_DS1	1003	artwork	-	raster	252	163	0	0	
noaa_61592_DS1	1005	artwork	-	raster	504	271	0	0	
noaa_61592_DS1	1007	artwork	-	vector	448	75	3	13	
noaa_61592_DS1	1008	artwork	-	raster	504	352	0	0	
noaa_61592_DS1	1009	artwork	-	raster	395	365	0	0	
noaa_61592_DS1	1010	artwork	-	raster	504	277	0	0	
noaa_61592_DS1	1011	artwork	-	raster	431	439	0	0	
noaa_61592_DS1	1013	artwork	-	raster	457	264	0	0	
noaa_61592_DS1	1014	artwork	-	raster	416	273	0	0	
noaa_61592_DS1	1015	artwork	-	vector	152	23	1	3	
noaa_61592_DS1	1016	artwork	-	raster	426	366	0	0	
noaa_61592_DS1	1018	artwork	-	raster	421	447	0	0	
noaa_61592_DS1	1019	artwork	-	vector	553	32	1	8	
noaa_61592_DS1	1019	artwork	-	raster	508	263	3	23	
noaa_61592_DS1	1020	artwork	-	vector	152	23	1	3	
noaa_61592_DS1	1021	artwork	-	vector	152	23	1	3	
noaa_61592_DS1	1023	artwork	-	vector	448	75	3	13	
noaa_61592_DS1	1024	artwork	-	vector	152	23	1	3	
noaa_61592_DS1	1027	text	-	vector	481	38	3	32	
noaa_61592_DS1	1027	text	-	vector	458	49	4	47	
noaa_61592_DS1	1027	text	-	vector	483	38	3	30	
noaa_61592_DS1	1029	text	-	vector	482	38	3	32	
noaa_61592_DS1	1029	text	-	vector	479	38	3	30	
noaa_61592_DS1	1030	text	-	vector	479	38	3	28	
noaa_61592_DS1	1030	text	-	vector	485	38	3	33	
noaa_61592_DS1	1030	text	-	vector	474	38	3	31	
noaa_61592_DS1	1031	text	-	vector	468	38	3	30	
noaa_61592_DS1	1032	text	-	vector	481	38	3	29	
noaa_61592_DS1	1032	text	-	vector	473	49	4	48	
noaa_61592_DS1	1032	text	-	vector	476	38	3	29	
noaa_61592_DS1	1034	text	-	vector	484	38	3	32	
noaa_61592_DS1	1034	text	-	vector	475	49	4	49	
noaa_61592_DS1	1034	text	-	vector	454	38	3	32	
noaa_61592_DS1	1034	text	-	vector	479	38	3	30	
noaa_61592_DS1	1035	text	-	vector	481	38	3	30	
noaa_61592_DS1	1041	text	-	vector	460	38	3	33	
noaa_61592_DS1	1042	text	-	vector	477	38	3	34	
noaa_61592_DS1	1042	text	-	vector	472	38	3	35	
noaa_61592_DS1	1044	text	-	vector	484	38	3	31	
noaa_61592_DS1	1046	text	-	vector	460	38	3	29	
noaa_61592_DS1	1046	text	-	vector	482	38	3	30	
noaa_61592_DS1	1049	text	-	vector	472	38	3	32	
noaa_61592_DS1	1049	text	-	vector	466	49	4	46	
noaa_61592_DS1	1049	equation	-	vector	484	43	3	18	
noaa_61592_DS1	1050	artwork	-	raster	612	631	0	0	
noaa_61592_DS1	1050	artwork	-	raster	180	38	0	0	
noaa_61592_DS1	1055	artwork	-	raster	470	363	0	0	
noaa_61592_DS1	1056	artwork	-	vector	560	29	1	7	
noaa_61592_DS1	1056	artwork	-	vector	466	29	3	6	
noaa_61592_DS1	1056	artwork	-	vector	466	379	45	125	
noaa_61592_DS1	1057	artwork	-	vector	553	32	1	8	
noaa_61592_DS1	1059	artwork	-	vector	560	29	1	7	
noaa_61592_DS1	1059	artwork	-	vector	508	53	4	16	
noaa_61592_DS1	1059	artwork	-	vector	508	50	10	17	
noaa_61592_DS1	1060	artwork	-	raster	460	450	0	0	
noaa_61592_DS1	1061	artwork	-	vector	553	32	1	12	
noaa_61592_DS1	1061	artwork	-	vector	374	75	3	14	
noaa_61592_DS1	1062	artwork	-	raster	425	305	0	0	
noaa_61592_DS1	1063	artwork	-	raster	407	440	0	0	
noaa_61592_DS1	1067	artwork	-	vector	152	23	1	3	
noaa_61592_DS1	1067	artwork	-	raster	377	259	0	0	
noaa_61592_DS1	1068	artwork	-	raster	504	202	0	0	
noaa_61592_DS1	1070	artwork	-	raster	504	432	0	0	
noaa_61592_DS1	1071	artwork	-	vector	152	23	1	3	
noaa_61592_DS1	1073	artwork	-	raster	504	519	0	0	
noaa_61592_DS1	1074	artwork	-	raster	504	317	0	0	
noaa_61592_DS1	1076	artwork	-	vector	330	75	3	13	
noaa_61592_DS1	1077	artwork	-	raster	400	175	0	0	
noaa_61592_DS1	1078	artwork	-	raster	500	398	0	0	
noaa_61592_DS1	1079	artwork	-	vector	357	75	3	13	
noaa_61592_DS1	1081	artwork	-	raster	461	224	0	0	
noaa_61592_DS1	1082	artwork	-	vector	374	75	3	14	
noaa_61592_DS1	1084	artwork	-	vector	166	23	1	3	
noaa_61592_DS1	1085	artwork	-	vector	166	23	1	3	
noaa_61592_DS1	1086	artwork	-	vector	514	52	2	13	
noaa_61592_DS1	1087	artwork	-	vector	530	52	2	13	
noaa_61592_DS1	1089	text	-	vector	473	49	4	48	
noaa_61592_DS1	1092	text	-	vector	475	38	3	33	
noaa_61592_DS1	1093	text	-	vector	480	49	4	47	
noaa_61592_DS1	1093	text	-	vector	474	38	3	29	
noaa_61592_DS1	1094	text	-	vector	470	49	4	46	
noaa_61592_DS1	1094	text	-	vector	451	38	3	29	
noaa_61592_DS1	1095	text	-	vector	476	49	4	52	
noaa_61592_DS1	1096	text	-	vector	475	49	4	47	
noaa_61592_DS1	1098	text	-	vector	472	49	4	41	
noaa_61592_DS1	1098	text	-	vector	450	49	4	38	
noaa_61592_DS1	1098	text	-	vector	458	38	3	30	
noaa_61592_DS1	1100	text	-	vector	464	38	3	33	
noaa_61592_DS1	1102	text	-	vector	464	38	3	30	
noaa_61592_DS1	1103	text	-	vector	467	38	3	29	
noaa_61592_DS1	1104	text	-	vector	471	38	3	29	
noaa_61592_DS1	1107	artwork	-	raster	612	631	0	0	
noaa_61592_DS1	1107	artwork	-	raster	122	129	0	0	
noaa_61592_DS1	1112	artwork	-	vector	327	75	3	12	
noaa_61592_DS1	1113	artwork	-	raster	474	163	0	0	
noaa_61592_DS1	1114	artwork	-	raster	215	160	0	0	
noaa_61592_DS1	1115	artwork	-	raster	496	284	0	0	
noaa_61592_DS1	1117	artwork	-	raster	398	425	0	0	
noaa_61592_DS1	1118	artwork	-	vector	152	23	1	3	
noaa_61592_DS1	1119	artwork	-	raster	504	486	0	0	
noaa_61592_DS1	1121	artwork	-	raster	398	396	0	0	
noaa_61592_DS1	1123	artwork	-	vector	323	75	3	13	
noaa_61592_DS1	1124	artwork	-	raster	312	314	0	0	
noaa_61592_DS1	1125	artwork	-	raster	344	173	0	0	
noaa_61592_DS1	1126	artwork	-	vector	553	32	1	5	
noaa_61592_DS1	1127	artwork	-	vector	331	75	3	14	
noaa_61592_DS1	1128	artwork	-	raster	458	284	0	0	
noaa_61592_DS1	1130	artwork	-	raster	427	335	0	0	
noaa_61592_DS1	1132	artwork	-	vector	343	75	3	15	
noaa_61592_DS1	1133	artwork	-	raster	352	309	0	0	
noaa_61592_DS1	1134	artwork	-	raster	355	245	0	0	
noaa_61592_DS1	1135	artwork	-	vector	560	26	1	9	
noaa_61592_DS1	1135	artwork	-	vector	507	437	56	142	
noaa_61592_DS1	1137	artwork	-	raster	445	383	0	0	
noaa_61592_DS1	1139	artwork	-	vector	327	75	3	12	
noaa_61592_DS1	1141	artwork	-	vector	152	23	1	3	
noaa_61592_DS1	1142	artwork	-	vector	323	75	3	13	
noaa_61592_DS1	1144	artwork	-	vector	331	75	3	14	
noaa_61592_DS1	1145	artwork	-	vector	343	75	3	15	
noaa_61592_DS1	1148	text	-	vector	475	49	4	45	
noaa_61592_DS1	1148	text	-	vector	472	38	3	31	
noaa_61592_DS1	1148	text	-	vector	459	38	3	30	
noaa_61592_DS1	1149	text	-	vector	468	38	3	31	
noaa_61592_DS1	1151	text	-	vector	482	38	3	33	
noaa_61592_DS1	1153	text	-	vector	483	38	3	31	
noaa_61592_DS1	1153	equation	-	vector	479	64	5	51	
noaa_61592_DS1	1154	text	-	vector	469	60	5	62	
noaa_61592_DS1	1155	text	-	vector	467	38	3	31	
noaa_61592_DS1	1157	text	-	vector	457	38	3	31	
noaa_61592_DS1	1160	text	-	vector	484	38	3	30	
noaa_61592_DS1	1160	text	-	vector	460	38	3	29	
noaa_61592_DS1	1161	text	-	vector	479	38	3	29	
noaa_61592_DS1	1161	text	-	vector	485	38	3	31	
noaa_61592_DS1	1163	text	-	vector	451	38	3	27	
noaa_61592_DS1	1163	text	-	vector	479	38	3	29	
noaa_61592_DS1	1165	artwork	-	raster	612	631	0	0	
noaa_61592_DS1	1165	artwork	-	raster	134	100	0	0	
noaa_61592_DS1	1171	artwork	-	raster	385	340	0	0	
noaa_61592_DS1	1172	artwork	-	vector	152	23	1	3	
noaa_61592_DS1	1172	artwork	-	raster	304	260	0	0	
noaa_61592_DS1	1173	artwork	-	raster	504	197	0	0	
noaa_61592_DS1	1175	artwork	-	raster	504	308	0	0	
noaa_61592_DS1	1176	artwork	-	raster	504	303	0	0	
noaa_61592_DS1	1177	artwork	-	raster	477	286	0	0	
noaa_61592_DS1	1178	artwork	-	vector	353	75	3	13	
noaa_61592_DS1	1180	artwork	-	raster	442	543	0	0	
noaa_61592_DS1	1181	artwork	-	vector	152	23	1	3	
noaa_61592_DS1	1182	artwork	-	raster	417	479	0	0	
noaa_61592_DS1	1185	artwork	-	vector	152	23	1	3	
noaa_61592_DS1	1186	artwork	-	vector	553	32	1	6	
noaa_61592_DS1	1187	artwork	-	raster	504	201	0	0	
noaa_61592_DS1	1188	artwork	-	vector	152	23	1	3	
noaa_61592_DS1	1188	artwork	-	raster	346	257	0	0	
noaa_61592_DS1	1189	artwork	-	vector	553	32	1	9	
noaa_61592_DS1	1189	artwork	-	raster	508	321	1	3	
noaa_61592_DS1	1190	artwork	-	vector	553	32	1	5	
noaa_61592_DS1	1190	artwork	-	raster	508	530	10	102	
noaa_61592_DS1	1191	artwork	-	raster	508	158	0	0	
noaa_61592_DS1	1191	artwork	-	raster	508	258	0	0	
noaa_61592_DS1	1195	artwork	-	raster	504	426	0	0	
noaa_61592_DS1	1197	artwork	-	vector	152	23	1	3	
noaa_61592_DS1	1199	artwork	-	vector	353	75	3	13	
noaa_61592_DS1	1200	artwork	-	vector	152	23	1	3	
noaa_61592_DS1	1202	artwork	-	vector	152	23	1	3	
noaa_61592_DS1	1204	artwork	-	vector	152	23	1	3	
noaa_61592_DS1	1205	text	-	vector	453	38	3	31	
noaa_61592_DS1	1207	text	-	vector	482	38	3	33	
noaa_61592_DS1	1209	text	-	vector	483	38	3	35	
noaa_61592_DS1	1210	text	-	vector	479	28	2	15	
noaa_61592_DS1	1210	text	-	vector	466	38	3	29	
noaa_61592_DS1	1211	text	-	vector	475	38	3	33	
noaa_61592_DS1	1211	text	-	vector	465	38	3	25	
noaa_61592_DS1	1212	text	-	vector	471	38	3	31	
noaa_61592_DS1	1214	equation	-	vector	452	43	3	25	
noaa_61592_DS1	1215	text	-	vector	473	38	3	32	
noaa_61592_DS1	1221	text	-	vector	483	38	3	31	
noaa_61592_DS1	1223	artwork	-	raster	612	631	0	0	
noaa_61592_DS1	1223	artwork	-	raster	100	130	0	0	
noaa_61592_DS1	1228	artwork	-	raster	362	336	0	0	
noaa_61592_DS1	1229	artwork	-	vector	356	75	3	15	
noaa_61592_DS1	1229	artwork	-	raster	504	144	0	0	
noaa_61592_DS1	1230	artwork	-	vector	553	32	1	10	
noaa_61592_DS1	1231	artwork	-	raster	513	409	0	0	
noaa_61592_DS1	1233	artwork	-	vector	324	75	3	14	
noaa_61592_DS1	1233	artwork	-	raster	501	341	0	0	
noaa_61592_DS1	1234	artwork	-	raster	452	267	0	0	
noaa_61592_DS1	1235	artwork	-	raster	504	271	0	0	
noaa_61592_DS1	1236	artwork	-	vector	553	32	1	7	
noaa_61592_DS1	1236	artwork	-	raster	508	321	0	0	
noaa_61592_DS1	1237	artwork	-	raster	508	342	0	0	
noaa_61592_DS1	1239	artwork	-	raster	335	300	0	0	
noaa_61592_DS1	1240	artwork	-	raster	456	251	0	0	
noaa_61592_DS1	1241	artwork	-	vector	397	75	3	14	
noaa_61592_DS1	1241	artwork	-	raster	456	317	0	0	
noaa_61592_DS1	1243	artwork	-	raster	443	323	0	0	
noaa_61592_DS1	1244	artwork	-	raster	475	273	0	0	
noaa_61592_DS1	1245	artwork	-	raster	504	164	0	0	
noaa_61592_DS1	1245	artwork	-	raster	333	186	0	0	
noaa_61592_DS1	1247	artwork	-	raster	478	325	0	0	
noaa_61592_DS1	1248	artwork	-	vector	331	75	3	15	
noaa_61592_DS1	1249	artwork	-	raster	336	310	0	0	
noaa_61592_DS1	1250	artwork	-	vector	553	32	1	13	
noaa_61592_DS1	1251	artwork	-	raster	508	346	0	0	
noaa_61592_DS1	1252	artwork	-	raster	504	344	0	0	
noaa_61592_DS1	1253	artwork	-	vector	152	23	1	3	
noaa_61592_DS1	1254	artwork	-	raster	443	254	0	0	
noaa_61592_DS1	1256	artwork	-	raster	504	391	0	0	
noaa_61592_DS1	1257	artwork	-	raster	504	283	0	0	
noaa_61592_DS1	1258	artwork	-	vector	553	32	1	8	
noaa_61592_DS1	1259	artwork	-	raster	504	341	0	0	
noaa_61592_DS1	1261	artwork	-	vector	531	52	2	15	
noaa_61592_DS1	1262	artwork	-	vector	324	75	3	14	
noaa_61592_DS1	1263	artwork	-	vector	319	75	3	14	
noaa_61592_DS1	1265	artwork	-	vector	331	75	3	15	
noaa_61592_DS1	1266	artwork	-	vector	313	75	3	14	
noaa_61592_DS1	1270	text	-	vector	462	38	3	31	
noaa_61592_DS1	1273	equation	-	vector	486	43	3	32	
noaa_61592_DS1	1274	text	-	vector	484	38	3	34	
noaa_61592_DS1	1275	text	-	vector	465	38	3	29	
noaa_61592_DS1	1275	text	-	vector	464	38	3	30	
noaa_61592_DS1	1278	text	-	vector	466	38	3	28	
noaa_61592_DS1	1279	text	-	vector	444	38	3	27	
noaa_61592_DS1	1280	text	-	vector	480	38	3	25	
noaa_61592_DS1	1280	text	-	vector	487	38	3	28	
noaa_61592_DS1	1282	text	-	vector	482	38	3	32	
noaa_61592_DS1	1282	equation	-	vector	446	43	3	17	
noaa_61592_DS1	1282	equation	-	vector	454	43	3	26	
noaa_61592_DS1	1283	text	-	vector	477	38	3	29	
noaa_61592_DS1	1283	text	-	vector	465	38	3	30	
noaa_61592_DS1	1285	artwork	-	raster	612	631	0	0	
noaa_61592_DS1	1285	artwork	-	raster	118	102	0	0	
noaa_61592_DS1	1290	artwork	-	raster	430	445	0	0	
noaa_61592_DS1	1291	artwork	-	vector	560	29	1	9	
noaa_61592_DS1	1291	artwork	-	vector	508	27	4	4	
noaa_61592_DS1	1291	artwork	-	vector	508	78	12	16	
noaa_61592_DS1	1292	artwork	-	vector	414	75	3	14	
noaa_61592_DS1	1293	artwork	-	raster	434	565	0	0	
noaa_61592_DS1	1295	artwork	-	vector	324	75	3	14	
noaa_61592_DS1	1296	artwork	-	raster	368	491	0	0	
noaa_61592_DS1	1299	artwork	-	raster	504	491	0	0	
noaa_61592_DS1	1300	artwork	-	vector	553	32	1	6	
noaa_61592_DS1	1301	artwork	-	vector	347	75	3	14	
noaa_61592_DS1	1302	artwork	-	raster	416	230	0	0	
noaa_61592_DS1	1304	artwork	-	vector	553	32	1	10	
noaa_61592_DS1	1305	artwork	-	vector	391	75	3	16	
noaa_61592_DS1	1306	artwork	-	raster	504	298	0	0	
noaa_61592_DS1	1307	artwork	-	vector	553	32	1	11	
noaa_61592_DS1	1308	artwork	-	raster	467	441	0	0	
noaa_61592_DS1	1310	artwork	-	vector	152	23	1	3	
noaa_61592_DS1	1311	artwork	-	raster	454	201	0	0	
noaa_61592_DS1	1312	artwork	-	raster	411	381	0	0	
noaa_61592_DS1	1314	artwork	-	vector	152	23	1	3	
noaa_61592_DS1	1315	artwork	-	raster	448	453	0	0	
noaa_61592_DS1	1316	artwork	-	raster	468	318	0	0	
noaa_61592_DS1	1320	artwork	-	vector	414	75	3	14	
noaa_61592_DS1	1320	artwork	-	vector	560	58	3	20	
noaa_61592_DS1	1322	artwork	-	vector	324	75	3	14	
noaa_61592_DS1	1323	artwork	-	vector	391	75	3	14	
noaa_61592_DS1	1324	artwork	-	vector	391	75	3	16	
noaa_61592_DS1	1325	artwork	-	vector	152	23	1	3	
noaa_61592_DS1	1326	artwork	-	vector	152	23	1	3	
noaa_61592_DS1	1329	text	-	vector	482	38	3	30	
noaa_61592_DS1	1329	text	-	vector	461	49	4	46	
noaa_61592_DS1	1331	text	-	vector	469	38	3	28	
noaa_61592_DS1	1332	text	-	vector	481	38	3	31	
noaa_61592_DS1	1332	text	-	vector	460	38	3	28	
noaa_61592_DS1	1335	text	-	vector	485	38	3	34	
noaa_61592_DS1	1339	equation	-	vector	396	43	3	21	
noaa_61592_DS1	1340	text	-	vector	474	38	3	27	
noaa_61592_DS1	1341	text	-	vector	456	38	3	28	
noaa_61592_DS1	1341	text	-	vector	480	38	3	32	
noaa_61592_DS1	1342	text	-	vector	483	38	3	34	
noaa_61592_DS1	1344	text	-	vector	461	38	3	31	
noaa_61592_DS1	1346	text	-	vector	470	38	3	31	
noaa_61592_DS1	1347	text	-	vector	485	38	3	29	
noaa_61592_DS1	1351	text	-	vector	484	28	2	17	
noaa_61592_DS1	1351	text	-	vector	470	38	3	29	
noaa_61592_DS1	1351	text	-	vector	481	38	3	29	
noaa_61592_DS1	1352	text	-	vector	458	38	3	28	
noaa_61592_DS1	1352	text	-	vector	508	38	3	36	
noaa_61592_DS1	1352	text	-	vector	458	38	3	31	
noaa_61592_DS1	1352	text	-	vector	483	38	3	29	
noaa_61592_DS1	1354	artwork	-	raster	132	104	0	0	
noaa_61592_DS1	1354	artwork	-	raster	612	631	0	0	
noaa_61592_DS1	1360	artwork	-	raster	504	493	0	0	
noaa_61592_DS1	1362	artwork	-	vector	402	52	2	10	
noaa_61592_DS1	1363	artwork	-	raster	468	326	0	0	
noaa_61592_DS1	1365	artwork	-	vector	553	32	1	10	
noaa_61592_DS1	1365	artwork	-	raster	508	230	0	0	
noaa_61592_DS1	1366	artwork	-	vector	379	75	3	16	
noaa_61592_DS1	1367	artwork	-	raster	504	502	0	0	
noaa_61592_DS1	1369	artwork	-	raster	504	484	0	0	
noaa_61592_DS1	1371	artwork	-	vector	152	23	1	3	
noaa_61592_DS1	1372	artwork	-	raster	504	293	0	0	
noaa_61592_DS1	1375	artwork	-	vector	152	23	1	3	
noaa_61592_DS1	1376	artwork	-	raster	427	425	0	0	
noaa_61592_DS1	1378	artwork	-	raster	367	381	0	0	
noaa_61592_DS1	1379	artwork	-	vector	328	75	3	14	
noaa_61592_DS1	1380	artwork	-	raster	504	283	0	0	
noaa_61592_DS1	1384	artwork	-	vector	166	23	1	3	
noaa_61592_DS1	1386	artwork	-	vector	368	75	3	16	
noaa_61592_DS1	1388	artwork	-	vector	166	23	1	3	
noaa_61592_DS1	1389	artwork	-	vector	166	23	1	3	
noaa_61592_DS1	1391	artwork	-	vector	328	75	3	14	
noaa_61592_DS1	1393	text	-	vector	484	114	10	162	
noaa_61592_DS1	1395	text	-	vector	470	38	3	29	
noaa_61592_DS1	1395	text	-	vector	465	38	3	27	
noaa_61592_DS1	1396	text	-	vector	466	38	3	27	
noaa_61592_DS1	1398	text	-	vector	482	49	4	48	
noaa_61592_DS1	1398	text	-	vector	481	38	3	28	
noaa_61592_DS1	1401	text	-	vector	477	38	3	32	
noaa_61592_DS1	1402	equation	-	vector	455	43	3	28	
noaa_61592_DS1	1404	text	-	vector	479	38	3	31	
noaa_61592_DS1	1404	text	-	vector	455	38	3	29	
noaa_61592_DS1	1406	text	-	vector	467	38	3	29	
noaa_61592_DS1	1406	text	-	vector	484	49	4	57	
noaa_61592_DS1	1408	text	-	vector	484	49	4	50	
noaa_61592_DS1	1411	text	-	vector	485	38	3	34	
noaa_61592_DS1	1412	text	-	vector	479	38	3	33	
noaa_61592_DS1	1413	text	-	vector	470	38	3	29	
noaa_61592_DS1	1415	text	-	vector	470	38	3	27	
noaa_61592_DS1	1415	text	-	vector	483	38	3	31	
noaa_61592_DS1	1416	equation	-	vector	483	49	4	24	
noaa_61592_DS1	1419	text	-	vector	474	38	3	38	
noaa_61592_DS1	1420	artwork	-	raster	612	631	0	0	
noaa_61592_DS1	1420	artwork	-	raster	221	133	0	0	
noaa_61592_DS1	1424	artwork	-	raster	504	199	0	0	
noaa_61592_DS1	1427	artwork	-	raster	388	556	0	0	
noaa_61592_DS1	1428	artwork	-	vector	560	27	1	10	
noaa_61592_DS1	1428	artwork	-	vector	508	40	5	19	
noaa_61592_DS1	1428	artwork	-	vector	508	260	30	100	
noaa_61592_DS1	1429	artwork	-	vector	152	23	1	3	
noaa_61592_DS1	1430	artwork	-	raster	476	477	0	0	
noaa_61592_DS1	1433	artwork	-	vector	553	31	1	7	
noaa_61592_DS1	1433	artwork	-	raster	508	393	1	3	
noaa_61592_DS1	1434	artwork	-	vector	152	23	1	3	
noaa_61592_DS1	1435	artwork	-	raster	504	487	0	0	
noaa_61592_DS1	1437	artwork	-	vector	553	31	1	12	
noaa_61592_DS1	1437	artwork	-	raster	508	321	0	0	
noaa_61592_DS1	1438	artwork	-	vector	152	23	1	3	
noaa_61592_DS1	1439	artwork	-	raster	433	568	0	0	
noaa_61592_DS1	1441	artwork	-	vector	553	31	1	8	
noaa_61592_DS1	1441	artwork	-	raster	508	336	0	0	
noaa_61592_DS1	1442	artwork	-	vector	152	23	1	3	
noaa_61592_DS1	1443	artwork	-	raster	504	528	0	0	
noaa_61592_DS1	1444	artwork	-	vector	553	31	1	10	
noaa_61592_DS1	1444	artwork	-	raster	508	203	0	0	
noaa_61592_DS1	1445	artwork	-	vector	152	23	1	3	
noaa_61592_DS1	1446	artwork	-	raster	504	247	0	0	
noaa_61592_DS1	1448	artwork	-	vector	553	31	1	11	
noaa_61592_DS1	1448	artwork	-	raster	508	334	1	3	
noaa_61592_DS1	1449	artwork	-	vector	152	23	1	3	
noaa_61592_DS1	1450	artwork	-	raster	504	311	0	0	
noaa_61592_DS1	1452	artwork	-	vector	553	31	1	6	
noaa_61592_DS1	1452	artwork	-	raster	508	303	2	9	
noaa_61592_DS1	1453	artwork	-	vector	152	23	1	3	
noaa_61592_DS1	1454	artwork	-	raster	504	333	0	0	
noaa_61592_DS1	1455	artwork	-	raster	504	354	0	0	
noaa_61592_DS1	1457	artwork	-	vector	553	31	1	7	
noaa_61592_DS1	1457	artwork	-	raster	508	398	0	0	
noaa_61592_DS1	1458	artwork	-	vector	152	23	1	3	
noaa_61592_DS1	1459	artwork	-	vector	152	23	1	3	
noaa_61592_DS1	1460	artwork	-	vector	152	23	1	3	
noaa_61592_DS1	1461	artwork	-	vector	152	23	1	3	
noaa_61592_DS1	1461	artwork	-	vector	152	23	1	3	
noaa_61592_DS1	1463	artwork	-	vector	152	23	1	3	
noaa_61592_DS1	1463	artwork	-	vector	152	23	1	3	
noaa_61592_DS1	1465	text	-	vector	471	38	3	31	
noaa_61592_DS1	1465	equation	-	vector	471	43	3	22	
noaa_61592_DS1	1467	text	-	vector	476	38	3	31	
noaa_61592_DS1	1468	text	-	vector	485	49	4	47	
noaa_61592_DS1	1468	text	-	vector	482	38	3	28	
noaa_61592_DS1	1468	text	-	vector	485	38	3	30	
noaa_61592_DS1	1468	text	-	vector	477	38	3	31	
noaa_61592_DS1	1469	text	-	vector	484	38	3	32	
noaa_61592_DS1	1475	text	-	vector	468	27	2	12	
noaa_61592_DS1	1480	text	-	vector	482	38	3	29	
noaa_61592_DS1	1481	text	-	vector	484	38	3	29	
noaa_61592_DS1	1482	text	-	vector	464	38	3	28	
noaa_61592_DS1	1485	artwork	-	raster	216	100	0	0	
noaa_61592_DS1	1485	artwork	-	raster	612	631	0	0	
noaa_61592_DS1	1491	artwork	-	raster	504	367	0	0	
noaa_61592_DS1	1492	artwork	-	raster	431	549	0	0	
noaa_61592_DS1	1494	artwork	-	raster	504	391	0	0	
noaa_61592_DS1	1495	artwork	-	raster	504	479	0	0	
noaa_61592_DS1	1497	artwork	-	raster	453	555	0	0	
noaa_61592_DS1	1498	artwork	-	vector	604	26	1	11	
noaa_61592_DS1	1498	artwork	-	vector	596	316	101	257	
noaa_61592_DS1	1498	artwork	-	vector	596	4	0	0	
noaa_61592_DS1	1498	artwork	-	vector	596	104	12	23	
noaa_61592_DS1	1499	artwork	-	vector	596	405	113	283	
noaa_61592_DS1	1500	artwork	-	vector	553	32	1	8	
noaa_61592_DS1	1501	artwork	-	vector	152	23	1	3	
noaa_61592_DS1	1503	artwork	-	vector	553	32	1	8	
noaa_61592_DS1	1503	artwork	-	raster	508	326	2	8	
noaa_61592_DS1	1504	artwork	-	vector	553	32	1	7	
noaa_61592_DS1	1504	artwork	-	raster	508	308	0	0	
noaa_61592_DS1	1505	artwork	-	vector	316	75	3	13	
noaa_61592_DS1	1506	artwork	-	raster	504	354	0	0	
noaa_61592_DS1	1508	artwork	-	raster	504	325	0	0	
noaa_61592_DS1	1509	artwork	-	vector	366	75	3	15	
noaa_61592_DS1	1510	artwork	-	raster	504	368	0	0	
noaa_61592_DS1	1511	artwork	-	raster	504	233	0	0	
noaa_61592_DS1	1514	artwork	-	vector	343	75	3	14	
noaa_61592_DS1	1515	artwork	-	vector	553	32	1	5	
noaa_61592_DS1	1515	artwork	-	raster	504	267	0	0	
noaa_61592_DS1	1517	artwork	-	raster	504	356	0	0	
noaa_61592_DS1	1518	artwork	-	raster	504	284	0	0	
noaa_61592_DS1	1519	artwork	-	vector	152	23	1	3	
noaa_61592_DS1	1519	artwork	-	raster	436	162	0	0	
noaa_61592_DS1	1520	artwork	-	vector	553	32	1	8	
noaa_61592_DS1	1521	artwork	-	raster	489	154	0	0	
noaa_61592_DS1	1522	artwork	-	vector	152	23	1	3	
noaa_61592_DS1	1524	artwork	-	vector	316	75	3	13	
noaa_61592_DS1	1526	artwork	-	vector	366	75	3	15	
noaa_61592_DS1	1527	artwork	-	vector	351	75	3	14	
noaa_61592_DS1	1529	artwork	-	vector	152	23	1	3	
noaa_61592_DS1	1530	text	-	vector	448	28	2	14	
noaa_61592_DS1	1531	text	-	vector	473	49	4	44	
noaa_61592_DS1	1531	text	-	vector	481	49	4	55	
noaa_61592_DS1	1531	equation	-	vector	487	43	3	28	
noaa_61592_DS1	1532	text	-	vector	443	38	3	31	
noaa_61592_DS1	1533	text	-	vector	473	49	4	48	
noaa_61592_DS1	1533	text	-	vector	477	70	6	81	
noaa_61592_DS1	1534	text	-	vector	441	38	3	30	
noaa_61592_DS1	1535	text	-	vector	475	38	3	35	
noaa_61592_DS1	1537	text	-	vector	484	60	5	72	
noaa_61592_DS1	1540	text	-	vector	478	49	4	51	
noaa_61592_DS1	1542	text	-	vector	480	60	5	69	
noaa_61592_DS1	1543	text	-	vector	464	38	3	33	
noaa_61592_DS1	1543	text	-	vector	477	38	3	32	
noaa_61592_DS1	1545	equation	-	vector	486	155	13	183	
noaa_61592_DS1	1546	text	-	vector	484	38	3	32	
noaa_61592_DS1	1546	text	-	vector	482	38	3	28	
noaa_61592_DS1	1546	text	-	vector	447	38	3	31	
noaa_61592_DS1	1547	equation	-	vector	474	43	3	21	
noaa_61592_DS1	1548	text	-	vector	477	38	3	34	
noaa_61592_DS1	1549	text	-	vector	485	28	2	19	
noaa_61592_DS1	1549	text	-	vector	475	38	3	33	
noaa_61592_DS1	1549	equation	-	vector	390	43	3	20	
noaa_61592_DS1	1550	text	-	vector	480	38	3	32	
noaa_61592_DS1	1551	text	-	vector	476	49	4	42	
noaa_61592_DS1	1552	text	-	vector	468	49	4	47	
noaa_61592_DS1	1552	text	-	vector	473	49	4	52	
noaa_61592_DS1	1554	text	-	vector	492	38	3	27	
noaa_61592_DS1	1554	text	-	vector	468	38	3	33	
noaa_61592_DS1	1555	text	-	vector	469	38	3	31	
noaa_61592_DS1	1557	text	-	vector	461	38	3	32	
noaa_61592_DS1	1558	text	-	vector	475	49	4	49	
noaa_61592_DS1	1558	text	-	vector	465	38	3	31	
noaa_61592_DS1	1559	text	-	vector	479	38	3	33	
noaa_61592_DS1	1559	text	-	vector	468	38	3	29	
noaa_61592_DS1	1559	text	-	vector	470	38	3	32	
noaa_61592_DS1	1560	artwork	-	raster	612	631	0	0	
noaa_61592_DS1	1565	artwork	-	vector	560	26	1	6	
noaa_61592_DS1	1565	artwork	-	vector	508	4	0	0	
noaa_61592_DS1	1565	artwork	-	vector	508	19	2	2	
noaa_61592_DS1	1566	artwork	-	vector	303	75	3	17	
noaa_61592_DS1	1567	artwork	-	raster	504	389	0	0	
noaa_61592_DS1	1568	artwork	-	vector	553	32	1	11	
noaa_61592_DS1	1570	artwork	-	vector	152	23	1	3	
noaa_61592_DS1	1572	artwork	-	raster	430	257	0	0	
noaa_61592_DS1	1573	artwork	-	vector	324	75	3	13	
noaa_61592_DS1	1576	artwork	-	raster	504	271	0	0	
noaa_61592_DS1	1577	artwork	-	vector	324	75	3	13	
noaa_61592_DS1	1578	artwork	-	raster	504	340	0	0	
noaa_61592_DS1	1580	artwork	-	vector	152	23	1	3	
noaa_61592_DS1	1582	artwork	-	vector	560	27	1	13	
noaa_61592_DS1	1582	artwork	-	vector	508	38	5	15	
noaa_61592_DS1	1582	artwork	-	vector	508	66	8	34	
noaa_61592_DS1	1583	artwork	-	vector	308	75	3	15	
noaa_61592_DS1	1585	artwork	-	raster	451	188	0	0	
noaa_61592_DS1	1589	artwork	-	vector	303	75	3	17	
noaa_61592_DS1	1590	artwork	-	vector	152	23	1	3	
noaa_61592_DS1	1591	artwork	-	vector	324	75	3	13	
noaa_61592_DS1	1593	artwork	-	vector	324	75	3	13	
noaa_61592_DS1	1593	artwork	-	vector	152	23	1	3	
noaa_61592_DS1	1595	artwork	-	vector	308	75	3	15	
noaa_61592_DS1	1600	text	-	vector	473	49	4	47	
noaa_61592_DS1	1600	text	-	vector	475	38	3	32	
noaa_61592_DS1	1601	text	-	vector	484	38	3	29	
noaa_61592_DS1	1602	text	-	vector	484	38	3	30	
noaa_61592_DS1	1602	text	-	vector	457	38	3	28	
noaa_61592_DS1	1602	text	-	vector	483	38	3	29	
noaa_61592_DS1	1603	text	-	vector	456	38	3	28	
noaa_61592_DS1	1603	text	-	vector	477	38	3	29	
noaa_61592_DS1	1606	text	-	vector	473	49	4	48	
noaa_61592_DS1	1606	text	-	vector	477	38	3	29	
noaa_61592_DS1	1607	text	-	vector	481	38	3	31	
noaa_61592_DS1	1608	text	-	vector	457	49	4	47	
noaa_61592_DS1	1608	text	-	vector	475	49	4	46	
noaa_61592_DS1	1610	text	-	vector	468	81	7	106	
noaa_61592_DS1	1611	text	-	vector	480	49	4	52	
noaa_61592_DS1	1611	text	-	vector	461	38	3	32	
noaa_61592_DS1	1611	text	-	vector	460	49	4	41	
noaa_61592_DS1	1612	text	-	vector	464	38	3	29	
noaa_61592_DS1	1613	text	-	vector	471	49	4	47	
noaa_61592_DS1	1613	text	-	vector	474	38	3	31	
noaa_61592_DS1	1613	text	-	vector	481	38	3	34	
noaa_61592_DS1	1614	text	-	vector	480	38	3	32	
noaa_61592_DS1	1618	text	-	vector	482	38	3	29	
noaa_61592_DS1	1619	artwork	-	raster	612	631	0	0	
noaa_61592_DS1	1624	artwork	-	vector	152	23	1	3	
noaa_61592_DS1	1625	artwork	-	raster	468	250	0	0	
noaa_61592_DS1	1626	artwork	-	raster	400	226	0	0	
noaa_61592_DS1	1627	artwork	-	raster	468	188	0	0	
noaa_61592_DS1	1628	artwork	-	raster	468	272	0	0	
noaa_61592_DS1	1629	artwork	-	raster	463	210	0	0	
noaa_61592_DS1	1630	artwork	-	raster	467	251	0	0	
noaa_61592_DS1	1631	artwork	-	vector	152	23	1	3	
noaa_61592_DS1	1631	artwork	-	raster	464	186	0	0	
noaa_61592_DS1	1633	artwork	-	raster	504	369	0	0	
noaa_61592_DS1	1634	artwork	-	raster	451	540	0	0	
noaa_61592_DS1	1635	artwork	-	raster	504	200	0	0	
noaa_61592_DS1	1636	artwork	-	raster	504	178	0	0	
noaa_61592_DS1	1638	text	-	vector	505	101	8	123	
noaa_61592_DS1	1638	artwork	-	raster	504	276	0	0	
noaa_61592_DS1	1639	artwork	-	vector	157	23	1	3	
noaa_61592_DS1	1640	artwork	-	vector	553	32	1	3	
noaa_61592_DS1	1641	artwork	-	raster	508	480	0	0	
noaa_61592_DS1	1642	artwork	-	vector	553	32	1	5	
noaa_61592_DS1	1643	artwork	-	raster	508	201	0	0	
noaa_61592_DS1	1644	artwork	-	vector	152	23	1	3	
noaa_61592_DS1	1645	artwork	-	raster	504	356	0	0	
noaa_61592_DS1	1647	artwork	-	raster	361	471	0	0	
noaa_61592_DS1	1649	artwork	-	raster	504	259	0	0	
noaa_61592_DS1	1651	artwork	-	raster	504	291	0	0	
noaa_61592_DS1	1652	artwork	-	raster	504	509	0	0	
noaa_61592_DS1	1653	artwork	-	vector	152	23	1	3	
noaa_61592_DS1	1654	artwork	-	raster	504	421	0	0	
noaa_61592_DS1	1655	artwork	-	raster	504	512	0	0	
noaa_61592_DS1	1657	artwork	-	raster	493	543	0	0	
noaa_61592_DS1	1658	artwork	-	raster	459	339	0	0	
noaa_61592_DS1	1659	artwork	-	vector	553	32	1	12	
noaa_61592_DS1	1660	artwork	-	vector	152	23	1	3	
noaa_61592_DS1	1661	artwork	-	vector	152	23	1	3	
noaa_61592_DS1	1662	artwork	-	vector	297	75	3	14	
noaa_61592_DS1	1662	artwork	-	vector	152	23	1	3	
noaa_61592_DS1	1663	artwork	-	vector	152	23	1	3	
noaa_61592_DS1	1664	text	-	vector	484	38	3	30	
noaa_61592_DS1	1665	text	-	vector	483	70	6	110	
noaa_61592_DS1	1665	text	-	vector	464	38	3	33	
noaa_61592_DS1	1665	text	-	vector	473	38	3	34	
noaa_61592_DS1	1667	text	-	vector	470	38	3	33	
noaa_61592_DS1	1669	text	-	vector	454	38	3	28	
noaa_61592_DS1	1669	text	-	vector	474	38	3	31	
noaa_61592_DS1	1670	text	-	vector	483	38	3	31	
noaa_61592_DS1	1670	text	-	vector	471	38	3	33	
noaa_61592_DS1	1672	text	-	vector	474	38	3	31	
noaa_61592_DS1	1679	text	-	vector	458	38	3	30	
noaa_61592_DS1	1679	text	-	vector	478	38	3	31	
noaa_61592_DS1	1680	text	-	vector	478	38	3	32	
noaa_61592_DS1	1681	text	-	vector	468	38	3	34	
noaa_61592_DS1	1681	text	-	vector	460	38	3	29	
noaa_61592_DS1	1681	text	-	vector	481	38	3	31	
noaa_61592_DS1	1682	text	-	vector	498	38	3	32	
noaa_61592_DS1	1682	text	-	vector	480	38	3	29	
noaa_61592_DS1	1684	text	-	vector	467	38	3	30	
noaa_61592_DS1	1684	text	-	vector	469	38	3	28	
noaa_61592_DS1	1685	text	-	vector	466	38	3	28	
noaa_61592_DS1	1686	text	-	vector	483	38	3	36	
noaa_61592_DS1	1686	text	-	vector	473	38	3	32	
noaa_61592_DS1	1686	text	-	vector	473	38	3	29	
noaa_61592_DS1	1687	text	-	vector	485	38	3	33	
noaa_61592_DS1	1687	text	-	vector	474	49	4	51	
noaa_61592_DS1	1688	text	-	vector	479	38	3	33	
noaa_61592_DS1	1689	artwork	-	raster	612	631	0	0	
noaa_61592_DS1	1694	artwork	-	raster	426	519	0	0	
noaa_61592_DS1	1696	text	-	vector	469	38	3	28	
noaa_61592_DS1	1699	artwork	-	raster	612	631	0	0	
noaa_61592_DS1	1702	artwork	-	raster	475	569	0	0	
noaa_61592_DS1	1706	text	-	vector	436	38	3	28	
noaa_61592_DS1	1710	artwork	-	raster	612	631	0	0	
noaa_61592_DS1	1713	artwork	-	vector	560	26	1	11	
noaa_61592_DS1	1713	artwork	-	vector	508	19	3	9	
noaa_61592_DS1	1713	artwork	-	vector	508	4	0	0	
noaa_61592_DS1	1715	artwork	-	raster	504	345	0	0	
noaa_61592_DS1	1718	text	-	vector	479	49	4	49	
noaa_61592_DS1	1719	text	-	vector	463	38	3	28	
noaa_61592_DS1	1720	artwork	-	raster	612	631	0	0	
noaa_61592_DS1	1724	text	-	vector	508	101	8	116	
noaa_61592_DS1	1724	artwork	-	raster	504	412	0	0	
noaa_61592_DS1	1726	text	-	vector	429	28	2	14	
noaa_61592_DS1	1726	text	-	vector	474	38	3	38	
noaa_61592_DS1	1728	artwork	-	raster	612	631	0	0	
noaa_61592_DS1	1731	artwork	-	raster	517	398	0	0	
noaa_61592_DS1	1735	text	-	vector	463	38	3	32	
noaa_61592_DS1	1735	text	-	vector	470	49	4	49	
noaa_61592_DS1	1737	artwork	-	raster	612	631	0	0	
noaa_61592_DS1	1739	artwork	-	vector	560	44	3	10	
noaa_61592_DS1	1740	artwork	-	raster	504	104	0	0	
noaa_61592_DS1	1741	artwork	-	raster	468	209	0	0	
noaa_61592_DS1	1745	artwork	-	raster	612	631	0	0	
noaa_61592_DS1	1750	artwork	-	raster	612	631	0	0	
noaa_61592_DS1	1753	artwork	-	vector	553	32	1	11	
noaa_61592_DS1	1754	artwork	-	raster	460	304	0	0	
noaa_61592_DS1	1756	artwork	-	vector	560	26	1	7	
noaa_61592_DS1	1756	artwork	-	vector	508	64	17	38	
noaa_61592_DS1	1756	artwork	-	vector	508	96	21	27	
noaa_61592_DS1	1756	artwork	-	vector	508	4	0	0	
noaa_61592_DS1	1760	artwork	-	raster	612	631	0	0	
noaa_61592_DS1	1765	artwork	-	raster	485	376	0	0	
noaa_61592_DS1	1767	artwork	-	vector	553	32	1	5	
noaa_61592_DS1	1767	artwork	-	raster	508	480	1	3	
noaa_61592_DS1	1768	artwork	-	vector	508	156	15	55	
noaa_61592_DS1	1769	artwork	-	vector	560	26	1	5	
noaa_61592_DS1	1769	artwork	-	vector	500	586	53	154	
noaa_61592_DS1	1770	artwork	-	vector	500	4	0	0	
noaa_61592_DS1	1770	artwork	-	vector	500	32	4	7	
noaa_61592_DS1	1770	artwork	-	vector	22	26	0	0	
noaa_61592_DS1	1770	artwork	-	vector	500	518	46	128	
noaa_61592_DS1	1770	artwork	-	vector	406	23	2	13	
noaa_61592_DS1	1771	artwork	-	raster	467	270	0	0	
noaa_61592_DS1	1773	artwork	-	raster	442	320	0	0	
noaa_61592_DS1	1774	artwork	-	raster	430	294	0	0	
noaa_61592_DS1	1775	artwork	-	raster	458	269	0	0	
noaa_61592_DS1	1776	artwork	-	raster	504	396	0	0	
noaa_61592_DS1	1777	artwork	-	raster	448	264	0	0	
noaa_61592_DS1	1778	artwork	-	raster	370	327	1	5	
noaa_61592_DS1	1779	artwork	-	raster	428	325	0	0	
noaa_61592_DS1	1780	artwork	-	raster	444	542	0	0	
noaa_61592_DS1	1782	artwork	-	raster	482	528	0	0	
noaa_61592_DS1	1784	artwork	-	raster	454	409	0	0	
noaa_61592_DS1	1785	artwork	-	raster	485	455	0	0	
noaa_61592_DS1	1787	artwork	-	raster	480	449	0	0	
noaa_61592_DS1	1789	artwork	-	raster	399	487	0	0	
noaa_61592_DS1	1790	artwork	-	raster	504	217	0	0	
noaa_61592_DS1	1792	text	-	vector	469	38	3	31	
noaa_61592_DS1	1794	text	-	vector	465	38	3	27	
noaa_61592_DS1	1795	text	-	vector	478	49	4	48	
noaa_61592_DS1	1797	text	-	vector	483	38	3	28	
noaa_61592_DS1	1797	text	-	vector	448	38	3	29	
noaa_61592_DS1	1798	artwork	-	raster	612	631	0	0	
noaa_61592_DS1	1801	artwork	-	vector	526	20	2	2	
noaa_61592_DS1	1801	artwork	-	vector	526	4	0	0	
noaa_61592_DS1	1803	artwork	-	vector	526	20	2	2	
noaa_61592_DS1	1803	artwork	-	vector	526	4	0	0	
noaa_61592_DS1	1804	artwork	-	vector	526	66	6	60	
noaa_61592_DS1	1806	artwork	-	vector	526	20	2	2	
noaa_61592_DS1	1807	artwork	-	vector	526	20	2	2	
noaa_61592_DS1	1807	artwork	-	vector	526	4	0	0	
noaa_61592_DS1	1809	artwork	-	vector	526	20	2	2	
noaa_61592_DS1	1809	artwork	-	vector	526	66	6	62	
noaa_61592_DS1	1810	artwork	-	vector	526	4	0	0	
noaa_61592_DS1	1812	artwork	-	vector	526	20	2	2	
noaa_61592_DS1	1812	artwork	-	vector	526	87	8	83	
noaa_61592_DS1	1814	artwork	-	vector	526	20	2	2	
noaa_61592_DS1	1815	artwork	-	vector	526	20	2	2	
noaa_61592_DS1	1815	artwork	-	vector	526	4	0	0	
noaa_61592_DS1	1816	artwork	-	vector	526	4	0	0	
noaa_61592_DS1	1817	artwork	-	vector	526	20	2	2	
noaa_61592_DS1	1818	artwork	-	vector	526	20	2	2	
noaa_61592_DS1	1818	artwork	-	vector	526	44	4	32	
noaa_61592_DS1	1819	artwork	-	vector	526	4	0	0	
noaa_61592_DS1	1821	artwork	-	vector	526	20	2	2	
noaa_61592_DS1	1821	artwork	-	vector	526	131	14	139	
noaa_61592_DS1	1823	artwork	-	vector	526	20	2	2	
noaa_61592_DS1	1824	artwork	-	vector	526	20	2	2	
noaa_61592_DS1	1825	artwork	-	vector	526	20	2	2	
noaa_61592_DS1	1825	artwork	-	vector	526	4	0	0	
noaa_61592_DS1	1827	artwork	-	vector	526	20	2	2	
noaa_61592_DS1	1827	artwork	-	vector	526	44	4	33	
noaa_61592_DS1	1828	equation	-	vector	477	43	3	22	
noaa_61592_DS1	1831	text	-	vector	481	49	4	47	
noaa_61592_DS1	1832	equation	-	vector	470	38	3	16	
noaa_61592_DS1	1834	unsupported	-	-	0	0	0	0	
rrs2002-01	2	artwork	-	vector	61	4	0	0	
rrs2002-01	5	equation	-	vector	227	29	3	9	
rrs2002-01	5	equation	-	vector	350	55	5	33	
rrs2002-01	5	equation	-	vector	135	28	1	6	
rrs2002-01	7	equation	-	vector	350	80	8	43	
rrs2002-01	8	text	-	vector	350	36	3	39	
rrs2002-01	8	equation	-	vector	19	28	2	2	
rrs2002-01	8	artwork	-	vector	125	38	10	16	
rrs2002-01	8	equation	-	vector	101	36	11	14	
rrs2002-01	9	equation	-	vector	44	28	2	3	
rrs2002-01	9	equation	-	vector	285	62	11	23	
rrs2002-01	9	equation	-	vector	283	62	8	22	
rrs2002-01	9	equation	-	vector	48	35	2	3	
rrs2002-01	10	equation	-	vector	136	28	2	3	
rrs2002-01	10	equation	-	vector	165	28	2	2	
rrs2002-01	10	equation	-	vector	141	28	2	3	
rrs2002-01	10	equation	-	vector	125	84	6	9	
rrs2002-01	17	equation	-	vector	354	19	1	3	
rrs2002-01	18	text	-	vector	350	13	1	15	
rrs2002-01	18	equation	-	vector	44	14	1	2	
rrs2002-01	18	equation	-	vector	225	12	1	7	
rrs2002-01	18	equation	-	vector	316	31	1	6	
rrs2002-01	19	equation	-	vector	51	29	3	4	
rrs2002-01	19	equation	-	vector	214	42	3	9	
rrs2002-01	19	equation	-	vector	188	32	4	11	
rrs2002-01	19	text	-	vector	350	24	2	20	
rrs2002-01	19	equation	-	vector	79	90	11	12	
rrs2002-01	20	equation	-	vector	126	29	4	8	
the-fed-explained	1	artwork	-	raster	612	348	0	0	
the-fed-explained	1	artwork	-	vector	74	74	0	0	
the-fed-explained	3	artwork	-	raster	612	348	0	0	
the-fed-explained	3	artwork	-	vector	75	75	0	0	
the-fed-explained	7	artwork	-	raster	612	792	0	0	
the-fed-explained	9	artwork	-	vector	436	284	0	0	
the-fed-explained	10	artwork	-	vector	436	302	3	28	
the-fed-explained	11	artwork	-	vector	437	289	0	0	
the-fed-explained	13	artwork	-	vector	437	233	0	0	
the-fed-explained	15	artwork	-	vector	437	370	2	26	
the-fed-explained	17	artwork	-	vector	437	223	0	0	
the-fed-explained	18	artwork	-	vector	437	338	5	59	
the-fed-explained	20	artwork	-	vector	438	205	0	0	
the-fed-explained	25	artwork	-	vector	437	112	0	0	
the-fed-explained	29	artwork	-	vector	437	248	0	0	
the-fed-explained	39	artwork	-	vector	435	187	2	14	
the-fed-explained	40	artwork	-	vector	436	225	12	137	
the-fed-explained	44	artwork	-	vector	436	168	0	0	
the-fed-explained	45	artwork	-	vector	437	412	0	0	
the-fed-explained	51	artwork	-	vector	437	198	0	0	
the-fed-explained	54	artwork	-	vector	437	174	44	112	
the-fed-explained	55	artwork	-	vector	437	253	1	6	
the-fed-explained	59	artwork	-	vector	437	234	0	0	
the-fed-explained	62	artwork	-	vector	437	467	2	9	
the-fed-explained	67	artwork	-	vector	437	354	3	38	
the-fed-explained	68	artwork	-	vector	436	237	1	7	
the-fed-explained	69	artwork	-	vector	437	322	0	0	
the-fed-explained	70	artwork	-	vector	437	202	0	0	
the-fed-explained	75	artwork	-	vector	437	280	50	195	
the-fed-explained	77	artwork	-	vector	437	434	52	270	
the-fed-explained	86	artwork	captioned	vector	436	272	47	257	Figure 5.8. International evolutions: The Basel Capital Accord
the-fed-explained	89	artwork	-	vector	437	291	0	0	
the-fed-explained	93	artwork	captioned	vector	436	206	0	0	Figure 6.2. Total noncash payments (Federal Reserve and private sector), 2019
the-fed-explained	95	artwork	-	vector	437	334	25	138	
the-fed-explained	96	artwork	-	vector	436	255	1	4	
the-fed-explained	98	artwork	-	vector	436	255	1	5	
the-fed-explained	100	artwork	-	vector	436	255	1	2	
the-fed-explained	102	artwork	-	vector	437	334	30	105	
the-fed-explained	103	artwork	-	raster	437	384	31	238	
the-fed-explained	105	artwork	-	vector	436	255	1	8	
the-fed-explained	111	artwork	-	vector	436	283	13	13	
the-fed-explained	113	artwork	-	vector	436	284	3	12	
the-fed-explained	117	artwork	-	vector	436	239	0	0	
the-fed-explained	126	artwork	-	raster	435	250	1	4	
the-fed-explained	128	artwork	-	vector	436	161	12	60	
the-fed-explained	130	artwork	-	vector	437	342	6	62	
the-fed-explained	132	artwork	-	raster	436	225	1	6	
the-fed-explained	135	artwork	-	raster	612	278	0	0	
the-fed-explained	135	artwork	-	vector	46	46	0	0	
