book	page	tokens	numericTokens	english	damaged	neutral	misread	englishShare	misreadShare	numericShare	letters	foreignLetters	uncoveredRows	uncoveredFraction	fails	recognitionFails	examples
agresearch	1	28	3	22	0	2	0	1.000	0.000	0.107	164	0	2	1.000	-	-	
agresearch	20	568	34	479	19	41	4	0.962	0.007	0.060	2819	0	0	0.000	-	-	pH pH pH
agresearch	21	551	16	483	14	52	6	0.972	0.011	0.029	2712	0	0	0.000	-	-	rtificial eco eco
bluebook	1	63	13	28	5	11	3	0.848	0.068	0.206	201	0	2	0.135	-	-	qgo accc additior
bluebook	2	63	5	54	1	3	0	0.982	0.000	0.079	303	0	2	0.055	-	-	
bluebook	3	121	13	40	7	20	0	0.851	0.000	0.107	190	0	4	0.070	-	-	
bluebook	4	66	10	43	6	7	2	0.878	0.036	0.152	233	0	0	0.000	-	-	USt ONlY
bluebook	5	358	42	303	3	2	2	0.990	0.006	0.117	1718	0	0	0.000	-	-	vii iii
bluebook	6	458	55	390	1	9	0	0.997	0.000	0.120	2250	0	0	0.000	-	-	
bluebook	7	287	22	236	3	26	0	0.987	0.000	0.077	1151	0	0	0.000	-	-	
bluebook	8	506	7	480	15	9	10	0.970	0.020	0.014	2642	0	0	0.000	-	-	unidentified unidentified unidentified
bluebook	9	434	37	369	13	13	8	0.966	0.020	0.085	1953	0	0	0.000	-	-	informa tion indi
bluebook	10	226	7	202	7	1	3	0.967	0.014	0.031	1034	0	0	0.000	-	-	unidentified unidentified unidentified
bluebook	11	503	17	445	18	23	7	0.961	0.014	0.034	2356	0	0	0.000	-	-	chainlike unidentified unidentified
bluebook	12	457	10	431	13	3	5	0.971	0.011	0.022	2320	0	0	0.000	-	-	hysical unidentified precedented
bluebook	13	469	7	444	9	9	3	0.980	0.006	0.015	2259	0	0	0.000	-	-	condensations mem bers
bluebook	14	414	19	383	11	3	3	0.972	0.008	0.046	1972	0	0	0.000	-	-	unidentified unidentified unidentified
bluebook	15	497	6	466	16	8	7	0.967	0.014	0.012	2388	0	0	0.000	-	-	crete suggestibility identifica
bluebook	16	486	3	465	11	12	4	0.977	0.008	0.006	2331	0	0	0.000	-	-	trans lation unidentified
bluebook	17	398	5	380	16	2	9	0.960	0.023	0.013	1935	0	0	0.000	-	-	num ber misplacement
bluebook	18	356	29	310	8	4	6	0.975	0.019	0.081	1595	0	0	0.000	-	-	phenom enon lto
bluebook	19	416	15	394	3	1	3	0.992	0.008	0.036	2111	0	0	0.000	-	-	subserial direc tion
bluebook	20	373	5	353	12	1	3	0.967	0.008	0.013	1905	0	0	0.000	-	-	aration pressions etc
bluebook	21	424	7	403	11	1	5	0.973	0.012	0.017	2071	0	0	0.000	-	-	unidentified prima facie
bluebook	22	362	1	347	7	5	4	0.980	0.011	0.003	1908	0	0	0.000	-	-	refractions distortions sideration
bluebook	23	480	3	467	11	2	3	0.977	0.006	0.006	2465	0	0	0.000	-	-	nel unidentified quired
bluebook	24	393	4	381	6	2	1	0.984	0.003	0.010	1997	0	0	0.000	-	-	unidentified
bluebook	25	440	11	419	8	3	5	0.981	0.012	0.025	2250	0	0	0.000	-	-	subjec tive sortings
bluebook	26	461	10	439	10	3	3	0.978	0.007	0.022	2177	0	0	0.000	-	-	interpre tation specular
bluebook	27	54	11	42	0	0	0	1.000	0.000	0.204	124	0	7	0.276	-	-	
bluebook	28	51	9	42	0	0	0	1.000	0.000	0.176	132	0	11	0.342	-	-	
bluebook	29	53	8	43	0	2	0	1.000	0.000	0.151	154	0	6	0.204	-	-	
bluebook	30	78	44	22	3	6	0	0.880	0.000	0.564	109	0	1	0.035	-	-	
bluebook	31	161	60	57	12	27	0	0.826	0.000	0.373	212	0	0	0.000	-	-	
bluebook	32	176	57	118	2	1	2	0.983	0.017	0.324	290	0	0	0.000	-	-	lnsuf FfGURE
bluebook	33	169	32	37	20	76	2	0.649	0.015	0.189	218	0	3	0.086	-	-	sot rTT
bluebook	34	142	12	78	6	9	4	0.929	0.043	0.085	253	0	15	0.276	-	-	lnsuf nomic croft
bluebook	35	165	38	54	7	3	0	0.885	0.000	0.230	187	0	0	0.000	-	-	
bluebook	36	144	42	48	24	25	2	0.667	0.021	0.292	315	0	0	0.000	-	-	villan SEGREGATtON
bluebook	37	101	23	54	11	20	1	0.831	0.012	0.228	236	0	6	0.157	-	-	OrangE
bluebook	38	192	52	58	24	40	1	0.707	0.008	0.271	295	0	0	0.000	-	-	lnsuf
bluebook	39	120	35	42	6	12	2	0.875	0.033	0.292	232	0	0	0.000	-	-	lnsuf lllll
bluebook	40	313	49	90	18	34	7	0.833	0.049	0.157	291	0	0	0.000	-	-	statec min sec
bluebook	41	110	40	41	4	24	2	0.911	0.029	0.364	267	0	2	0.052	-	-	lnsuf enticular
bluebook	42	80	28	32	8	15	3	0.800	0.055	0.350	193	0	7	0.178	-	-	ioo eO iBII
bluebook	43	211	45	43	10	3	1	0.811	0.018	0.213	166	0	0	0.000	-	-	bldg
bluebook	44	62	18	38	4	2	0	0.905	0.000	0.290	145	0	0	0.000	-	-	
bluebook	45	75	20	41	1	3	0	0.976	0.000	0.267	165	0	0	0.000	-	-	
bluebook	46	80	26	46	4	3	3	0.920	0.057	0.325	171	0	0	0.000	-	-	mph mph mph
bluebook	47	61	25	34	1	0	0	0.971	0.000	0.410	177	0	0	0.000	-	-	
bluebook	48	63	25	35	2	1	1	0.946	0.026	0.397	186	0	0	0.000	-	-	conicol
bluebook	49	92	17	55	0	4	0	1.000	0.000	0.185	221	0	0	0.000	-	-	
bluebook	50	54	13	28	2	10	0	0.933	0.000	0.241	243	0	0	0.000	-	-	
bluebook	51	54	12	28	2	10	0	0.933	0.000	0.222	227	0	0	0.000	-	-	
bluebook	52	57	13	27	3	12	0	0.900	0.000	0.228	225	0	0	0.000	-	-	
bluebook	53	66	12	32	6	12	4	0.842	0.080	0.182	290	0	0	0.000	-	-	lnsuff icient lnsuff
bluebook	54	53	12	28	1	10	0	0.966	0.000	0.226	214	0	0	0.000	-	-	
bluebook	55	54	12	28	3	10	0	0.903	0.000	0.222	224	0	0	0.000	-	-	
bluebook	56	374	42	84	29	41	3	0.743	0.019	0.112	372	0	0	0.000	-	-	coCl oQ ofl
bluebook	57	80	8	45	0	2	0	1.000	0.000	0.100	240	0	3	0.027	-	-	
bluebook	58	89	27	35	0	5	0	1.000	0.000	0.303	213	0	39	0.247	-	-	
bluebook	59	34	6	24	0	1	0	1.000	0.000	0.176	130	0	0	0.000	-	-	
bluebook	60	64	12	26	5	6	1	0.839	0.027	0.188	149	0	14	0.144	-	-	IMidwest
bluebook	61	43	3	38	0	3	0	1.000	0.000	0.070	125	0	17	0.310	-	-	
bluebook	62	45	13	20	3	8	0	0.870	0.000	0.289	135	0	20	0.250	-	-	
bluebook	63	33	8	18	2	2	1	0.900	0.045	0.242	112	0	14	0.269	-	-	slvhtlnvs
bluebook	64	49	4	43	0	3	0	1.000	0.000	0.082	152	0	13	0.207	-	-	
bluebook	65	459	23	381	19	25	13	0.953	0.031	0.050	1800	0	0	0.000	-	-	declina tion ephemeris
bluebook	66	33	4	29	0	0	0	1.000	0.000	0.121	54	0	3	0.286	-	-	
bluebook	67	110	36	53	3	9	0	0.946	0.000	0.327	194	0	0	0.000	-	-	
bluebook	68	437	22	386	3	17	1	0.992	0.002	0.050	1673	0	0	0.000	-	-	histograms
bluebook	69	88	27	40	3	6	1	0.930	0.020	0.307	161	0	0	0.000	-	-	bject
bluebook	70	344	83	254	3	3	0	0.988	0.000	0.241	1227	0	0	0.000	-	-	
bluebook	71	445	13	415	8	8	0	0.981	0.000	0.029	1961	0	0	0.000	-	-	
bluebook	72	116	53	57	3	7	0	0.950	0.000	0.457	216	0	0	0.000	-	-	
bluebook	73	100	37	55	4	7	0	0.932	0.000	0.370	204	0	0	0.000	-	-	
bluebook	74	110	42	60	4	7	1	0.938	0.014	0.382	251	0	0	0.000	-	-	INumber
bluebook	75	126	54	56	12	7	8	0.824	0.107	0.429	240	0	0	0.000	-	-	sec sec sec
bluebook	76	114	46	56	6	7	3	0.903	0.043	0.404	217	0	0	0.000	-	-	mph mph mph
bluebook	77	121	40	72	3	7	0	0.960	0.000	0.331	297	0	0	0.000	-	-	
bluebook	78	347	8	328	5	9	2	0.985	0.006	0.023	1600	0	0	0.000	-	-	unidentified ing
bluebook	79	379	12	360	6	7	4	0.984	0.011	0.032	1744	0	0	0.000	-	-	cannot mph mph
bluebook	80	119	51	58	3	7	0	0.951	0.000	0.429	225	0	0	0.000	-	-	
bluebook	81	98	35	54	4	7	1	0.931	0.015	0.357	211	0	0	0.000	-	-	llormore
bluebook	82	114	42	63	3	7	0	0.955	0.000	0.368	256	0	0	0.000	-	-	
bluebook	83	129	58	57	12	7	8	0.826	0.105	0.450	250	0	0	0.000	-	-	sec sec sec
bluebook	84	106	41	56	6	8	3	0.903	0.043	0.387	225	0	0	0.000	-	-	mph mph mph
bluebook	85	120	38	73	3	7	0	0.961	0.000	0.317	305	0	0	0.000	-	-	
bluebook	86	439	10	429	9	5	5	0.979	0.011	0.023	2114	0	0	0.000	-	-	mph mph unidentified
bluebook	87	512	17	490	9	3	6	0.982	0.012	0.033	2427	0	0	0.000	-	-	unrecognizable missiles unrecognizable
bluebook	88	269	24	243	0	4	0	1.000	0.000	0.089	973	0	0	0.000	-	-	
bluebook	89	262	14	243	1	4	0	0.996	0.000	0.053	1039	0	2	0.015	-	-	
bluebook	90	112	8	104	0	3	0	1.000	0.000	0.071	396	0	0	0.000	-	-	
bluebook	91	147	11	133	0	3	0	1.000	0.000	0.075	497	0	1	0.021	-	-	
bluebook	92	170	8	159	0	3	0	1.000	0.000	0.047	634	0	2	0.019	-	-	
bluebook	93	143	9	131	0	4	0	1.000	0.000	0.063	536	0	1	0.015	-	-	
bluebook	94	101	11	87	2	2	1	0.978	0.011	0.109	321	0	1	0.038	-	-	approx
bluebook	95	179	13	163	0	2	0	1.000	0.000	0.073	598	0	2	0.012	-	-	
bluebook	96	177	12	164	1	1	1	0.994	0.006	0.068	679	0	4	0.045	-	-	yvhen
bluebook	97	348	17	328	4	1	1	0.988	0.003	0.049	1458	0	0	0.000	-	-	mph
bluebook	98	24	1	24	0	0	0	1.000	0.000	0.042	35	0	2	0.886	-	-	
bluebook	99	473	13	458	1	2	1	0.998	0.002	0.027	1997	0	0	0.000	-	-	etc
bluebook	100	32	4	26	0	0	0	1.000	0.000	0.125	47	0	2	0.299	-	-	
bluebook	101	379	17	344	4	9	2	0.989	0.006	0.045	1560	0	0	0.000	-	-	descrip tions
bluebook	102	355	22	317	4	14	0	0.988	0.000	0.062	1438	0	0	0.000	-	-	
bluebook	103	542	5	532	5	2	2	0.991	0.004	0.009	2410	0	0	0.000	-	-	infor mation
bluebook	104	445	2	434	9	2	4	0.980	0.009	0.004	2164	0	0	0.000	-	-	prin cipally unidentified
bluebook	105	35	2	33	0	0	0	1.000	0.000	0.057	99	0	0	0.000	-	-	
bluebook	106	424	85	345	2	13	2	0.994	0.006	0.200	1660	0	0	0.000	-	-	AlZ AZl
bluebook	107	372	72	321	0	1	0	1.000	0.000	0.194	1786	0	0	0.000	-	-	
bluebook	108	456	50	403	1	1	1	0.998	0.002	0.110	1868	0	0	0.000	-	-	ABl
bluebook	109	442	71	378	0	12	0	1.000	0.000	0.161	1820	0	0	0.000	-	-	
bluebook	110	508	46	457	2	13	2	0.996	0.004	0.091	2125	0	0	0.000	-	-	AllO AlZ
bluebook	111	505	53	441	0	26	0	1.000	0.000	0.105	2138	0	0	0.000	-	-	
bluebook	112	490	56	417	0	27	0	1.000	0.000	0.114	2148	0	0	0.000	-	-	
bluebook	113	521	45	469	0	17	0	1.000	0.000	0.086	2339	0	0	0.000	-	-	
bluebook	114	512	55	465	1	10	0	0.998	0.000	0.107	2249	0	0	0.000	-	-	
bluebook	115	159	17	142	0	5	0	1.000	0.000	0.107	641	0	0	0.000	-	-	
bluebook	116	1232	448	248	231	337	68	0.518	0.083	0.364	2250	0	0	0.000	-	-	etc lnsuffi tti
bluebook	117	298	77	76	56	91	18	0.576	0.081	0.258	648	0	12	0.493	-	-	BallDDII lnsulli OOUblful
bluebook	118	1106	451	215	168	276	28	0.561	0.042	0.408	1622	0	0	0.000	-	-	tfLL EVIi lmmbef
bluebook	119	724	200	176	101	172	33	0.635	0.073	0.276	1366	0	0	0.000	-	-	IvA EYliuation llef
bluebook	120	1055	309	247	128	290	28	0.659	0.042	0.293	1734	0	0	0.000	-	-	EVIi lnsuffi ther
bluebook	121	1062	305	252	157	262	33	0.616	0.049	0.287	1767	0	1	0.011	-	-	ertain rJ rJA
bluebook	122	1034	321	215	145	329	51	0.597	0.074	0.310	1810	0	0	0.000	-	-	elc OlhOI etc
bluebook	123	1005	366	207	124	284	29	0.625	0.047	0.364	1619	0	0	0.000	-	-	ertain olJ etc
bluebook	124	993	420	203	158	241	33	0.562	0.055	0.423	1621	0	0	0.000	-	-	OusL UNrno llr
bluebook	125	1102	472	210	145	292	22	0.592	0.034	0.428	1611	0	0	0.000	-	-	mbef ertain lloublful
bluebook	126	738	287	187	64	192	4	0.745	0.009	0.389	1363	0	0	0.000	-	-	ther lnsuffic ertain
bluebook	127	1065	367	225	150	288	25	0.600	0.038	0.345	1671	0	0	0.000	-	-	ltlmbel tJ tJ
bluebook	128	1067	435	209	151	267	18	0.581	0.029	0.408	1618	0	0	0.000	-	-	ett ttie etc
bluebook	129	1103	412	229	148	291	12	0.607	0.018	0.374	1659	0	0	0.000	-	-	ertain tJ AstlOIIOllical
bluebook	130	1093	453	232	126	278	15	0.648	0.024	0.414	1638	0	0	0.000	-	-	ASIIOnomical etc etc
bluebook	131	1097	426	261	171	235	25	0.604	0.037	0.388	1607	0	0	0.000	-	-	iJ tJ lnsuffit
bluebook	132	1054	415	226	177	269	29	0.561	0.043	0.394	1685	0	0	0.000	-	-	ean lnsuffic UnknoMI
bluebook	133	760	239	203	88	181	17	0.698	0.036	0.314	1425	0	0	0.000	-	-	EYlluahon ertain elt
bluebook	134	802	242	199	122	236	27	0.620	0.048	0.302	1440	0	6	0.108	-	-	trtlin ertain tJ
bluebook	135	1066	395	225	135	263	30	0.625	0.048	0.371	1648	0	0	0.000	-	-	ertain tBolloon tJ
bluebook	136	942	346	207	131	266	26	0.612	0.043	0.367	1596	0	3	0.039	-	-	ASIIUflOffllCII etc lnsuffic
bluebook	137	1030	333	235	162	282	22	0.592	0.032	0.323	1663	0	0	0.000	-	-	ertain uJ etc
bluebook	138	1095	376	253	196	259	27	0.563	0.038	0.343	1730	0	0	0.000	-	-	elc etc lnsufhc
bluebook	139	389	108	121	59	117	10	0.672	0.034	0.278	863	0	19	0.659	-	-	EVlluahoa etc tnsuffic
bluebook	140	1061	347	208	156	297	27	0.571	0.041	0.327	1730	0	2	0.027	-	-	lnsuffic oon ther
bluebook	141	761	218	150	119	253	23	0.558	0.044	0.286	1387	0	18	0.343	-	-	rY etc lnsuffic
bluebook	142	74	19	37	15	21	7	0.712	0.096	0.257	254	0	27	0.826	-	-	tUt rMLL tU
bluebook	143	400	134	98	65	146	20	0.601	0.065	0.335	905	0	40	0.589	-	-	ftlmbel ertain lloubttul
bluebook	144	1166	566	234	147	232	19	0.614	0.031	0.485	1641	0	1	0.004	-	-	louds ltier UnknoMI
bluebook	145	427	99	109	90	193	47	0.548	0.120	0.232	1113	0	48	0.565	-	-	fcLI etc lnsuffic
bluebook	146	428	139	91	74	155	20	0.552	0.062	0.325	990	0	27	0.345	-	-	CloudS etc llle
bluebook	147	425	105	106	83	189	25	0.561	0.066	0.247	1012	0	36	0.511	-	-	lLl etc lnsuffic
bluebook	148	56	15	33	30	100	1	0.524	0.006	0.268	256	0	23	0.758	-	-	etc
bluebook	149	988	382	96	207	283	29	0.317	0.049	0.387	1065	0	5	0.369	-	-	tJ IALu tJ
bluebook	150	611	150	168	85	192	23	0.664	0.052	0.245	1290	0	27	0.442	-	-	etc lnsuffic ritl
bluebook	151	1248	348	289	251	365	92	0.535	0.102	0.279	2373	0	0	0.000	-	-	PrA ertain ltJ
bluebook	152	1262	404	294	281	323	102	0.511	0.114	0.320	2306	0	0	0.000	-	-	lhe lnsuffic etc
bluebook	153	1210	520	177	228	343	30	0.437	0.040	0.430	2092	0	0	0.000	-	-	tlt ertain lnsuffit
bluebook	154	1233	535	260	226	332	67	0.535	0.082	0.434	2288	0	5	0.056	-	-	EWlluation oon etc
bluebook	155	614	288	130	80	165	12	0.619	0.032	0.469	1099	0	0	0.000	-	-	rV dU tJ
bluebook	156	1239	403	208	254	353	83	0.450	0.102	0.325	2141	0	0	0.010	-	-	ical lmtli icat
bluebook	157	914	242	165	163	288	60	0.503	0.097	0.265	1679	0	16	0.223	-	-	blluahoa etc lnsuffit
bluebook	158	639	181	104	119	224	32	0.466	0.072	0.283	1138	0	0	0.000	-	-	icat tlle tJ
bluebook	159	1245	390	231	209	401	50	0.525	0.059	0.313	2232	0	0	0.000	-	-	etc lnsuHit lnfa
bluebook	160	1289	392	282	209	360	78	0.574	0.092	0.304	2224	0	3	0.032	-	-	icertain tU etc
bluebook	161	679	159	112	94	206	29	0.544	0.070	0.234	1040	0	0	0.000	-	-	EYlluahon ertain certa
bluebook	162	1410	503	274	231	333	44	0.543	0.053	0.357	2185	0	0	0.000	-	-	tllor iCllt lnsuffic
bluebook	163	1425	436	236	228	460	43	0.509	0.047	0.306	2288	0	0	0.000	-	-	dflfl LeSJ fO
bluebook	164	1397	468	293	201	399	34	0.593	0.038	0.335	2344	0	0	0.000	-	-	lllSUffic llle ther
bluebook	165	797	311	190	142	183	15	0.572	0.029	0.390	1217	0	0	0.000	-	-	ertain tfi lnsuftit
bluebook	166	1367	431	318	237	341	55	0.573	0.061	0.315	2371	0	0	0.000	-	-	etc llle StJ
bluebook	167	1431	462	308	213	389	41	0.591	0.045	0.323	2355	0	0	0.000	-	-	ANu tJ lfJ
bluebook	168	1372	431	302	276	412	94	0.522	0.095	0.314	2564	0	0	0.000	-	-	irds etc lnsuffic
bluebook	169	718	265	178	142	207	44	0.556	0.083	0.369	1337	0	0	0.000	-	-	LEsr ertain JTol
bluebook	170	1009	311	235	158	258	46	0.598	0.071	0.308	1852	0	11	0.227	-	-	tMUffi etc etc
bluebook	171	1393	383	306	270	342	80	0.531	0.087	0.275	2419	0	0	0.000	-	-	AIYt ertain tJ
bluebook	172	1379	419	267	250	368	66	0.516	0.075	0.304	2378	0	0	0.000	-	-	etc lnsuffic tnro
bluebook	173	749	250	188	133	170	22	0.586	0.045	0.334	1205	0	0	0.000	-	-	tnsolli ical tJ
bluebook	174	1028	313	188	182	303	51	0.508	0.076	0.304	1724	0	0	0.000	-	-	tli PerCOII ertain
bluebook	175	1060	239	214	199	364	86	0.518	0.111	0.225	1997	0	1	0.018	-	-	tJF ertain tJ
bluebook	176	1025	313	204	150	327	55	0.576	0.081	0.305	1811	0	1	0.014	-	-	etc ther ther
bluebook	177	729	195	144	110	239	46	0.567	0.093	0.267	1304	0	9	0.235	-	-	lnsuffir MLJr fJ
bluebook	178	1046	334	204	194	320	39	0.513	0.054	0.319	1856	0	0	0.000	-	-	lifll lnsuffic elL
bluebook	179	722	237	150	117	184	26	0.562	0.058	0.328	1239	0	11	0.254	-	-	tJ tJ tJ
bluebook	180	1034	350	236	145	301	35	0.619	0.051	0.338	1781	0	0	0.000	-	-	lnsuffi tlle ther
bluebook	181	735	252	133	128	191	26	0.510	0.058	0.343	1215	0	9	0.278	-	-	lnsaffi tJ iO
bluebook	182	1023	319	206	208	309	55	0.498	0.076	0.312	1923	0	0	0.000	-	-	fLE JIii VllO
bluebook	183	1003	334	189	149	310	40	0.559	0.062	0.333	1795	0	1	0.006	-	-	fAAwO rtJmber BallOOII
bluebook	184	73	25	37	10	23	8	0.787	0.114	0.342	324	0	18	0.726	-	-	lnsuffic tnfD ical
bluebook	185	734	223	141	117	248	43	0.547	0.085	0.304	1334	0	4	0.151	-	-	lnsuffic tJ tJ
bluebook	186	1041	370	194	210	302	60	0.480	0.085	0.355	1831	0	0	0.000	-	-	lnsaffic ical ffl
bluebook	187	1028	352	179	200	300	41	0.472	0.060	0.342	1795	0	0	0.000	-	-	rAtfLg CnP ertain
bluebook	188	718	184	149	110	235	34	0.575	0.069	0.256	1268	0	7	0.196	-	-	louds ther elc
bluebook	189	69	24	39	8	19	7	0.830	0.106	0.348	301	0	16	0.783	-	-	EnlaatiGII etc llltr
bluebook	190	69	18	35	6	29	3	0.854	0.043	0.261	345	0	17	0.839	-	-	lnsuffl lnfD ther
bluebook	191	723	207	132	164	243	59	0.446	0.109	0.286	1459	0	8	0.237	-	-	tJ lnsuffi thO
bluebook	192	710	182	159	126	220	31	0.558	0.061	0.256	1369	0	9	0.225	-	-	lnsuffic elc lnsuffic
bluebook	193	1019	335	199	202	313	57	0.496	0.080	0.329	1918	0	0	0.000	-	-	ertain ertlin tJ
bluebook	194	410	98	77	66	120	29	0.538	0.110	0.239	800	0	19	0.614	-	-	etc ttie lnsuffic
bluebook	195	1070	369	196	189	291	54	0.509	0.080	0.345	1756	0	0	0.000	-	-	lrhVGS EtK tJA
bluebook	196	721	203	129	125	224	56	0.508	0.117	0.282	1329	0	4	0.121	-	-	EYlluation etc ffic
bluebook	197	1087	363	206	181	282	41	0.532	0.061	0.334	1748	0	0	0.000	-	-	iLE ILi rar
bluebook	198	1274	388	256	231	341	46	0.526	0.056	0.305	2167	0	0	0.000	-	-	eirds lnsuffic BallOCMI
bluebook	199	1289	410	220	259	367	104	0.459	0.123	0.318	2311	0	0	0.000	-	-	ettain rtan tJ
bluebook	200	1237	368	217	247	360	79	0.468	0.096	0.297	2263	0	0	0.000	-	-	HloudS etc ther
bluebook	201	617	212	127	129	160	37	0.496	0.089	0.344	1115	0	0	0.004	-	-	JbS NUlllber ertain
bluebook	202	1258	413	268	247	327	66	0.520	0.078	0.328	2278	0	0	0.000	-	-	etc lnsuffic etc
bluebook	203	1216	403	248	204	349	84	0.549	0.105	0.331	2284	0	0	0.000	-	-	etc lnsuffic ttler
bluebook	204	1275	401	234	229	376	88	0.505	0.105	0.315	2391	0	0	0.000	-	-	lnsuffi lller lher
bluebook	205	639	184	128	114	180	27	0.529	0.064	0.288	1137	0	0	0.000	-	-	fN PeJCent ertain
bluebook	206	1263	358	257	266	347	88	0.491	0.101	0.283	2325	0	0	0.000	-	-	rtimbef ertain tJ
bluebook	207	1229	358	261	250	325	124	0.511	0.148	0.291	2328	0	0	0.000	-	-	tJ etc lnsuffic
bluebook	208	953	283	159	175	258	68	0.476	0.115	0.297	1711	0	5	0.090	-	-	EYliuatioo lnsuffic OusL
bluebook	209	653	194	135	156	192	54	0.464	0.112	0.297	1258	0	0	0.000	-	-	etc tJ lnsuffic
bluebook	210	1247	521	286	182	286	26	0.611	0.034	0.418	2115	0	0	0.000	-	-	PerCEflt etc ther
bluebook	211	1253	474	271	187	334	31	0.592	0.039	0.378	2144	0	0	0.000	-	-	tmmber ertain tJ
bluebook	212	1261	497	267	181	321	26	0.596	0.034	0.394	2180	0	0	0.000	-	-	etc UnknoMI ther
bluebook	213	1275	442	253	195	351	34	0.565	0.043	0.347	2156	0	0	0.000	-	-	tJ tJ tJ
bluebook	214	1287	414	317	184	308	40	0.633	0.049	0.322	2246	0	0	0.000	-	-	EvAL oeeo HOt
bluebook	215	1262	480	280	185	317	43	0.602	0.055	0.380	2220	0	0	0.000	-	-	llt ertain AircraH
bluebook	216	1282	372	333	139	302	25	0.706	0.032	0.290	2170	0	0	0.000	-	-	etc DOllbtful etc
bluebook	217	1283	486	280	198	331	39	0.586	0.048	0.379	2182	0	1	0.024	-	-	lloublfll rJ tL
bluebook	218	1185	407	263	192	304	36	0.578	0.047	0.343	2129	0	0	0.000	-	-	dll nA tlP
bluebook	219	900	315	216	184	272	44	0.540	0.065	0.350	1768	0	0	0.000	-	-	SvNJ rvNl ertain
bluebook	220	898	302	238	173	227	50	0.579	0.078	0.336	1703	0	0	0.000	-	-	etc lnsuffi ther
bluebook	221	918	274	215	173	280	61	0.554	0.091	0.298	1749	0	0	0.000	-	-	lnsuffic lller lnsuffic
bluebook	222	728	263	168	82	234	11	0.672	0.023	0.361	1258	0	0	0.000	-	-	ouroaollc tN rnooRs
bluebook	223	561	166	143	61	168	14	0.701	0.038	0.296	1076	0	0	0.000	-	-	ftJmber DlllNC MliT
bluebook	224	715	244	173	81	210	13	0.681	0.028	0.341	1197	0	0	0.000	-	-	nC OLIJNf dJ
bluebook	225	664	224	151	88	185	13	0.632	0.031	0.337	1117	0	3	0.100	-	-	hN ANtl lO
bluebook	226	739	222	193	95	225	19	0.670	0.037	0.300	1304	0	0	0.000	-	-	lN rooo RlDG
bluebook	227	708	246	172	101	218	15	0.630	0.031	0.347	1238	0	0	0.000	-	-	tJ ariable ourrvv
bluebook	228	729	262	160	110	223	22	0.593	0.045	0.359	1275	0	0	0.000	-	-	znurno nR lurnn
bluebook	229	1436	475	271	307	387	64	0.469	0.066	0.331	2501	0	0	0.000	-	-	nA mber ertain
bluebook	230	1424	474	308	285	384	62	0.519	0.063	0.333	2544	0	0	0.000	-	-	BallOOII etc UnknoMI
bluebook	231	1264	399	242	176	356	29	0.579	0.037	0.316	2107	0	0	0.000	-	-	tSt lmmber fJ
bluebook	232	1478	441	301	214	363	49	0.584	0.056	0.298	2307	0	0	0.000	-	-	dLL ertain rJ
bluebook	233	1451	499	286	247	386	43	0.537	0.047	0.344	2390	0	0	0.000	-	-	ertain ertain tJ
bluebook	234	1462	476	346	213	358	37	0.619	0.040	0.326	2353	0	0	0.000	-	-	etc etc UnknoMI
bluebook	235	1478	463	310	225	374	60	0.579	0.066	0.313	2430	0	0	0.000	-	-	uOA ertain ertain
bluebook	236	1462	438	344	224	321	41	0.606	0.046	0.300	2283	0	0	0.000	-	-	etc lnsuffic AircraH
bluebook	237	1465	480	302	238	381	30	0.559	0.033	0.328	2312	0	0	0.000	-	-	ifk ber EWllualion
bluebook	238	1480	413	300	247	386	54	0.548	0.058	0.279	2381	0	0	0.000	-	-	AircraH UnknOMI PsychologiCII
bluebook	239	1458	434	288	291	378	89	0.497	0.093	0.298	2456	0	0	0.000	-	-	ertain tJ tJ
bluebook	240	1407	428	331	233	382	43	0.587	0.045	0.304	2479	0	0	0.000	-	-	irds etc AircraH
bluebook	241	1105	328	250	230	295	57	0.521	0.074	0.297	2033	0	17	0.208	-	-	tJ tJ etc
bluebook	242	1476	444	344	283	376	80	0.549	0.080	0.301	2618	0	0	0.000	-	-	cJ ertain ertain
bluebook	243	397	104	91	69	146	30	0.569	0.098	0.262	816	0	8	0.376	-	-	ical lnsuffi lher
bluebook	244	1045	373	238	231	267	47	0.507	0.064	0.357	1881	0	8	0.162	-	-	lnsuffi ther ther
bluebook	245	1386	412	311	281	394	69	0.525	0.070	0.297	2507	0	0	0.000	-	-	ertain llh etc
bluebook	246	659	173	150	127	185	40	0.542	0.087	0.263	1219	0	0	0.000	-	-	rA iJ lllmbef
bluebook	247	1049	373	237	217	261	56	0.522	0.078	0.356	1847	0	14	0.227	-	-	COIi ertain lllllooa
bluebook	248	1073	281	268	204	298	47	0.568	0.061	0.262	1950	0	11	0.260	-	-	etc BallOOII lnsuffic
bluebook	249	644	158	157	125	196	47	0.557	0.098	0.245	1253	0	0	0.000	-	-	EVlluatioa DoubllJI tJ
bluebook	250	472	110	148	86	98	30	0.632	0.090	0.233	1077	0	22	0.468	-	-	ther UnknoMI ther
bluebook	251	241	50	73	34	71	10	0.682	0.056	0.207	556	0	16	0.551	-	-	lnsuffic tJ tJ
bluebook	252	440	112	133	81	114	37	0.621	0.113	0.255	1110	0	17	0.373	-	-	etc ther nsuffic
bluebook	253	229	55	63	35	72	14	0.643	0.082	0.240	517	0	7	0.376	-	-	EYlluatiao UnknaMI ther
bluebook	254	74	28	56	3	19	3	0.949	0.038	0.378	425	0	31	0.709	-	-	UnknoMI etc ther
bluebook	255	80	32	47	14	21	9	0.770	0.110	0.400	409	0	1	0.013	-	-	ller insuffi ther
bluebook	256	76	31	42	8	28	6	0.840	0.077	0.408	414	0	30	0.617	-	-	CIOClds etc lnsufflc
bluebook	257	878	256	214	155	240	61	0.580	0.100	0.292	1768	0	1	0.014	-	-	IYEw UAdd tJ
bluebook	258	448	130	128	69	109	29	0.650	0.095	0.290	1046	0	5	0.258	-	-	lnsuffi lolo lller
bluebook	259	869	258	202	160	240	39	0.558	0.065	0.297	1623	0	0	0.000	-	-	dff JtJ lnsuffi
bluebook	260	471	146	135	71	141	25	0.655	0.072	0.310	1095	0	9	0.243	-	-	etc tlle ical
bluebook	261	514	183	132	85	139	35	0.608	0.098	0.356	1114	0	8	0.328	-	-	lnsuffi ther LijjttPbOIOOI
bluebook	262	464	120	129	63	121	15	0.672	0.048	0.259	967	0	11	0.274	-	-	etc ther etc
bluebook	263	30	2	27	0	1	0	1.000	0.000	0.067	51	0	0	0.000	-	-	
bluebook	264	87	15	63	0	12	0	1.000	0.000	0.172	272	0	0	0.000	-	-	
bluebook	265	32	2	27	0	3	0	1.000	0.000	0.062	61	0	0	0.000	-	-	
bluebook	266	179	11	144	6	23	3	0.960	0.017	0.061	720	0	0	0.000	-	-	lJhat WherE finutas
bluebook	267	184	6	144	23	8	6	0.862	0.034	0.033	668	0	1	0.006	-	-	lJ criefly uhat
bluebook	268	172	12	133	11	20	4	0.924	0.024	0.070	626	0	1	0.006	-	-	etc etc ovm
bluebook	269	69	2	65	2	0	2	0.970	0.030	0.029	246	0	0	0.000	-	-	dissappearance condttions
bluebook	270	96	12	74	2	11	2	0.974	0.023	0.125	341	0	0	0.000	-	-	fuJ sizc
bluebook	271	30	3	27	0	1	0	1.000	0.000	0.100	64	0	0	0.000	-	-	
bluebook	272	201	10	162	20	6	1	0.890	0.005	0.050	691	0	0	0.000	-	-	TErJTATIVE
bluebook	273	203	10	173	16	2	2	0.915	0.010	0.049	718	0	0	0.000	-	-	directionwere rlortheast
bluebook	274	246	13	191	32	5	0	0.857	0.000	0.053	896	0	0	0.000	-	-	
bluebook	275	256	22	218	7	3	1	0.969	0.004	0.086	853	0	0	0.000	-	-	vJOrds
bluebook	276	284	19	229	25	9	2	0.902	0.008	0.067	972	0	0	0.000	-	-	shov saJ
bluebook	277	131	5	118	1	5	1	0.992	0.008	0.038	414	0	0	0.000	-	-	dravnng
bluebook	278	166	13	130	0	6	0	1.000	0.000	0.078	504	0	0	0.000	-	-	
bluebook	279	45	1	42	0	2	0	1.000	0.000	0.022	131	0	0	0.000	-	-	
bluebook	280	35	3	30	0	3	0	1.000	0.000	0.086	69	0	0	0.000	-	-	
bluebook	281	313	10	270	23	10	4	0.922	0.013	0.032	1245	0	0	0.000	-	-	unidentified conditia twi
bluebook	282	337	11	294	28	2	0	0.913	0.000	0.033	1211	0	0	0.000	-	-	
bluebook	283	154	5	141	6	0	1	0.959	0.007	0.032	549	0	0	0.000	-	-	etc
bluebook	284	261	9	237	12	2	0	0.952	0.000	0.034	938	0	0	0.000	-	-	
bluebook	285	310	17	260	31	2	0	0.893	0.000	0.055	1147	0	0	0.000	-	-	
bluebook	286	129	3	123	1	2	1	0.992	0.008	0.023	422	0	0	0.000	-	-	ine
bluebook	287	227	14	191	19	1	1	0.910	0.005	0.062	751	0	0	0.000	-	-	ight
bluebook	288	168	5	136	7	6	1	0.951	0.007	0.030	576	0	0	0.000	-	-	oway
bluebook	289	153	1	126	3	17	0	0.977	0.000	0.007	527	0	0	0.000	-	-	
bluebook	290	26	1	22	0	1	0	1.000	0.000	0.038	23	0	0		-	-	
bluebook	291	31	3	28	0	1	0	1.000	0.000	0.097	50	0	0	0.000	-	-	
bluebook	292	182	56	108	6	11	0	0.947	0.000	0.308	444	0	0	0.000	-	-	
bluebook	293	247	92	123	9	12	0	0.932	0.000	0.372	650	0	0	0.000	-	-	
bluebook	294	273	88	126	12	19	0	0.913	0.000	0.322	665	0	0	0.000	-	-	
bluebook	295	259	97	108	15	35	1	0.878	0.006	0.375	624	0	0	0.000	-	-	obs
bluebook	296	205	64	94	16	37	6	0.855	0.041	0.312	689	0	0	0.000	-	-	etc etc missile
bluebook	297	28	3	25	0	1	0	1.000	0.000	0.107	41	0	0	0.000	-	-	
bluebook	298	127	43	69	2	10	0	0.972	0.000	0.339	330	0	0	0.000	-	-	
bluebook	299	154	60	82	12	11	2	0.872	0.019	0.390	492	0	0	0.006	-	-	lfie tude
bluebook	300	30	3	27	0	1	0	1.000	0.000	0.100	49	0	0	0.000	-	-	
bluebook	301	274	71	185	10	9	0	0.949	0.000	0.259	878	0	0	0.000	-	-	
bluebook	302	176	62	104	16	13	5	0.867	0.038	0.352	627	0	1	0.046	-	-	lla llb llf
bluebook	303	253	106	126	9	8	0	0.933	0.000	0.419	628	0	0	0.000	-	-	
bluebook	304	291	109	159	14	11	3	0.919	0.016	0.375	817	0	0	0.000	-	-	mph mph mph
bluebook	305	279	115	115	19	29	1	0.858	0.006	0.412	699	0	0	0.000	-	-	NavY
bluebook	306	204	67	106	8	23	2	0.930	0.015	0.328	601	0	0	0.000	-	-	RELllBILITY etc
bluebook	307	28	3	25	0	1	0	1.000	0.000	0.107	41	0	0	0.000	-	-	
bluebook	308	136	38	90	2	6	0	0.978	0.000	0.279	417	0	0	0.000	-	-	
bluebook	309	180	57	107	19	15	5	0.849	0.035	0.317	638	0	0	0.000	-	-	oup lla llb
bluebook	310	32	3	28	0	2	0	1.000	0.000	0.094	51	0	0	0.000	-	-	
bluebook	311	1223	367	108	228	151	9	0.321	0.018	0.300	745	0	0	0.005	-	-	tude sE aJ
bluebook	312	35	2	21	4	5	0	0.840	0.000	0.057	42	0	0	0.000	-	-	
cdc	1	13	0	12	0	1	0	1.000	0.000	0.000	73	0	4	1.000	-	-	
cdc	3	143	0	42	85	13	7	0.331	0.050	0.000	282	0	0	0.000	words	words	eAey rHAr kino
cdc	4	46	1	24	16	4	6	0.600	0.136	0.022	137	0	0	0.000	misread	-	sie ALriSHT eooeeYM
cdc	5	100	0	23	54	23	34	0.299	0.340	0.000	470	0	1	0.006	words	words	otHee seveeAL HAve
cdc	6	129	1	18	76	20	10	0.191	0.088	0.008	216	0	9	0.300	words	words	LOOk CHeck iru
cdc	7	53	0	24	25	3	4	0.490	0.077	0.000	151	0	19	0.652	words	words	WeLL FLashLight ALWAys
cdc	8	83	0	28	47	4	3	0.373	0.038	0.000	181	0	3	0.086	words	words	weLL rro ouue
cdc	9	58	0	24	28	5	4	0.462	0.070	0.000	147	0	7	0.340	words	words	aLL aeout eaLL
cdc	10	97	0	19	66	4	8	0.224	0.090	0.000	155	0	9	0.373	words	words	ering snoweaLL eA
cdc	11	100	0	36	52	9	3	0.409	0.031	0.000	225	0	11	0.336	words	words	LATer ATTACk nearLy
cdc	12	205	1	79	87	36	35	0.476	0.173	0.005	692	0	6	0.077	words	words	eFForrs HAVe oone
cdc	14	75	0	34	37	1	18	0.479	0.250	0.000	250	0	3	0.098	words	words	eut sray ourside
cdc	18	70	1	28	32	4	11	0.467	0.172	0.014	195	0	4	0.312	words	words	HAVe THe SAMPLe
cdc	19	70	1	30	36	2	8	0.455	0.118	0.014	207	0	3	0.112	words	words	investigatE zomeie rapiDLy
cdc	20	13	2	0	3	0	0	0.000	0.000	0.154	3	0	7	0.881	ink	-	
cdc	21	204	0	79	111	11	14	0.416	0.070	0.000	483	0	10	0.188	words	words	eeen moDELing srreA
cdc	22	90	0	43	32	13	7	0.573	0.080	0.000	250	0	7	0.237	-	-	caLL eack LArer
cdc	23	179	0	50	111	16	23	0.311	0.130	0.000	488	0	9	0.137	words	words	aLmosT fQQ eeen
cdc	24	163	0	55	102	4	9	0.350	0.056	0.000	347	0	7	0.146	words	words	ALright eag gonna
cdc	25	30	0	11	16	1	4	0.407	0.143	0.000	67	0	13	0.646	words	words	eack rry tod
cdc	26	86	1	32	45	5	4	0.416	0.049	0.012	171	0	3	0.056	words	words	DriVE fHt fAVOr
cdc	27	106	0	38	61	6	8	0.384	0.076	0.000	248	0	2	0.117	words	words	EMPTy ess gO
cdc	28	121	0	21	74	26	11	0.221	0.091	0.000	210	0	3	0.426	words	words	llo screeneD BLOOd
cdc	29	64	0	22	34	7	13	0.393	0.206	0.000	204	0	6	0.195	words	words	HAPPENINg cdc irs
cdc	30	118	4	39	69	5	4	0.361	0.035	0.034	267	0	0	0.000	words	words	ALright dBpArTMBNTs geT
cdc	31	16	0	1	10	3	2	0.091	0.143	0.000	28	0	13	0.798	ink	-	GeT eeen
cdc	32	36	0	11	17	2	1	0.393	0.033	0.000	58	0	2	0.323	words	words	todd
cdc	33	88	0	40	43	3	8	0.482	0.093	0.000	209	0	19	0.386	words	words	worLD huh uhh
cdc	34	73	0	24	45	2	16	0.348	0.225	0.000	216	0	24	0.458	words	words	THe evAcuAte SoMeTHINg
cdc	35	26	1	21	0	4	0	1.000	0.000	0.038	84	0	1	0.080	-	-	
cdc	37	196	0	34	156	3	1	0.179	0.005	0.000	260	0	0	0.000	words	words	llo
cdc	39	233	3	192	9	13	2	0.955	0.009	0.013	1142	0	2	0.928	-	-	fiE nonperishable
cdc	42	1	1	1	0	1	0	1.000	0.000	1.000	3	0	0	0.000	-	-	
dga	1	16	1	11	0	2	0	1.000	0.000	0.062	90	0	5	0.091	-	-	
earthdata	1	13	0	5	0	8	0	1.000	0.000	0.000	79	0	0	0.000	-	-	
earthdata	2	20	1	17	0	2	0	1.000	0.000	0.050	118	0	0	0.000	-	-	
earthdata	3	9	1	7	0	1	0	1.000	0.000	0.111	58	0	0	0.000	-	-	
earthdata	4	7	1	6	0	0	0	1.000	0.000	0.143	48	0	2	0.232	-	-	
earthdata	5	1	1	0	0	0	0			1.000	0	0	3	1.000	-	-	
earthdata	6	8	1	8	0	0	0	1.000	0.000	0.125	51	0	0	0.000	-	-	
earthdata	7	40	3	35	1	1	0	0.972	0.000	0.075	216	0	0	0.000	-	-	
earthdata	8	42	6	36	2	0	2	0.947	0.053	0.143	242	0	0	0.000	-	-	egressing filesystems
earthdata	9	33	5	28	0	1	0	1.000	0.000	0.152	209	0	0	0.000	-	-	
earthdata	10	25	0	25	0	1	0	1.000	0.000	0.000	150	0	0	0.000	-	-	
earthdata	11	9	0	9	0	0	0	1.000	0.000	0.000	65	0	0	0.000	-	-	
earthdata	12	24	2	28	0	3	0	1.000	0.000	0.083	187	0	0	0.000	-	-	
earthdata	13	20	2	26	0	2	0	1.000	0.000	0.100	163	0	0	0.000	-	-	
earthdata	14	18	2	23	0	2	0	1.000	0.000	0.111	132	0	0	0.000	-	-	
earthdata	15	12	0	17	0	1	0	1.000	0.000	0.000	101	0	0	0.000	-	-	
earthdata	16	31	2	38	0	2	0	1.000	0.000	0.065	220	0	0	0.000	-	-	
earthdata	17	34	2	43	0	2	0	1.000	0.000	0.059	246	0	0	0.000	-	-	
earthdata	18	36	2	46	0	2	0	1.000	0.000	0.056	267	0	0	0.000	-	-	
earthdata	19	38	2	48	0	2	0	1.000	0.000	0.053	282	0	0	0.000	-	-	
earthdata	20	35	2	45	0	2	0	1.000	0.000	0.057	270	0	0	0.000	-	-	
earthdata	21	25	2	30	0	2	0	1.000	0.000	0.080	199	0	0	0.000	-	-	
faa	1	3	1	2	0	4	0	1.000	0.000	0.333	15	0	5	0.771	-	-	
faa	16	122	2	111	1	9	1	0.991	0.008	0.016	732	0	16	0.079	-	-	ACs
faa	40	60	2	59	0	2	0	1.000	0.000	0.033	313	0	15	0.297	-	-	
faa	72	173	9	165	1	5	1	0.994	0.006	0.052	934	0	4	0.082	-	-	gyroplane
faa	88	188	6	182	0	0	0	1.000	0.000	0.032	880	0	12	0.126	-	-	
faa	98	210	2	199	3	5	3	0.985	0.014	0.010	1027	0	4	0.028	-	-	unaccelerated powerplant retarding
faa	149	116	3	112	0	1	0	1.000	0.000	0.026	605	0	8	0.089	-	-	
faa	161	94	2	87	3	2	3	0.967	0.033	0.021	545	0	4	0.056	-	-	lubrication powerplant powerplants
faa	203	139	3	136	0	3	0	1.000	0.000	0.022	778	0	3	0.056	-	-	
faa	231	127	2	120	1	4	1	0.992	0.008	0.016	705	0	14	0.142	-	-	etc
faa	245	203	3	196	1	3	1	0.995	0.005	0.015	1024	0	4	0.027	-	-	attack
faa	257	104	2	99	0	3	0	1.000	0.000	0.019	615	0	46	0.214	-	-	
faa	285	160	2	157	0	2	0	1.000	0.000	0.013	859	0	4	0.140	-	-	
faa	311	134	3	130	0	3	0	1.000	0.000	0.022	807	0	26	0.260	-	-	
faa	335	134	2	132	0	0	0	1.000	0.000	0.015	694	0	31	0.365	-	-	
faa	376	99	4	93	1	1	1	0.989	0.011	0.040	540	0	56	0.342	-	-	nonregulatory
faa	388	115	2	110	0	5	0	1.000	0.000	0.017	710	0	17	0.093	-	-	
faa	423	46	2	44	0	0	0	1.000	0.000	0.043	244	0	21	0.493	-	-	
fed	4	115	18	80	2	18	0	0.976	0.000	0.157	610	0	0	0.000	-	-	
fed	8	60	4	53	0	3	0	1.000	0.000	0.067	298	0	0	0.000	-	-	
fed	14	72	5	65	0	2	0	1.000	0.000	0.069	373	0	0	0.000	-	-	
fed	24	60	6	52	0	2	0	1.000	0.000	0.100	293	0	0	0.000	-	-	
fed	50	67	6	59	0	2	0	1.000	0.000	0.090	405	0	0	0.000	-	-	
fed	66	56	4	52	0	0	0	1.000	0.000	0.071	345	0	0	0.000	-	-	
fed	88	72	7	63	0	2	0	1.000	0.000	0.097	402	0	0	0.000	-	-	
fed	116	58	5	53	0	0	0	1.000	0.000	0.086	387	0	0	0.000	-	-	
flag	2	31	0	30	0	1	0	1.000	0.000	0.000	139	0	0	0.000	-	-	
flag	56	327	6	302	14	13	12	0.956	0.036	0.018	1368	0	0	0.000	-	-	thro bombs thro
nbs	1	812	30	559	159	46	22	0.779	0.029	0.037	3525	0	2	0.005	-	-	revi frolll colli
nbs	2	513	26	386	46	29	19	0.894	0.041	0.051	1983	0	12	0.052	-	-	collison llO sinwte
nbs	3	684	40	461	114	42	9	0.802	0.015	0.058	2691	0	8	0.025	-	-	nhw quantization nWlLon
nbs	4	747	62	494	136	52	20	0.784	0.029	0.083	2898	0	14	0.063	-	-	IDnmJ DnmJ jth
nbs	5	717	51	444	182	43	40	0.709	0.060	0.071	2760	0	5	0.036	-	-	cti ons kfao
nbs	6	721	52	599	33	40	8	0.948	0.012	0.072	3208	0	3	0.006	-	-	TNj cannot multiphoton
nbs	7	879	151	227	180	270	36	0.558	0.053	0.172	2210	0	0	0.000	-	-	bsorp tion bremsstrahlung
noaa	1	9	1	8	0	0	0	1.000	0.000	0.111	60	0	3	1.000	-	-	
noaa	3	9	0	8	1	0	0	0.889	0.000	0.000	62	0	2	0.229	-	-	
noaa	5	182	2	174	2	5	0	0.989	0.000	0.011	825	0	0	0.000	-	-	
noaa	23	74	6	65	2	2	2	0.970	0.029	0.081	398	0	4	0.138	-	-	xxii subnational
noaa	26	486	6	474	4	5	2	0.992	0.004	0.012	2614	0	0	0.000	-	-	xxv GHGs
noaa	33	12	1	11	0	0	0	1.000	0.000	0.083	82	0	7	0.422	-	-	
noaa	40	381	33	343	3	4	1	0.991	0.003	0.087	1944	0	0	0.000	-	-	capita
noaa	41	104	5	89	6	5	1	0.937	0.010	0.048	553	0	11	0.188	-	-	EVs
noaa	43	212	24	188	0	6	0	1.000	0.000	0.113	1082	0	73	0.245	-	-	
noaa	57	334	23	301	1	19	0	0.997	0.000	0.069	1743	0	0	0.000	-	-	
noaa	62	218	11	196	6	6	2	0.970	0.010	0.050	1272	0	0	0.000	-	-	intergenerational dryland
noaa	66	318	27	289	5	6	3	0.983	0.010	0.085	1707	0	9	0.059	-	-	decarbonization agrivoltaics decarbonized
noaa	76	377	20	359	6	2	2	0.984	0.005	0.053	2198	0	0	0.000	-	-	decarbonizing decarbonization
noaa	80	8	1	7	0	0	0	1.000	0.000	0.125	50	0	5	0.251	-	-	
noaa	139	9	1	8	0	0	0	1.000	0.000	0.111	58	0	43	0.633	-	-	
noaa	210	7	1	6	0	0	0	1.000	0.000	0.143	42	0	3	0.108	-	-	
noaa	256	11	1	10	0	0	0	1.000	0.000	0.091	66	0	4	0.053	-	-	
noaa	300	11	1	11	0	0	0	1.000	0.000	0.091	62	0	0	0.000	-	-	
noaa	342	7	1	6	0	0	0	1.000	0.000	0.143	44	0	0	0.000	-	-	
noaa	384	11	1	10	0	0	0	1.000	0.000	0.091	79	0	0	0.000	-	-	
noaa	444	8	1	7	0	0	0	1.000	0.000	0.125	51	0	0	0.000	-	-	
noaa	487	11	1	10	0	0	0	1.000	0.000	0.091	70	0	1	0.021	-	-	
noaa	526	12	1	11	0	0	0	1.000	0.000	0.083	78	0	3	0.077	-	-	
noaa	567	12	1	11	0	0	0	1.000	0.000	0.083	74	0	4	0.049	-	-	
noaa	609	7	1	6	0	0	0	1.000	0.000	0.143	51	0	1	0.052	-	-	
noaa	642	8	1	7	0	0	0	1.000	0.000	0.125	47	0	0	0.000	-	-	
noaa	691	8	1	7	0	0	0	1.000	0.000	0.125	48	0	0	0.000	-	-	
noaa	739	10	1	9	0	0	0	1.000	0.000	0.100	63	0	0	0.000	-	-	
noaa	779	12	1	11	0	0	0	1.000	0.000	0.083	77	0	10	0.054	-	-	
noaa	815	13	1	12	0	0	0	1.000	0.000	0.077	89	0	4	0.067	-	-	
noaa	855	7	1	6	0	0	0	1.000	0.000	0.143	46	0	0	0.000	-	-	
noaa	893	10	1	9	0	0	0	1.000	0.000	0.100	60	0	4	0.174	-	-	
noaa	934	7	1	6	0	0	0	1.000	0.000	0.143	46	0	19	0.653	-	-	
noaa	985	7	1	6	0	0	0	1.000	0.000	0.143	46	0	13	0.400	-	-	
noaa	1050	8	1	6	0	1	0	1.000	0.000	0.125	48	0	3	0.189	-	-	
noaa	1107	7	1	5	0	1	0	1.000	0.000	0.143	44	0	6	0.437	-	-	
noaa	1165	9	1	8	0	0	0	1.000	0.000	0.111	56	0	0	0.000	-	-	
noaa	1223	9	1	8	0	0	0	1.000	0.000	0.111	56	0	0	0.000	-	-	
noaa	1285	7	1	6	0	0	0	1.000	0.000	0.143	46	0	0	0.000	-	-	
noaa	1354	7	1	6	0	0	0	1.000	0.000	0.143	46	0	0	0.000	-	-	
noaa	1420	7	1	5	0	1	0	1.000	0.000	0.143	43	0	4	0.208	-	-	
noaa	1485	11	1	10	1	0	0	0.909	0.000	0.091	73	1	0	0.000	-	-	
noaa	1560	7	1	6	0	0	0	1.000	0.000	0.143	47	0	0	0.000	-	-	
noaa	1619	7	1	6	0	0	0	1.000	0.000	0.143	47	0	2	0.033	-	-	
noaa	1689	8	0	8	0	0	0	1.000	0.000	0.000	51	0	1	0.014	-	-	
noaa	1699	8	0	8	0	0	0	1.000	0.000	0.000	53	0	0	0.000	-	-	
noaa	1710	10	1	9	0	1	0	1.000	0.000	0.100	58	0	12	0.203	-	-	
noaa	1720	10	0	10	0	0	0	1.000	0.000	0.000	56	0	0	0.000	-	-	
noaa	1728	8	0	8	0	0	0	1.000	0.000	0.000	47	0	0	0.000	-	-	
noaa	1737	9	1	8	0	0	0	1.000	0.000	0.111	66	0	4	0.149	-	-	
noaa	1745	8	1	7	0	0	0	1.000	0.000	0.125	56	0	0	0.000	-	-	
noaa	1750	9	1	8	0	0	0	1.000	0.000	0.111	58	0	1	0.008	-	-	
noaa	1760	7	1	6	0	0	0	1.000	0.000	0.143	48	0	0	0.000	-	-	
noaa	1798	9	1	8	0	0	0	1.000	0.000	0.111	53	0	8	0.132	-	-	
warren	3	1	0	0	0	0	0			0.000	0	0	0		-	-	
warren	5	11	0	9	0	2	0	1.000	0.000	0.000	67	0	0	0.000	-	-	
warren	6	14	5	6	1	4	0	0.857	0.000	0.357	60	0	0	0.000	-	-	
warren	7	25	0	14	3	7	0	0.824	0.000	0.000	125	0	3	0.063	-	-	
warren	8	33	7	19	0	8	0	1.000	0.000	0.212	161	0	0	0.000	-	-	
warren	9	135	0	43	0	93	0	1.000	0.000	0.000	678	0	0	0.000	-	-	
warren	11	93	10	37	9	40	5	0.804	0.058	0.108	464	0	3	0.061	-	-	EAia lee McCLOY
warren	13	387	12	312	27	37	19	0.920	0.051	0.031	2027	0	0	0.000	-	-	assassination assassination assassin
warren	14	469	7	380	33	49	16	0.920	0.035	0.015	2524	0	0	0.000	-	-	assassination assassin relatingto
warren	15	440	5	394	14	29	5	0.966	0.011	0.011	2445	0	0	0.000	-	-	aidedby withhighprofessional ican
warren	16	478	23	400	29	26	9	0.932	0.020	0.048	2623	0	0	0.000	-	-	ber assassination assassination
warren	17	460	7	417	18	17	8	0.959	0.018	0.015	2488	0	0	0.000	-	-	assassination upthe reviewingthe
warren	18	468	2	429	22	15	14	0.951	0.030	0.004	2468	0	0	0.000	-	-	assassination assassination miceasing
warren	19	293	3	264	13	14	1	0.953	0.003	0.010	1523	0	0	0.000	-	-	assassin
warren	21	193	39	132	5	17	3	0.964	0.019	0.202	877	0	0	0.000	-	-	vii ChapterI xvii
warren	22	225	40	158	1	25	1	0.994	0.005	0.178	1030	0	0	0.000	-	-	xviii
warren	23	224	43	144	4	33	3	0.973	0.017	0.192	1033	0	0	0.000	-	-	HideU KiU xix
warren	24	252	40	165	2	44	1	0.988	0.005	0.159	1282	0	0	0.000	-	-	ChapterVIII
warren	25	184	32	130	3	19	2	0.977	0.013	0.174	991	0	0	0.000	-	-	AppendixI xxi
warren	26	248	42	184	3	24	1	0.984	0.005	0.169	1239	0	0	0.000	-	-	xxii
warren	27	243	43	147	1	50	1	0.993	0.005	0.177	1095	0	0	0.000	-	-	xxiii
warren	28	155	46	98	0	11	0	1.000	0.000	0.297	732	0	0	0.000	-	-	
warren	29	327	9	267	9	44	5	0.967	0.016	0.028	1615	0	0	0.000	-	-	assassination assassination onFriday
warren	30	494	9	429	19	41	14	0.958	0.029	0.018	2509	0	0	0.000	-	-	plamiing wasapproved tives
warren	31	526	4	475	23	26	20	0.954	0.038	0.008	2533	0	0	0.000	-	-	orderto onElmStreet themost
warren	32	547	6	494	13	35	6	0.974	0.011	0.011	2629	0	0	0.000	-	-	ing pulsebeat tlie
warren	33	529	12	489	7	25	5	0.986	0.010	0.023	2473	0	0	0.000	-	-	inthe assassin AHien
warren	34	537	26	438	28	50	21	0.940	0.041	0.048	2494	0	0	0.000	-	-	inghouse landladies assassi
warren	35	555	7	482	21	50	14	0.958	0.025	0.013	2493	0	0	0.000	-	-	manon killinghiminstantly stoppedhis
warren	36	546	14	480	14	40	9	0.972	0.017	0.026	2506	0	0	0.000	-	-	assassination responseto themby
warren	37	538	21	436	25	60	19	0.946	0.036	0.039	2565	0	0	0.000	-	-	wasabout andwhen assassination
warren	38	502	9	443	19	35	6	0.959	0.012	0.018	2480	0	0	0.000	-	-	reentered affectionless schiz
warren	39	533	28	450	23	38	9	0.951	0.018	0.053	2439	0	0	0.000	-	-	movingto waswritten reentered
warren	40	525	21	434	11	65	7	0.975	0.014	0.040	2471	0	0	0.000	-	-	motherheplanned workthere theshipping
warren	41	517	19	421	10	70	6	0.977	0.012	0.037	2409	0	0	0.000	-	-	bom FBIif wald
warren	42	545	15	443	4	84	2	0.991	0.004	0.028	2472	0	0	0.000	-	-	liis assassination
warren	43	524	10	434	17	64	14	0.962	0.027	0.019	2511	0	0	0.000	-	-	attheDepository workthere wasborn
warren	44	538	19	446	19	56	14	0.959	0.027	0.035	2500	0	0	0.000	-	-	deniedhaving assas sination
warren	45	526	14	459	12	44	6	0.975	0.012	0.027	2516	0	0	0.000	-	-	urgings rooim hemoved
warren	46	426	8	376	25	18	14	0.938	0.033	0.019	2134	0	0	0.000	-	-	murder pendingon assassination
warren	47	449	9	391	24	28	16	0.942	0.036	0.020	2173	0	0	0.000	-	-	bullet bullet bullet
warren	48	462	9	389	26	34	10	0.937	0.022	0.019	2221	0	0	0.000	-	-	kill killed assassination
warren	49	457	15	375	20	46	9	0.949	0.020	0.033	2223	0	0	0.000	-	-	killed mentin arrangementsmadeby
warren	50	466	6	398	27	33	14	0.936	0.031	0.013	2295	0	0	0.000	-	-	bis witb tbe
warren	51	445	4	410	18	10	7	0.958	0.016	0.009	2328	0	0	0.000	-	-	tributed assassinate kill
warren	52	444	3	408	16	18	5	0.962	0.011	0.007	2306	0	0	0.000	-	-	andcoordination assassination forthe
warren	53	425	8	396	13	7	2	0.968	0.005	0.019	2290	0	0	0.000	-	-	assassination assassination
warren	54	437	9	405	19	5	5	0.955	0.012	0.021	2377	0	0	0.000	-	-	fonnulated alongthe assassination
warren	55	132	2	126	2	2	1	0.984	0.008	0.015	728	0	0	0.000	-	-	neAvs
warren	56	331	8	282	10	31	3	0.966	0.009	0.024	1676	0	0	0.000	-	-	THISCHAPTERdescribes assassination withinthe
warren	57	475	9	411	6	48	1	0.986	0.002	0.019	2306	0	0	0.000	-	-	joumey
warren	58	489	11	422	14	43	8	0.968	0.017	0.022	2451	0	0	0.000	-	-	midertaking dsit someof
warren	59	493	14	436	6	39	2	0.986	0.004	0.028	2467	0	1	0.001	-	-	chargeofthe wasnot
warren	60	503	12	453	6	32	2	0.987	0.004	0.024	2368	0	0	0.000	-	-	anyother routemightbebetter
warren	61	73	16	39	2	14	0	0.951	0.000	0.219	321	0	4	0.079	-	-	
warren	62	39	5	18	2	10	2	0.900	0.067	0.128	145	0	10	0.173	-	-	TEXASf nan
warren	63	48	3	31	2	11	0	0.939	0.000	0.062	229	0	3	0.163	-	-	
warren	64	23	3	13	0	7	0	1.000	0.000	0.130	119	0	6	0.163	-	-	
warren	65	19	3	13	0	3	0	1.000	0.000	0.158	91	0	1	0.030	-	-	
warren	66	31	2	25	2	3	1	0.926	0.033	0.065	156	0	0	0.000	-	-	traflSc
warren	67	502	13	452	15	25	1	0.968	0.002	0.026	2477	0	0	0.000	-	-	vdiich
warren	68	413	16	342	6	50	1	0.983	0.003	0.039	2013	0	0	0.000	-	-	aroused
warren	69	479	13	404	14	50	10	0.967	0.021	0.027	2509	0	0	0.000	-	-	aroused ber newcity
warren	70	433	13	347	12	61	7	0.967	0.017	0.030	2007	0	0	0.000	-	-	olT nell shooi
warren	71	436	7	386	12	32	7	0.970	0.016	0.016	2259	0	0	0.000	-	-	plainclothesmen nedy betweenthe
warren	72	14	4	9	0	1	0	1.000	0.000	0.286	64	0	0	0.000	-	-	
warren	73	518	4	479	10	29	6	0.980	0.012	0.008	2540	0	0	0.000	-	-	ceived bubbletop followup
warren	74	451	6	409	13	32	7	0.969	0.015	0.013	2309	0	0	0.000	-	-	cade followup followup
warren	75	10	2	6	1	1	1	0.857	0.125	0.200	57	0	0	0.000	-	-	ExhibiI
warren	76	451	6	398	10	36	7	0.975	0.016	0.013	2282	0	0	0.000	-	-	followup followup followup
warren	77	483	17	422	11	32	8	0.975	0.017	0.035	2193	0	0	0.000	-	-	theshooting followup perhour
warren	78	529	7	466	17	40	11	0.965	0.021	0.013	2407	0	0	0.000	-	-	fromher amhit niat
warren	79	484	2	443	17	23	16	0.963	0.033	0.004	2232	0	0	0.000	-	-	followup whichremoveda ofthe
warren	80	431	8	375	10	37	9	0.974	0.021	0.019	2121	0	0	0.000	-	-	assassination followup assassination
warren	81	491	12	401	16	62	7	0.962	0.015	0.024	2393	0	0	0.000	-	-	followup followup wenton
warren	82	508	10	415	20	69	9	0.954	0.018	0.020	2471	0	0	0.000	-	-	bullet tracheal endotracheal
warren	83	462	3	423	14	21	5	0.968	0.011	0.006	2261	0	0	0.000	-	-	bullet whoarrived hadexpired
warren	84	478	13	388	14	62	5	0.965	0.011	0.027	2300	0	0	0.000	-	-	bullet reexpand wasconcluded
warren	85	470	8	394	20	51	9	0.952	0.019	0.017	2406	0	0	0.000	-	-	followup assassi waituntil
warren	86	477	6	417	23	32	11	0.948	0.023	0.013	2459	0	0	0.000	-	-	itineraiy takmg wassecure
warren	87	427	16	341	17	62	6	0.953	0.014	0.037	2065	0	0	0.000	-	-	neth hadbe nedy
warren	88	388	13	356	13	10	4	0.965	0.011	0.034	1906	0	0	0.000	-	-	deathwasset dustlike bullet
warren	89	302	8	272	9	14	6	0.968	0.020	0.026	1534	0	0	0.000	-	-	killed assassination bullet
warren	90	59	6	45	0	7	0	1.000	0.000	0.102	220	0	8	0.577	-	-	
warren	91	453	9	412	13	19	12	0.969	0.027	0.020	2058	0	0	0.000	-	-	steamfitter fioor wearinggray
warren	92	499	4	449	9	37	6	0.980	0.012	0.008	2215	0	0	0.000	-	-	nan assassina tion
warren	93	471	3	411	15	46	10	0.965	0.021	0.006	2102	0	0	0.000	-	-	sawnoone windowwith formin
warren	94	14	3	5	2	5	2	0.714	0.167	0.214	69	0	2	0.138	-	-	DiLLARD takenby
warren	95	13	3	5	0	6	0	1.000	0.000	0.231	55	0	4	0.416	-	-	
warren	96	454	9	399	9	31	7	0.978	0.016	0.020	1996	0	0	0.000	-	-	indistinct WhenI mymind
warren	97	17	4	12	0	1	0	1.000	0.000	0.235	79	0	0	0.000	-	-	
warren	98	466	2	410	15	22	13	0.965	0.029	0.004	1900	0	0	0.000	-	-	wasbut hullshitting andthe
warren	99	504	11	455	12	28	9	0.974	0.018	0.022	2383	0	0	0.000	-	-	cordingto wasless assassi
warren	100	522	20	470	8	25	2	0.983	0.004	0.038	2540	0	0	0.000	-	-	whowere adtually
warren	101	28	6	17	2	3	1	0.895	0.045	0.214	121	0	3	0.302	-	-	PACiFiC
warren	102	15	3	8	1	3	0	0.889	0.000	0.200	73	0	5	0.290	-	-	
warren	103	5	2	3	0	0	0	1.000	0.000	0.400	19	0	16	0.871	ink	-	
warren	104	502	10	446	12	33	8	0.974	0.016	0.020	2334	0	0	0.000	-	-	andthought fromthe runningfromtherailroad
warren	105	488	5	440	32	12	28	0.932	0.058	0.010	2351	0	0	0.000	-	-	tenths tenths wasnot
warren	106	13	3	8	0	2	0	1.000	0.000	0.231	66	0	0	0.017	-	-	
warren	107	458	9	395	20	33	13	0.952	0.029	0.020	2259	0	0	0.000	-	-	bullet bullet bullet
warren	108	14	1	12	0	0	0	1.000	0.000	0.071	71	0	2	0.244	-	-	
warren	109	494	23	436	19	28	10	0.958	0.021	0.047	2298	0	0	0.000	-	-	bullet OUt bullet
warren	110	5	2	3	0	0	0	1.000	0.000	0.400	19	0	0	0.000	-	-	
warren	111	16	4	8	1	5	1	0.889	0.071	0.250	83	0	0	0.000	-	-	CoOTnission
warren	112	485	10	429	25	25	15	0.945	0.031	0.021	2412	0	0	0.000	-	-	ora camerabag bullet
warren	113	443	6	384	29	30	20	0.930	0.045	0.014	2349	0	0	0.000	-	-	bullet mutilated bullet
warren	114	532	10	464	30	27	22	0.939	0.042	0.019	2418	0	0	0.000	-	-	bullet bullet missile
warren	115	459	8	405	23	28	16	0.946	0.035	0.017	2159	0	0	0.000	-	-	woundonthe morefully bullets
warren	116	513	8	467	27	10	21	0.945	0.042	0.016	2449	0	0	0.000	-	-	mately mastoid beliind
warren	117	454	7	383	29	34	25	0.930	0.056	0.015	2147	0	0	0.000	-	-	assmnption missile bullet
warren	118	486	5	432	14	35	9	0.969	0.019	0.010	2346	0	0	0.000	-	-	imderlying woundto assassination
warren	119	527	13	468	26	23	22	0.947	0.043	0.025	2502	0	0	0.000	-	-	bullets missile hallistics
warren	120	531	9	497	22	11	20	0.958	0.038	0.017	2460	0	0	0.000	-	-	bullet bullet ofthe
warren	121	533	20	482	16	28	11	0.968	0.021	0.038	2513	0	0	0.000	-	-	ernor nipple bullet
warren	122	572	11	536	25	12	19	0.955	0.033	0.019	2679	0	0	0.000	-	-	andthree nearthe bullet
warren	123	533	15	475	34	13	29	0.933	0.056	0.028	2613	0	0	0.000	-	-	bullets bullet bullet
warren	124	431	1	392	19	18	9	0.954	0.021	0.002	2116	0	0	0.000	-	-	vound bullet bullet
warren	125	493	14	430	25	30	18	0.945	0.037	0.028	2399	0	0	0.000	-	-	assassination andslides madefrom
warren	126	548	25	477	24	26	14	0.952	0.027	0.046	2463	0	0	0.000	-	-	onsitetests leadingthemotorcadecameinto onHouston
warren	127	15	3	12	0	1	0	1.000	0.000	0.200	82	0	0	0.000	-	-	
warren	128	47	8	32	3	6	2	0.914	0.049	0.170	208	0	4	0.213	-	-	ENAaMENT rKAArit
warren	129	19	3	12	4	2	3	0.750	0.167	0.158	107	0	13	0.506	-	-	fNACTMENT KAAflC CJoMMissioN
warren	130	46	8	30	2	8	1	0.938	0.025	0.174	203	0	3	0.054	-	-	ENAaMENT
warren	131	47	7	30	2	9	2	0.938	0.049	0.149	204	0	2	0.016	-	-	ENAaMENT BiSTANCE
warren	132	12	2	10	0	0	0	1.000	0.000	0.167	72	0	0	0.000	-	-	
warren	133	547	22	482	26	19	20	0.949	0.038	0.040	2603	0	0	0.000	-	-	tenths muchbefore ofvariations
warren	134	571	38	505	17	19	12	0.967	0.022	0.067	2544	0	0	0.000	-	-	nally bullet assassin
warren	135	514	7	473	26	11	21	0.948	0.041	0.014	2538	0	0	0.000	-	-	ernor ins bullet
warren	136	59	9	38	4	14	3	0.905	0.054	0.153	296	0	0	0.000	-	-	BiM ENAaMENT ENAaMENT
warren	137	512	9	446	28	29	19	0.941	0.038	0.018	2479	0	0	0.000	-	-	whohadspent bullet bullet
warren	138	516	6	472	29	12	27	0.942	0.053	0.012	2471	0	0	0.000	-	-	bullet bullet cameraposition
warren	139	430	6	399	13	8	9	0.968	0.021	0.014	2048	0	0	0.000	-	-	andthenmost throughthe orthirdshot
warren	140	557	12	501	22	22	14	0.958	0.026	0.022	2638	0	0	0.000	-	-	bullet bullet bullet
warren	141	12	2	8	1	2	1	0.889	0.091	0.167	69	0	9	0.387	-	-	iNAaMENT
warren	142	51	8	31	5	7	3	0.861	0.070	0.157	209	0	2	0.038	-	-	ENAaMENT flM kaaflt
warren	143	493	14	453	16	11	7	0.966	0.015	0.028	2339	0	0	0.000	-	-	bullet wasthe gunmanwouldhave
warren	144	541	4	479	28	30	26	0.945	0.048	0.007	2531	0	0	0.000	-	-	EmmettJ bullet indicatedby
warren	145	457	14	420	14	10	10	0.968	0.023	0.031	2176	0	0	0.000	-	-	bullet cannot circmnstances
warren	146	327	22	251	14	47	11	0.947	0.035	0.067	1589	0	0	0.000	-	-	bullets killed nally
warren	147	510	46	394	15	61	5	0.963	0.011	0.090	2216	0	0	0.000	-	-	handprinting handprinting madeby
warren	148	94	15	34	11	35	5	0.756	0.062	0.160	343	0	7	0.353	-	-	anofmamx katPi eX
warren	149	532	19	448	13	56	7	0.972	0.014	0.036	2468	0	0	0.000	-	-	wasshipped HidelP wEis
warren	150	510	9	419	13	72	4	0.970	0.008	0.018	2370	0	0	0.000	-	-	nated wasa nameon
warren	151	500	10	427	21	39	9	0.953	0.018	0.020	2389	0	0	0.000	-	-	whichwerethere wereof palmprint
warren	152	506	5	455	27	23	11	0.944	0.022	0.010	2385	0	0	0.000	-	-	palmprints palmprint foregrip
warren	153	529	18	462	21	32	16	0.957	0.031	0.034	2427	0	0	0.000	-	-	wearingthe waswear ing
warren	154	27	5	20	1	4	0	0.952	0.000	0.185	146	0	1	0.054	-	-	
warren	155	501	10	459	11	27	8	0.977	0.016	0.020	2526	0	0	0.000	-	-	withwhich hadnotbeen anotherbody
warren	156	509	18	429	12	54	10	0.973	0.020	0.035	2368	0	0	0.000	-	-	eJffect photographsmust havebeentaken
warren	157	421	24	311	26	63	22	0.923	0.055	0.057	2060	0	0	0.000	-	-	assassination palmprint therifle
warren	158	506	18	416	8	61	8	0.981	0.016	0.036	2254	0	0	0.000	-	-	assassination assassination homewith
warren	159	502	9	424	15	47	12	0.966	0.025	0.018	2182	0	0	0.000	-	-	assassination someonehad shotthe
warren	160	22	3	16	1	4	1	0.941	0.048	0.136	104	0	1	0.061	-	-	sixtli
warren	161	564	16	491	8	41	7	0.984	0.013	0.028	2433	0	0	0.000	-	-	assassination goingto buyhis
warren	162	501	9	439	18	32	15	0.961	0.031	0.018	2129	0	0	0.000	-	-	packageunderhis cuphis handbeneath
warren	163	495	5	420	23	40	16	0.948	0.033	0.010	2254	0	0	0.000	-	-	ftngerprint palmprint hag
warren	164	444	11	394	13	20	8	0.968	0.019	0.025	2089	0	0	0.000	-	-	felting discolored cannot
warren	165	424	11	368	15	29	11	0.961	0.027	0.026	1979	0	0	0.000	-	-	scopic baugh delustered
warren	166	20	2	17	0	0	0	1.000	0.000	0.100	99	0	6	0.374	-	-	
warren	167	37	2	37	0	0	0	1.000	0.000	0.054	186	0	1	0.039	-	-	
warren	168	525	20	458	24	25	12	0.950	0.024	0.038	2388	0	0	0.000	-	-	hadbeen movedfrom alongthe
warren	169	507	9	436	24	40	13	0.948	0.026	0.018	2451	0	0	0.000	-	-	palmprint maximumtime cannot
warren	170	25	2	19	1	3	1	0.950	0.043	0.080	131	0	11	0.220	-	-	fSOUTHEAST
warren	171	490	14	425	14	39	5	0.968	0.010	0.029	2261	0	0	0.000	-	-	assassination pushbutton knownto
warren	172	547	38	414	25	63	20	0.943	0.040	0.069	2439	0	0	0.000	-	-	nan saAv mehe
warren	173	542	13	474	20	35	7	0.960	0.013	0.024	2443	0	0	0.000	-	-	hibits assassination assassination
warren	174	519	10	455	12	35	9	0.974	0.018	0.019	2271	0	0	0.000	-	-	assassin assassination minutebefore
warren	175	530	8	484	13	28	9	0.974	0.017	0.015	2456	0	0	0.000	-	-	manas probative assassin
warren	176	19	3	15	0	2	0	1.000	0.000	0.158	83	0	8	0.204	-	-	
warren	177	525	8	463	18	30	12	0.963	0.023	0.015	2369	0	0	0.000	-	-	assassination atthe windowat
warren	178	110	7	71	3	26	0	0.959	0.000	0.064	458	0	9	0.081	-	-	
warren	179	523	7	488	16	11	9	0.968	0.017	0.013	2215	0	0	0.000	-	-	closecl onthe aromid
warren	180	561	16	497	13	36	13	0.975	0.024	0.029	2527	0	0	0.000	-	-	cannot reenacted stairAvay
warren	181	565	3	489	22	52	14	0.957	0.025	0.005	2651	0	0	0.000	-	-	AVe lunchroomwhenseen wascertain
warren	182	549	3	491	3	54	2	0.994	0.004	0.005	2540	0	0	0.000	-	-	bythe huilding
warren	183	556	16	480	9	54	3	0.982	0.006	0.029	2500	0	0	0.000	-	-	nomoreattention fromthe whoinstructed
warren	184	469	17	391	21	40	16	0.949	0.035	0.036	2195	0	0	0.000	-	-	drivino amongthose fomid
warren	185	486	23	404	18	40	13	0.957	0.028	0.047	2128	0	0	0.000	-	-	roominghouse killed gimman
warren	186	154	27	86	2	41	0	0.977	0.000	0.175	558	0	12	0.129	-	-	
warren	187	465	7	390	5	47	4	0.987	0.009	0.015	1840	0	0	0.000	-	-	assassmation salis salis
warren	188	525	10	443	16	59	7	0.965	0.014	0.019	2424	0	0	0.000	-	-	ABeckley roominghouse roominghouse
warren	189	496	25	408	9	50	4	0.978	0.009	0.050	2099	0	0	0.000	-	-	washimall sameman wdiat
warren	190	504	9	451	10	31	8	0.978	0.016	0.018	1971	0	0	0.000	-	-	bkie meone tlie
warren	191	542	29	437	10	68	8	0.978	0.016	0.054	2339	0	0	0.000	-	-	TVhaley roominghouse roominghouse
warren	192	22	2	16	0	4	0	1.000	0.000	0.091	103	0	18	0.430	-	-	
warren	193	510	43	395	24	49	12	0.943	0.026	0.084	2139	0	0	0.000	-	-	tenths roominghouse murder
warren	194	557	20	480	20	44	11	0.960	0.020	0.036	2390	0	0	0.000	-	-	tlie gunman buthe
warren	195	549	10	467	17	57	11	0.965	0.020	0.018	2459	0	0	0.000	-	-	wliich kill bocly
warren	196	541	16	459	15	57	7	0.968	0.013	0.030	2416	0	0	0.000	-	-	probative gunman gmifire
warren	197	548	8	477	10	56	4	0.979	0.007	0.015	2390	0	0	0.000	-	-	murder laway gunman
warren	198	14	3	8	0	2	0	1.000	0.000	0.214	63	0	1	0.276	-	-	
warren	199	508	10	418	14	67	6	0.968	0.012	0.020	2460	0	0	0.000	-	-	manhe gunman eyewit
warren	200	469	4	394	35	39	29	0.918	0.062	0.009	2353	0	0	0.000	-	-	bullets bullets bullets
warren	201	293	50	83	54	116	40	0.606	0.158	0.171	1051	0	6	0.123	misread	-	ioJeU QrmA thefsftowin
warren	202	508	35	397	11	70	7	0.973	0.015	0.069	2188	0	0	0.000	-	-	tributor hada inchbarrel
warren	203	500	19	410	11	58	5	0.974	0.010	0.038	2275	0	0	0.000	-	-	roominghouse murder gunman
warren	204	475	14	388	16	59	12	0.960	0.026	0.029	2157	0	0	0.000	-	-	gunman wornby manthey
warren	205	23	3	14	0	7	0	1.000	0.000	0.130	106	0	0	0.000	-	-	
warren	206	579	7	513	11	45	7	0.979	0.012	0.012	2404	0	0	0.000	-	-	extendmg rmming shoestore
warren	207	555	7	481	15	51	12	0.970	0.022	0.013	2442	0	0	0.000	-	-	whohelped ald fouror
warren	208	459	10	382	18	45	15	0.955	0.034	0.022	2259	0	0	0.000	-	-	yhen homicide AVhen
warren	209	483	11	404	10	59	7	0.976	0.015	0.023	2163	0	0	0.000	-	-	numberof smallerphotographwas VHien
warren	210	485	10	412	10	54	9	0.976	0.019	0.021	2145	0	0	0.000	-	-	tliat whyhe roominghouse
warren	211	468	17	396	17	36	7	0.959	0.016	0.036	2042	0	0	0.000	-	-	onthe EdwinA bullet
warren	212	529	20	470	13	27	9	0.973	0.018	0.038	2161	0	0	0.000	-	-	belieive etc etc
warren	213	535	31	452	17	38	10	0.964	0.020	0.058	2450	0	0	0.000	-	-	mdicated wereliving ary
warren	214	522	6	443	30	37	23	0.937	0.045	0.011	2559	0	0	0.000	-	-	shootingJ tenths lier
warren	215	493	12	410	21	50	17	0.951	0.035	0.024	2408	0	0	0.000	-	-	probative bullet probative
warren	216	480	23	384	13	57	12	0.967	0.026	0.048	2101	0	0	0.000	-	-	StatesJ FBIagents andto
warren	217	455	13	387	20	34	15	0.951	0.034	0.029	2098	0	0	0.000	-	-	duringthe lier mayhavebeen
warren	218	428	7	384	7	20	3	0.982	0.007	0.016	1817	0	0	0.000	-	-	particidarly ation crosshair
warren	219	474	16	423	10	24	6	0.977	0.013	0.034	2209	0	0	0.000	-	-	viewmg alinement wdth
warren	220	410	6	362	8	39	2	0.978	0.005	0.015	1939	0	0	0.000	-	-	shotJ himtake
warren	221	531	25	472	23	14	18	0.954	0.035	0.047	2385	0	0	0.000	-	-	assassination woukl operatiil
warren	222	602	28	540	20	16	15	0.964	0.026	0.047	2587	0	0	0.000	-	-	mayhave durincr assassination
warren	223	486	16	418	19	34	14	0.957	0.030	0.033	2285	0	0	0.000	-	-	assassination assassination assassina
warren	224	344	9	309	4	23	4	0.987	0.012	0.026	1707	0	0	0.000	-	-	assassination concerningthe pressroom
warren	225	43	12	26	0	6	0	1.000	0.000	0.279	167	0	39	0.403	-	-	
warren	226	516	38	398	16	65	10	0.961	0.021	0.074	2303	0	0		-	-	homicide whoseized homicide
warren	227	504	33	405	13	53	6	0.969	0.013	0.065	2283	0	0	0.000	-	-	mitiute himthat wasno
warren	228	445	5	401	17	22	12	0.959	0.027	0.011	2211	0	0	0.000	-	-	andhe seemedto whatI
warren	229	412	8	349	8	48	6	0.978	0.015	0.019	1931	0	0	0.000	-	-	kill havenot murder
warren	230	437	9	396	10	11	7	0.975	0.017	0.021	2102	0	0	0.000	-	-	maybelike ofotherbureauslocated onthethird
warren	231	16	3	9	3	3	1	0.750	0.067	0.188	65	0	0	0.000	-	-	rntnm
warren	232	494	3	435	27	17	17	0.942	0.035	0.006	2414	0	0	0.000	-	-	homicide waythrough whowasescorted
warren	233	16	4	8	1	4	1	0.889	0.077	0.250	76	0	0	0.000	-	-	movecl
warren	234	498	7	440	18	28	8	0.961	0.016	0.014	2428	0	0	0.000	-	-	cardsJ killed homicide
warren	235	13	2	9	0	2	0	1.000	0.000	0.154	65	0	1	0.082	-	-	
warren	236	486	5	437	17	24	9	0.963	0.019	0.010	2338	0	0	0.000	-	-	whocould nothear admonitions
warren	237	531	12	478	8	29	6	0.984	0.012	0.023	2337	0	0	0.000	-	-	coimty wewait uniden
warren	238	557	7	509	13	29	5	0.975	0.009	0.013	2603	0	0	0.000	-	-	ent begim whowas
warren	239	39	13	15	0	11	0	1.000	0.000	0.333	134	0	1	0.022	-	-	
warren	240	516	4	491	9	12	4	0.982	0.008	0.008	2535	0	0	0.000	-	-	thebase ment tlie
warren	241	517	13	465	9	25	4	0.981	0.008	0.025	2369	0	0	0.000	-	-	twolines rampto wasbrought
warren	242	23	4	11	4	4	3	0.733	0.158	0.174	111	0	1	0.189	-	-	areaway oflace immediatelybefore
warren	243	544	5	490	6	45	5	0.988	0.009	0.009	2471	0	0	0.000	-	-	tlien ingoneblock iollowup
warren	244	465	12	401	15	35	7	0.964	0.016	0.026	2131	0	0	0.000	-	-	throughthe wereturned din
warren	245	23	4	14	1	2	1	0.933	0.059	0.174	94	0	5	0.219	-	-	lAIL
warren	246	15	4	5	0	6	0	1.000	0.000	0.267	70	0	0	0.000	-	-	
warren	247	538	13	495	16	14	6	0.969	0.011	0.024	2580	0	0	0.000	-	-	assassin kill assassina
warren	248	20	4	12	0	4	0	1.000	0.000	0.200	104	0	0	0.000	-	-	
warren	249	535	16	495	5	22	1	0.990	0.002	0.030	2380	0	0	0.000	-	-	TVFort
warren	250	513	8	485	9	15	3	0.982	0.006	0.016	2453	0	0	0.000	-	-	TVcamera TVcamera havingbeen
warren	251	5	2	3	0	0	0	1.000	0.000	0.400	19	0	1	0.819	-	-	
warren	252	520	15	459	15	32	9	0.968	0.018	0.029	2468	0	0	0.000	-	-	assassina tion onthat
warren	253	408	4	364	13	23	7	0.966	0.018	0.010	2124	0	0	0.000	-	-	fromthefail ure whichthe
warren	254	487	4	446	23	14	15	0.951	0.031	0.008	2545	0	0	0.000	-	-	tive thembeing assassination
warren	255	502	1	469	20	16	7	0.959	0.014	0.002	2496	0	0	0.000	-	-	homicide thebasementassembly menwere
warren	256	493	2	457	13	12	7	0.972	0.015	0.004	2337	0	0	0.000	-	-	aroused theprocesses oflaw
warren	257	497	6	449	19	26	5	0.959	0.010	0.012	2348	0	0	0.000	-	-	ures meto trans
warren	258	490	5	446	9	28	4	0.980	0.008	0.010	2288	0	0	0.000	-	-	immarked npj hadbeen
warren	259	479	1	440	14	14	8	0.969	0.017	0.002	2309	0	0	0.000	-	-	comingbecause wastryingto ofthe
warren	260	14	2	12	0	0	0	1.000	0.000	0.143	67	0	1	0.130	-	-	
warren	261	491	9	439	14	32	8	0.969	0.016	0.018	2171	0	0	0.000	-	-	duringNovember andto wardthe
warren	262	412	3	350	20	32	12	0.946	0.030	0.007	1994	0	0	0.000	-	-	atthistimethey willbefavorable youhave
warren	263	511	6	452	18	35	10	0.962	0.020	0.012	2478	0	0	0.000	-	-	promptu morningof assassination
warren	264	501	7	447	15	29	9	0.968	0.018	0.014	2304	0	0	0.000	-	-	himby killed killed
warren	265	455	9	398	16	33	12	0.961	0.027	0.020	2322	0	0	0.000	-	-	suppliedby mOak forthe
warren	266	523	5	468	21	32	6	0.957	0.012	0.010	2576	0	0	0.000	-	-	hadnever murders misstatements
warren	267	465	3	431	12	20	5	0.973	0.011	0.006	2389	0	0	0.000	-	-	showedthat publicthat hewouldask
warren	268	479	1	453	14	11	8	0.970	0.017	0.002	2447	0	0	0.000	-	-	murders divulgence assassination
warren	269	447	4	406	20	16	12	0.953	0.027	0.009	2205	0	0	0.000	-	-	tions hun pressureupon
warren	270	280	3	261	7	11	3	0.974	0.011	0.011	1393	0	0	0.000	-	-	assassination assassination ber
warren	271	353	1	314	17	21	12	0.949	0.034	0.003	1847	0	0	0.000	-	-	THISchapter assassination assassinate
warren	272	499	7	435	25	33	16	0.946	0.032	0.014	2650	0	0	0.000	-	-	assassination wereso assassination
warren	273	462	2	425	10	26	5	0.977	0.011	0.004	2382	0	0	0.000	-	-	assassination nedy assassination
warren	274	474	16	386	21	54	7	0.948	0.015	0.034	2413	0	0	0.000	-	-	fromthe madenoturnnearthe extendingbeyond
warren	275	499	17	401	17	63	10	0.959	0.021	0.034	2386	0	0	0.000	-	-	hedid whomshe ofthis
warren	276	535	4	474	21	36	13	0.958	0.024	0.007	2466	0	0	0.000	-	-	whichhe whichhewaswearing noevidence
warren	277	524	14	473	23	16	16	0.954	0.031	0.027	2578	0	0	0.000	-	-	assassin areanearthe assassin
warren	278	548	12	503	7	30	7	0.986	0.013	0.022	2513	0	0	0.000	-	-	dow assas sination
warren	279	532	13	459	16	41	10	0.966	0.019	0.024	2403	0	0	0.000	-	-	assassination ornothe hadbeen
warren	280	486	13	410	21	44	14	0.951	0.029	0.027	2346	0	0	0.000	-	-	assassination assassination assassination
warren	281	550	26	459	19	46	13	0.960	0.025	0.047	2513	0	0	0.000	-	-	assassination oneof assassination
warren	282	486	14	418	15	38	4	0.965	0.008	0.029	2302	0	0	0.000	-	-	whenTippit assassination assassination
warren	283	408	3	370	17	18	5	0.956	0.012	0.007	1941	0	0	0.000	-	-	vance assassination assassination
warren	284	507	11	439	9	48	2	0.980	0.004	0.022	2381	0	0	0.000	-	-	mayhave assassinating
warren	285	571	23	495	6	46	3	0.988	0.005	0.040	2551	0	0	0.000	-	-	madethe ood mostunlikely
warren	286	518	25	435	8	53	1	0.982	0.002	0.048	2383	0	0	0.000	-	-	whichcommences
warren	287	589	11	507	21	53	9	0.960	0.015	0.019	3016	0	0	0.000	-	-	muchthe hetranscribed knownto
warren	288	560	10	471	27	54	15	0.946	0.027	0.018	2786	0	0	0.000	-	-	suicide viet suicide
warren	289	32	5	11	4	9	3	0.733	0.125	0.156	109	0	5	0.543	-	-	focTMHHua MocKBa AMci
warren	290	487	13	422	16	34	4	0.963	0.008	0.027	2369	0	0	0.000	-	-	rould dis wald
warren	291	35	5	12	6	12	2	0.667	0.067	0.143	144	0	7	0.734	-	-	fciii imiiai
warren	292	83	9	22	15	28	6	0.595	0.092	0.108	207	0	59	0.533	-	-	fie iT ied
warren	293	514	12	434	20	50	10	0.956	0.020	0.023	2581	0	0	0.000	-	-	oiRcial ofhis beinganeffective
warren	294	483	10	429	10	37	5	0.977	0.011	0.021	2257	0	0	0.000	-	-	vember ber CIAhas
warren	295	455	8	385	16	45	5	0.960	0.011	0.018	2185	0	0	0.000	-	-	circimistances suicide wald
warren	296	25	4	15	1	5	1	0.938	0.048	0.160	108	0	0	0.000	-	-	uiVYALD
warren	297	522	23	433	16	49	5	0.964	0.010	0.044	2399	0	0	0.000	-	-	whowere citj wald
warren	298	40	4	26	0	10	0	1.000	0.000	0.100	191	0	0	0.000	-	-	
warren	299	55	4	28	0	22	0	1.000	0.000	0.073	265	0	1	0.022	-	-	
warren	300	536	8	476	20	35	4	0.960	0.008	0.015	2558	0	0	0.000	-	-	mterviews wald retum
warren	301	34	3	23	1	6	0	0.958	0.000	0.088	130	0	24	0.402	-	-	
warren	302	532	14	456	15	47	7	0.968	0.014	0.026	2520	0	0	0.000	-	-	wald CIAhas summerof
warren	303	484	9	415	20	42	14	0.954	0.029	0.019	2376	0	0	0.000	-	-	ington himto vid
warren	304	447	2	386	14	39	7	0.965	0.016	0.004	2236	0	0	0.000	-	-	hewouldhavebeen advancepermission unidentified
warren	305	488	13	418	15	42	8	0.965	0.017	0.027	2419	0	0	0.000	-	-	etc spotchecked weremoresevere
warren	306	513	13	436	12	53	5	0.973	0.010	0.025	2464	0	0	0.000	-	-	MVDof ficial MVDofficial
warren	307	474	16	406	18	33	9	0.958	0.020	0.034	2311	0	0	0.000	-	-	portant predeparture hadbeen
warren	308	494	4	433	21	41	14	0.954	0.028	0.008	2481	0	0	0.000	-	-	diaryj retumed wasnot
warren	309	514	10	435	7	71	6	0.984	0.012	0.019	2549	0	0	0.000	-	-	whenmarital andher wereinterviewed
warren	310	535	13	427	11	78	5	0.975	0.010	0.024	2439	0	0	0.000	-	-	whomspeak schildt wasshot
warren	311	506	16	418	13	65	9	0.970	0.018	0.032	2440	0	0	0.001	-	-	attack schildt bom
warren	312	522	14	399	8	102	5	0.980	0.010	0.027	2453	0	0	0.000	-	-	schildts assassination AYhen
warren	313	515	13	409	13	83	3	0.969	0.006	0.025	2404	0	0	0.000	-	-	FBIagents assassination betAveen
warren	314	526	7	468	11	43	4	0.977	0.008	0.013	2595	0	0	0.000	-	-	delphia madeno attack
warren	315	452	6	383	23	44	5	0.943	0.011	0.013	2392	0	0	0.000	-	-	waywiththe assassination assassinate
warren	316	521	7	445	14	49	8	0.969	0.016	0.013	2474	0	0	0.000	-	-	yas tember antiprogressive
warren	317	496	6	424	11	56	6	0.975	0.012	0.012	2477	0	0	0.000	-	-	assassination assassination tober
warren	318	439	9	371	13	46	4	0.966	0.009	0.021	2055	0	0	0.000	-	-	homein wasout mea
warren	319	515	3	458	24	28	10	0.950	0.020	0.006	2434	0	0	0.000	-	-	guamatee moveor andthis
warren	320	537	14	445	18	63	6	0.961	0.011	0.026	2575	0	0	0.000	-	-	adclress whowas FBIhas
warren	321	475	12	403	15	51	8	0.964	0.017	0.025	2348	0	0	0.000	-	-	AVelcome nameon wholives
warren	322	633	13	475	51	85	40	0.903	0.065	0.021	3029	0	0	0.002	-	-	diiqrsced citiuni jost
warren	323	489	9	408	17	50	6	0.960	0.013	0.018	2336	0	0	0.000	-	-	menchiefly liam wasto
warren	324	469	7	384	23	50	9	0.943	0.020	0.015	2242	0	0	0.000	-	-	hehad rightwing WhatI
warren	325	516	15	439	20	34	8	0.956	0.016	0.029	2446	0	0	0.000	-	-	wentto piec ISTovember
warren	326	506	10	443	9	46	6	0.980	0.012	0.020	2504	0	0	0.000	-	-	oflFered rey hehad
warren	327	495	9	390	22	73	14	0.947	0.029	0.018	2429	0	0	0.000	-	-	makea onthe somecorroboration
warren	328	77	9	18	7	37	5	0.720	0.081	0.117	331	0	18	0.420	-	-	txmxu eSTAOOS IMt
warren	329	525	12	419	20	72	11	0.954	0.022	0.023	2436	0	0	0.000	-	-	ber heintended remainin
warren	330	551	2	465	26	41	11	0.947	0.021	0.004	2359	0	0	0.000	-	-	svhich declarant declarant
warren	331	57	5	30	5	15	4	0.857	0.080	0.088	251	0	0	0.000	-	-	blB nxjui FATaZRLATO
warren	332	484	5	408	20	55	9	0.953	0.019	0.010	2461	0	0	0.000	-	-	assassination memberof comiected
warren	333	522	1	460	16	44	8	0.966	0.015	0.002	2657	0	0	0.000	-	-	cannot unidentified assassination
warren	334	173	21	57	19	55	8	0.750	0.061	0.121	623	0	15	0.142	-	-	iVH tarminal del
warren	335	535	7	446	27	59	21	0.943	0.039	0.013	2554	0	0	0.001	-	-	assassination hehadbeen somewherein
warren	336	546	6	478	9	56	7	0.982	0.013	0.011	2549	0	0	0.000	-	-	assassination killed assassination
warren	337	519	17	414	20	67	10	0.954	0.020	0.033	2523	0	0	0.000	-	-	assassination assassination mightbe
warren	338	530	9	450	15	53	11	0.968	0.021	0.017	2364	0	0	0.000	-	-	cedure whomOswald manwho
warren	339	56	5	17	5	15	0	0.773	0.000	0.089	122	0	35	0.564	-	-	
warren	340	539	23	446	14	56	7	0.970	0.014	0.043	2467	0	0	0.000	-	-	hoxes assassination ame
warren	341	511	10	431	21	51	6	0.954	0.012	0.020	2562	0	0	0.000	-	-	thereof assassination onhis
warren	342	503	4	434	5	64	4	0.989	0.008	0.008	2458	0	0	0.000	-	-	LeeHOswald forminstructed decidedto
warren	343	531	11	442	19	61	9	0.959	0.017	0.021	2538	0	0	0.000	-	-	underthe ficititious wdth
warren	344	554	15	471	27	49	17	0.946	0.031	0.027	2552	0	0	0.000	-	-	repairtagto liis TVreporters
warren	345	528	7	443	24	53	13	0.949	0.025	0.013	2466	0	0	0.000	-	-	hadneverbeen onthepremisesbefore assassination
warren	346	515	6	445	22	40	14	0.953	0.028	0.012	2427	0	0	0.000	-	-	FBIinterview inject somepersonal
warren	347	510	13	439	22	38	14	0.952	0.028	0.025	2445	0	0	0.000	-	-	assassination waspartially fromreaching
warren	348	525	10	454	19	48	13	0.960	0.025	0.019	2501	0	0	0.000	-	-	assassination sporterizing assassination
warren	349	507	6	425	17	59	5	0.962	0.010	0.012	2396	0	0	0.000	-	-	coemployees managerat assassination
warren	350	529	14	422	15	76	13	0.966	0.025	0.026	2387	0	0	0.000	-	-	eration unidentified JUREactivities
warren	351	547	42	399	7	99	2	0.983	0.004	0.077	2399	0	0	0.000	-	-	wasquite notickets
warren	352	559	10	442	8	103	3	0.982	0.005	0.018	2507	0	0	0.000	-	-	reinterviewed ber guez
warren	353	509	6	422	17	65	13	0.961	0.026	0.012	2494	0	0	0.000	-	-	mayhave forepart uncorroborated
warren	354	526	5	434	18	70	13	0.960	0.025	0.010	2548	0	0	0.000	-	-	transporta tion fromMoscowto
warren	355	512	4	422	9	78	5	0.979	0.010	0.008	2433	0	0	0.001	-	-	conununi cated wald
warren	356	504	18	434	12	40	8	0.973	0.016	0.036	2486	0	0	0.000	-	-	andby whichhe werequeried
warren	357	518	17	439	12	52	6	0.973	0.012	0.033	2453	0	0	0.000	-	-	knownexpenditures andhis ber
warren	358	539	26	455	8	50	5	0.983	0.010	0.048	2409	0	0	0.000	-	-	roominghouse disbursements assassination
warren	359	540	24	438	7	73	5	0.984	0.010	0.044	2474	0	0	0.000	-	-	inexpensively appearthat comiection
warren	360	529	8	447	15	54	11	0.968	0.021	0.015	2561	0	0	0.000	-	-	andthe anyother assassination
warren	361	451	17	383	14	42	6	0.965	0.014	0.038	2255	0	0	0.000	-	-	kill makehis attack
warren	362	524	13	441	13	59	4	0.971	0.008	0.025	2539	0	0	0.000	-	-	vith turnedto twonightclubs
warren	363	475	10	400	17	40	11	0.959	0.024	0.021	2263	0	0	0.000	-	-	partment appearingin morningpaper
warren	364	560	32	476	11	42	4	0.977	0.008	0.057	2513	0	0	0.000	-	-	duringwhichKantorcouldhave coattails undernor
warren	365	508	21	413	17	58	13	0.960	0.027	0.041	2327	0	0	0.000	-	-	assassination wasgoing imnerved
warren	366	512	10	440	16	41	7	0.965	0.014	0.020	2261	0	0	0.000	-	-	wedecided manyyears mylife
warren	367	118	8	77	14	21	11	0.846	0.098	0.068	557	0	2	0.081	-	-	tvanieu sui ance
warren	368	532	9	489	15	24	10	0.970	0.019	0.017	2460	0	0	0.000	-	-	assassination postservice wastold
warren	369	39	5	34	1	1	1	0.971	0.028	0.128	186	0	0	0.000	-	-	rimmed
warren	370	527	6	453	14	45	9	0.970	0.018	0.011	2425	0	0	0.000	-	-	assassmation kill whenChief
warren	371	526	9	464	14	41	8	0.971	0.015	0.017	2502	0	0	0.000	-	-	liis drmks didnot
warren	372	509	5	439	19	47	12	0.959	0.024	0.010	2463	0	0	0.000	-	-	assassination assassination includmg
warren	373	493	9	435	14	29	8	0.969	0.017	0.018	2179	0	0	0.000	-	-	whys whythese trving
warren	374	539	9	484	8	38	5	0.984	0.009	0.017	2477	0	0	0.000	-	-	assassination leavinghis rifleshots
warren	375	513	7	440	17	49	4	0.963	0.008	0.014	2498	0	0	0.000	-	-	nondrinker assassi hebelieved
warren	376	513	19	413	14	68	11	0.967	0.022	0.037	2415	0	0	0.000	-	-	assassinated temptingto behelpful
warren	377	519	14	433	8	67	5	0.982	0.010	0.027	2449	0	0	0.000	-	-	cago assassination assassination
warren	378	518	22	407	11	73	8	0.974	0.016	0.042	2384	0	0	0.000	-	-	hewasgoingto hassaid hedidnot
warren	379	184	33	82	24	47	10	0.774	0.065	0.179	630	0	8	0.251	-	-	mA iH CARkOADINP
warren	380	538	14	464	16	38	7	0.967	0.014	0.026	2485	0	0	0.000	-	-	wentto howshe wasfeeling
warren	381	476	8	415	13	37	7	0.970	0.015	0.017	2176	0	0	0.001	-	-	sometimebetween wassome apartmenton
warren	382	533	11	478	12	25	3	0.976	0.006	0.021	2246	0	0	0.000	-	-	automobiletaking wreaths docu
warren	383	92	7	70	1	18	1	0.986	0.011	0.076	402	0	3	0.373	-	-	ffo
warren	384	16	2	10	0	4	0	1.000	0.000	0.125	74	0	4	0.172	-	-	
warren	385	505	18	412	38	37	20	0.916	0.041	0.036	2498	0	0	0.000	-	-	ments ofnewsmenand whowerecrowded
warren	386	534	6	466	18	44	13	0.963	0.025	0.011	2644	0	0	0.000	-	-	haviorby hitchhiked noevidence
warren	387	500	9	429	14	54	3	0.968	0.006	0.018	2393	0	0	0.000	-	-	examinedthe ing havebeen
warren	388	512	13	437	15	45	5	0.967	0.010	0.025	2329	0	0	0.000	-	-	claimto stabil whp
warren	389	542	13	449	8	73	2	0.982	0.004	0.024	2553	0	0	0.000	-	-	imcertainty whoresembled
warren	390	513	9	450	19	36	9	0.959	0.018	0.018	2564	0	0	0.000	-	-	ofthe whoclaimed assertedly
warren	391	545	18	444	15	68	5	0.967	0.009	0.033	2485	0	0	0.000	-	-	wald twistboard ber
warren	392	518	11	436	10	61	7	0.978	0.014	0.021	2481	0	0	0.000	-	-	pianoplayer guerite nof
warren	393	480	14	423	16	31	10	0.964	0.021	0.029	2389	0	0	0.000	-	-	obvi ated assassination
warren	394	478	12	431	22	30	5	0.951	0.010	0.025	2449	0	0	0.000	-	-	attacks poolhall assassination
warren	395	535	5	497	10	26	3	0.980	0.006	0.009	2539	0	0	0.000	-	-	ultraconservative nedy jjg
warren	396	524	16	433	12	68	4	0.973	0.008	0.031	2442	0	0	0.000	-	-	hasbeen forthe hadvisited
warren	397	517	13	446	15	51	11	0.967	0.021	0.025	2513	0	0	0.000	-	-	assassination ber assassination
warren	398	499	7	438	20	37	11	0.956	0.022	0.014	2448	0	0	0.000	-	-	jeeps assassination workingforhim
warren	399	507	26	434	13	37	5	0.971	0.010	0.051	2470	0	0	0.000	-	-	andbackground ersville imable
warren	400	466	18	383	21	50	11	0.948	0.024	0.039	2363	0	0	0.000	-	-	uby intoxicated comebackfor
warren	401	482	5	445	15	18	6	0.967	0.013	0.010	2469	0	0	0.000	-	-	significancetothepapers assassination kill
warren	402	214	2	168	11	33	5	0.939	0.024	0.009	1050	0	0	0.000	-	-	assassinate assassination assassination
warren	403	375	1	345	11	18	8	0.969	0.021	0.003	1850	0	0	0.000	-	-	assassin assassination assassination
warren	404	507	3	458	20	26	13	0.958	0.026	0.006	2501	0	0	0.000	-	-	whohe himbut manwho
warren	405	520	19	433	9	61	5	0.980	0.010	0.037	2365	0	0	0.000	-	-	assassinate employmentrelations attemptto
warren	406	531	14	482	6	32	4	0.988	0.008	0.026	2355	0	0	0.000	-	-	ownexcuses saleslady ratherthanto
warren	407	531	7	461	20	43	13	0.958	0.025	0.013	2492	0	0	0.000	-	-	whomhehad wherethe himbe
warren	408	489	2	444	24	19	9	0.949	0.018	0.004	2346	0	0	0.000	-	-	wald togs schizoid
warren	409	502	3	443	20	37	15	0.957	0.030	0.006	2475	0	0	0.000	-	-	characterizations muchinclination ceptualisation
warren	410	496	7	448	13	27	6	0.972	0.012	0.014	2314	0	0	0.000	-	-	tion tliis ineffectualness
warren	411	517	4	459	11	43	7	0.977	0.014	0.008	2381	0	0	0.000	-	-	morebashful wasnot somefights
warren	412	524	8	461	16	33	5	0.966	0.010	0.015	2368	0	0	0.000	-	-	ture kill cetera
warren	413	546	2	494	18	28	4	0.965	0.007	0.004	2574	0	0	0.000	-	-	wald muchto knewless
warren	414	535	5	487	14	25	6	0.972	0.011	0.009	2437	0	0	0.000	-	-	underaper secution waskind
warren	415	524	7	450	21	42	13	0.955	0.025	0.013	2554	0	0	0.000	-	-	meansto hadjust reversethe
warren	416	455	3	392	15	37	2	0.963	0.005	0.007	2056	0	0	0.000	-	-	anyparticular vitch
warren	417	500	3	430	13	33	7	0.971	0.015	0.006	2156	0	0	0.000	-	-	wald neversaid meagain
warren	418	492	10	428	10	44	3	0.977	0.006	0.020	2243	0	0	0.000	-	-	summerof hadarranged onbehalf
warren	419	498	4	449	18	18	10	0.961	0.021	0.008	2199	0	0	0.000	-	-	wasto sprit enterpraising
warren	420	466	11	384	21	39	18	0.948	0.041	0.024	1960	0	0	0.000	-	-	hadnot kill american
warren	421	477	6	429	14	28	5	0.968	0.011	0.013	2291	0	0	0.000	-	-	appling myAmerican mightknow
warren	422	444	9	384	19	36	17	0.953	0.039	0.020	2086	0	0	0.000	-	-	relats concious whatsort
warren	423	486	9	438	14	26	6	0.969	0.013	0.019	2208	0	0	0.000	-	-	assassination indepence negleck
warren	424	29	3	17	0	9	0	1.000	0.000	0.103	139	0	1	0.105	-	-	
warren	425	435	3	390	28	10	22	0.933	0.051	0.007	2078	0	0	0.000	-	-	abonded american alot
warren	426	386	7	330	30	17	25	0.917	0.066	0.018	1940	0	0	0.000	-	-	sociaty andwithoutregardto ofMarxiom
warren	427	490	2	440	35	13	31	0.926	0.064	0.004	2310	0	0	0.000	-	-	offen anarchist fasist
warren	428	472	8	395	9	57	2	0.978	0.004	0.017	2153	0	0	0.000	-	-	benei sia
warren	429	483	10	424	5	46	2	0.988	0.004	0.021	2181	0	0	0.000	-	-	enschildt mywife
warren	430	521	12	461	20	31	10	0.958	0.020	0.023	2444	0	0	0.000	-	-	highchair myplace assassination
warren	431	534	18	466	17	34	3	0.965	0.006	0.034	2511	0	0	0.000	-	-	waldto othei withhis
warren	432	521	21	446	14	40	5	0.970	0.010	0.040	2343	0	0	0.000	-	-	hadpreviously kinda damn
warren	433	416	1	392	8	15	8	0.980	0.019	0.002	1905	0	0	0.000	-	-	attack whathe wasnot
warren	434	495	1	450	25	16	17	0.947	0.035	0.002	2296	0	0	0.000	-	-	manin assassination hmi
warren	435	546	23	449	17	60	15	0.964	0.029	0.042	2484	0	0		-	-	mieventful guier namethat
warren	436	540	17	442	21	65	13	0.955	0.025	0.031	2487	0	0	0.000	-	-	officialy attacked whoseemed
warren	437	85	7	50	10	18	6	0.833	0.077	0.082	359	0	4	0.112	-	-	FxHiiB MEMmRm oiit
warren	438	476	5	407	19	41	5	0.955	0.011	0.011	2240	0	0	0.000	-	-	ent wasgreatly impededby
warren	439	515	7	451	21	31	11	0.956	0.022	0.014	2273	0	0	0.000	-	-	amnot muithat hadreceived
warren	440	482	9	425	10	37	8	0.977	0.017	0.019	2119	0	0	0.000	-	-	peared attacked attack
warren	441	550	10	465	12	64	6	0.975	0.011	0.018	2383	0	0	0.000	-	-	hijack tember delphia
warren	442	543	10	463	16	50	7	0.967	0.013	0.018	2570	0	0	0.000	-	-	assassination vember attacked
warren	443	511	8	441	19	46	8	0.959	0.016	0.016	2417	0	0	0.000	-	-	assassination andhis goto
warren	444	500	6	438	18	36	12	0.961	0.024	0.012	2245	0	0	0.000	-	-	attened attack epitomizing
warren	445	536	6	471	9	52	2	0.981	0.004	0.011	2327	0	0	0.000	-	-	herwhen mebut
warren	446	529	4	464	13	40	9	0.973	0.017	0.008	2358	0	0	0.000	-	-	herhusbandhadchanged andthat wasvery
warren	447	573	6	495	13	59	8	0.974	0.014	0.010	2494	0	0	0.000	-	-	ging assassination whowasnot
warren	448	513	10	453	8	39	6	0.983	0.012	0.019	2081	0	0	0.000	-	-	interrest assassination viet
warren	449	490	7	434	13	36	10	0.971	0.021	0.014	2032	0	0	0.000	-	-	meto andthat wouldbe
warren	450	550	12	496	6	36	4	0.988	0.007	0.022	2403	0	0	0.000	-	-	whowas assassinating promptedbythebirthday
warren	451	530	1	494	16	17	11	0.969	0.021	0.002	2502	0	0	0.000	-	-	assassinate milikely assassination
warren	452	52	1	46	1	4	1	0.979	0.020	0.019	253	0	0	0.000	-	-	assassinating
warren	453	368	15	313	10	32	4	0.969	0.011	0.041	1870	0	0	0.000	-	-	attacks attacked assassinated
warren	454	469	1	435	13	19	5	0.971	0.011	0.002	2381	0	0	0.000	-	-	iis tlie overthe
warren	455	499	6	469	6	18	5	0.987	0.010	0.012	2416	0	0	0.000	-	-	ington fromNewYorkto fromWashington
warren	456	429	2	399	14	14	3	0.966	0.007	0.005	2256	0	0	0.000	-	-	assassination assassination isit
warren	457	491	12	437	16	26	8	0.965	0.017	0.024	2475	0	0	0.000	-	-	sonrces assassination inteWgence
warren	458	509	13	457	18	21	11	0.962	0.022	0.026	2539	0	0	0.000	-	-	tlie miglit assassination
warren	459	520	17	477	10	17	5	0.979	0.010	0.033	2592	0	0	0.000	-	-	assassination PRSon PRSwere
warren	460	458	5	437	11	11	7	0.975	0.015	0.011	2351	0	0	0.000	-	-	aoainst nien fonnof
warren	461	505	4	445	19	38	9	0.959	0.018	0.008	2564	0	0	0.000	-	-	notAvithstandino PRSrequired PRSwork
warren	462	530	14	410	28	74	12	0.936	0.023	0.026	2529	0	0	0.000	-	-	wlien infoniiation inasmncli
warren	463	523	12	421	18	72	6	0.959	0.012	0.023	2509	0	0	0.001	-	-	reopeningit furtherworkshouldbe AYorker
warren	464	457	4	402	8	44	2	0.980	0.004	0.009	2199	0	0	0.000	-	-	thereof makinga
warren	465	491	10	411	9	64	3	0.979	0.006	0.020	2313	0	0	0.001	-	-	FBIinterview coimtry mformation
warren	466	510	11	401	14	81	8	0.966	0.016	0.022	2316	0	0	0.000	-	-	advisinor tliat toucli
warren	467	476	14	388	17	60	12	0.958	0.026	0.029	2205	0	0	0.000	-	-	reestablished roominghouse wasin
warren	468	465	4	403	14	43	9	0.966	0.020	0.009	2197	0	0	0.000	-	-	qiiestijon concernino aorainst
warren	469	508	5	439	7	58	4	0.984	0.008	0.010	2446	0	0	0.000	-	-	assassination assassin assassination
warren	470	486	2	403	22	56	12	0.948	0.025	0.004	2309	0	0	0.000	-	-	assassin tlie prevailinor
warren	471	517	9	458	11	38	5	0.977	0.010	0.017	2505	0	0	0.000	-	-	niile FBIprior FBIin
warren	472	412	1	384	15	13	8	0.962	0.019	0.002	2287	0	0	0.000	-	-	roominghouse liim gardingthese
warren	473	504	4	437	16	48	6	0.965	0.012	0.008	2640	0	0	0.000	-	-	havetwo tAvo laAv
warren	474	488	5	439	20	24	9	0.956	0.019	0.010	2543	0	0	0.000	-	-	witli tlie tlie
warren	475	487	1	467	8	13	2	0.983	0.004	0.002	2496	0	0	0.000	-	-	laAv assassination
warren	476	496	2	461	12	21	3	0.975	0.006	0.004	2383	0	0	0.000	-	-	cannot assassination vember
warren	477	539	5	501	18	17	4	0.965	0.007	0.009	2515	0	0		-	-	windoAvs backAvard cetera
warren	478	545	15	506	11	16	3	0.979	0.006	0.028	2468	0	0	0.000	-	-	liquors assigmnents followup
warren	479	510	3	497	7	4	1	0.986	0.002	0.006	2489	0	0	0.000	-	-	wasno
warren	480	509	2	481	12	15	5	0.976	0.010	0.004	2643	0	0	0.000	-	-	assassination membersof nedy
warren	481	509	6	473	17	13	7	0.965	0.014	0.012	2525	0	0	0.000	-	-	assassination rumiing followup
warren	482	436	2	403	20	11	9	0.953	0.021	0.005	2235	0	0	0.000	-	-	pLanning uick assassination
warren	483	451	3	412	28	11	19	0.936	0.042	0.007	2320	0	0	0.000	-	-	FBIagents assassination assassination
warren	484	452	3	418	18	12	6	0.959	0.013	0.007	2419	0	0	0.000	-	-	thereto assassination pliases
warren	485	470	9	437	20	8	12	0.956	0.026	0.019	2537	0	0	0.000	-	-	defoiing ACabinet committeewhich
warren	486	502	1	471	11	19	6	0.977	0.012	0.002	2652	0	0	0.000	-	-	hasbeen ontheonehand mde
warren	487	509	2	480	20	11	4	0.960	0.008	0.004	2689	0	0	0.000	-	-	thereto assassination assassination
warren	488	457	1	433	20	4	6	0.956	0.013	0.002	2543	0	0	0.000	-	-	assassination TYhite bythe
warren	489	466	7	421	23	18	7	0.948	0.015	0.015	2479	0	0	0.000	-	-	unswervingcliscipline assassi andTechnology
warren	490	472	12	436	9	19	1	0.980	0.002	0.025	2434	0	0	0.000	-	-	govemment
warren	491	477	2	435	25	19	12	0.946	0.025	0.004	2474	0	0	0.000	-	-	boni fied meand
warren	492	498	4	463	18	12	4	0.963	0.008	0.008	2629	0	0	0.000	-	-	thereunder tlie jDursued
warren	493	542	2	523	10	8	2	0.981	0.004	0.004	2969	0	0	0.000	-	-	assassination hitherto
warren	494	463	9	423	20	12	5	0.955	0.011	0.019	2382	0	0	0.000	-	-	assassination attempthig entirel
warren	495	473	14	442	11	7	9	0.976	0.020	0.030	2503	0	0	0.000	-	-	madebecause nmnber assassination
warren	496	456	3	429	14	11	6	0.968	0.013	0.007	2337	0	0	0.000	-	-	tlie cannot knoAvledged
warren	497	100	2	93	3	3	1	0.969	0.010	0.020	526	0	0	0.000	-	-	assassination
warren	499	268	6	216	9	36	7	0.960	0.027	0.022	1372	0	0	0.000	-	-	assassination assassination thai
warren	500	307	3	252	7	41	6	0.973	0.020	0.010	1586	0	0	0.000	-	-	cuid assassination assassination
warren	501	566	17	425	91	36	73	0.824	0.132	0.030	2849	0	1	0.023	misread	-	lUBOtation rhe rmiiuiisHiuii
warren	502	95	15	58	19	10	15	0.753	0.172	0.158	446	0	0	0.000	misread	-	produtw excejpt tliat
warren	503	453	36	341	9	70	4	0.974	0.010	0.079	1956	0	0	0.000	-	-	bom memberof bom
warren	504	457	42	312	8	93	5	0.975	0.012	0.092	1925	0	0	0.000	-	-	andhas reelected cum
warren	505	544	34	355	20	131	17	0.947	0.034	0.062	2219	0	0	0.000	-	-	memberof vania summa
warren	506	546	33	382	21	109	18	0.948	0.035	0.060	2266	0	0	0.000	-	-	LTniversity memberof cum
warren	507	466	31	317	21	95	17	0.938	0.039	0.067	2067	0	0	0.000	-	-	adelphia wasborn magnacumlaude
warren	508	488	24	349	18	97	14	0.951	0.030	0.049	2172	0	0	0.000	-	-	summa cum laude
warren	509	412	21	245	9	136	7	0.965	0.018	0.051	1879	0	0	0.000	-	-	bom summa cumlaude
warren	510	82	1	7	1	73	1	0.875	0.012	0.012	397	0	0	0.000	-	-	JamesH
warren	511	380	26	160	41	147	8	0.796	0.023	0.068	1568	0	0	0.000	-	-	partment partment assassination
warren	512	442	41	135	51	202	11	0.726	0.028	0.093	1737	0	0	0.000	-	-	inent ment partment
warren	513	401	40	136	41	179	4	0.768	0.011	0.100	1547	0	0	0.000	-	-	partment ance partment
warren	514	424	40	136	49	190	10	0.735	0.027	0.094	1646	0	0	0.000	-	-	partment iner partment
warren	515	414	38	113	46	204	11	0.711	0.030	0.092	1581	0	0	0.003	-	-	partment partment partment
warren	516	433	41	126	46	214	6	0.733	0.016	0.095	1594	0	0	0.000	-	-	partment bor partment
warren	517	409	38	135	46	186	11	0.746	0.030	0.093	1581	0	0	0.000	-	-	GregoiT walds walds
warren	518	461	41	137	50	214	10	0.733	0.025	0.089	1776	0	0	0.000	-	-	assassination partment pital
warren	519	430	41	128	45	212	7	0.740	0.018	0.095	1654	0	0	0.000	-	-	partment partment lin
warren	520	452	44	123	56	219	16	0.687	0.040	0.097	1738	0	0	0.000	-	-	partment partment wald
warren	521	406	34	130	44	193	9	0.747	0.025	0.084	1664	0	0	0.000	-	-	partment ath partment
warren	522	434	48	123	50	198	7	0.711	0.019	0.111	1532	0	0	0.000	-	-	wald partment VIichael
warren	523	430	37	140	48	194	12	0.745	0.031	0.086	1643	0	0	0.000	-	-	partment nedy pital
warren	524	416	39	139	48	181	9	0.743	0.024	0.094	1585	0	0	0.000	-	-	partment assassination partment
warren	525	380	32	137	45	156	11	0.753	0.033	0.084	1568	0	0	0.000	-	-	partment assassination partment
warren	526	422	38	115	51	209	11	0.693	0.029	0.090	1667	0	0	0.000	-	-	partment partment partment
warren	527	422	41	127	55	188	18	0.698	0.049	0.097	1679	0	0	0.000	-	-	AVade partment AVaterman
warren	528	76	7	24	7	36	1	0.774	0.015	0.092	303	0	0	0.000	-	-	assassination
warren	529	353	7	322	13	13	1	0.961	0.003	0.020	1728	0	0	0.000	-	-	andtomakebrief
warren	530	437	14	402	14	9	2	0.966	0.005	0.032	2053	0	0	0.000	-	-	becalledto affiant
warren	531	234	5	222	4	3	2	0.982	0.009	0.021	1112	0	0	0.000	-	-	ment stenographic
warren	532	369	26	287	16	42	7	0.947	0.020	0.070	1756	0	0	0.000	-	-	assassinated killed assassination
warren	533	457	11	387	25	37	19	0.939	0.042	0.024	2233	0	0	0.000	-	-	constable constables martialed
warren	534	526	8	469	16	33	8	0.967	0.015	0.015	2585	0	0	0.000	-	-	rmnors TTilkes kidnap
warren	535	476	4	431	19	25	12	0.958	0.025	0.008	2397	0	0	0.000	-	-	vestigation assassination assassination
warren	536	478	12	422	12	33	9	0.972	0.019	0.025	2270	0	0	0.000	-	-	teau tember murder
warren	537	508	9	462	13	29	6	0.973	0.012	0.018	2496	0	0	0.000	-	-	assassinate AYliite anarchists
warren	538	478	7	419	31	22	20	0.931	0.042	0.015	2310	0	0	0.000	-	-	anarchist anarchists anarchist
warren	539	512	14	455	19	29	16	0.960	0.032	0.027	2418	0	0	0.000	-	-	belieTe whotry sassin
warren	540	513	21	443	19	36	9	0.959	0.018	0.041	2401	0	0	0.000	-	-	kill kill kill
warren	541	507	16	429	19	44	10	0.958	0.020	0.032	2524	0	0	0.000	-	-	menearly assassins AMiite
warren	542	485	13	421	29	24	12	0.936	0.025	0.027	2516	0	0	0.000	-	-	madeit crimeto harmthe
warren	543	92	10	78	2	5	1	0.975	0.012	0.109	461	0	0	0.000	-	-	ington
warren	544	198	4	133	23	41	17	0.853	0.086	0.020	819	0	0	0.010	-	-	CkxBBisslon EJdiibit rivou
warren	545	253	10	121	75	54	56	0.617	0.224	0.040	1233	0	10	0.087	misread	-	uarrtas cgGn rasyirs
warren	546	206	13	95	70	39	52	0.576	0.255	0.063	989	0	2	0.019	misread	-	cnssc picczo oocn
warren	547	47	6	16	11	17	3	0.593	0.068	0.128	155	0	0	0.000	-	-	OvT wQ pinc
warren	548	52	8	7	10	31	2	0.412	0.042	0.154	146	0	0	0.000	-	-	rOrt oIl
warren	549	75	9	10	21	33	12	0.323	0.188	0.120	261	0	1	0.036	words	words	MEMOMAl NOn MtA
warren	550	29	3	10	8	13	3	0.556	0.097	0.103	112	0	0	0.000	-	-	jAJ aQTaa jA
warren	551	60	13	12	9	31	2	0.571	0.038	0.217	209	0	17	0.605	-	-	jT ujtj
warren	552	106	6	9	23	35	0	0.281	0.000	0.057	155	0	13	0.187	words	words	
warren	553	126	5	10	45	43	8	0.182	0.082	0.040	211	0	5	0.164	words	words	mmiktmiA jMyLEil mPTSW
warren	554	103	13	16	18	72	9	0.471	0.085	0.126	340	0	1	0.032	words	words	fX nrd frL
warren	555	41	5	8	15	18	2	0.348	0.049	0.122	105	0	0	0.000	words	words	NOTEi cvf
warren	556	68	8	17	19	24	2	0.472	0.033	0.118	179	0	3	0.121	words	words	hIL fX
warren	557	385	7	317	13	43	9	0.961	0.024	0.018	2102	0	0	0.000	-	-	resuscitative resuscitative resuscitative
warren	558	187	6	166	3	11	3	0.982	0.017	0.032	940	0	0	0.000	-	-	resuscitative resuscitative herniation
warren	559	510	19	410	52	43	32	0.887	0.063	0.037	2518	0	3	0.011	-	-	pRE vound comminuted
warren	560	706	15	605	60	28	47	0.910	0.068	0.021	3431	0	2	0.007	-	-	rongeur plura missiles
warren	561	483	13	391	43	42	27	0.901	0.057	0.027	2391	0	5	0.022	-	-	yhiie thoifecotomy stockinette
warren	562	257	8	224	17	9	11	0.929	0.044	0.031	1227	0	0	0.000	-	-	correspondance urgancy thest
warren	563	367	16	301	20	35	17	0.938	0.048	0.044	1768	0	2	0.006	-	-	operiation punctate missile
warren	564	445	29	348	26	50	19	0.930	0.045	0.065	2226	0	3	0.008	-	-	WNtT laparotomy thoracotomy
warren	565	499	18	441	11	34	10	0.976	0.021	0.036	2445	0	0	0.000	-	-	retroperitoneal mesenteric mesenteric
warren	566	155	24	72	23	47	16	0.758	0.113	0.155	699	0	1	0.026	misread	-	lOM AUTOfST IToveniber
warren	567	506	18	419	28	49	22	0.937	0.044	0.036	2535	0	0	0.000	-	-	PArtlOLOGICAL SUl lMARY
warren	568	426	22	355	47	10	23	0.883	0.056	0.052	1952	0	0	0.000	-	-	unreniarkable acromion mastoid
warren	569	517	15	452	32	27	23	0.934	0.045	0.029	2617	0	0	0.000	-	-	koZ lll eta
warren	570	462	16	394	39	16	24	0.910	0.053	0.035	2351	0	0	0.000	-	-	lll cupra ciavicular
warren	571	405	8	351	24	29	23	0.936	0.057	0.020	1983	0	0	0.000	-	-	nade therefor SUliMARY
warren	572	411	11	336	44	28	30	0.884	0.074	0.027	2099	0	0	0.000	-	-	rSJZSZX lll fixaticn
warren	573	317	10	269	18	26	12	0.937	0.038	0.032	1743	0	0	0.000	-	-	lllCnOSCOPIC shov epicardial
warren	574	84	9	51	4	23	3	0.927	0.038	0.107	428	0	0	0.000	-	-	CoHCTanding herewitn FirvST
warren	575	439	6	388	16	27	13	0.960	0.030	0.014	2120	0	0	0.000	-	-	ningham havingbegim bullets
warren	576	475	3	453	13	6	7	0.972	0.015	0.006	2282	0	0	0.000	-	-	bullets commonto otherweapons
warren	577	503	1	470	12	14	6	0.975	0.012	0.002	2153	0	0	0.000	-	-	andcuts machinetravels dozenof
warren	578	430	1	400	21	7	18	0.950	0.042	0.002	2062	0	0	0.000	-	-	youfind onthat twobolt
warren	579	472	6	438	12	14	8	0.973	0.017	0.013	2205	0	0	0.000	-	-	bullet bullet bullet
warren	580	474	6	444	17	10	13	0.963	0.028	0.013	2095	0	0	0.000	-	-	cartridgecase hadbeen throughthe
warren	581	435	12	387	19	23	11	0.953	0.026	0.028	1995	0	0	0.000	-	-	dissimi larities ities
warren	582	523	22	478	13	25	4	0.974	0.008	0.042	2513	0	0	0.000	-	-	chambering tenths von
warren	583	506	10	469	19	12	10	0.961	0.020	0.020	2328	0	0	0.000	-	-	bullets bullet bullet
warren	584	11	3	8	0	1	0	1.000	0.000	0.273	38	0	5	0.450	-	-	
warren	585	506	26	456	16	13	14	0.966	0.029	0.051	2306	0	0	0.000	-	-	havingbeen fromthe assassin
warren	586	488	18	430	25	17	16	0.945	0.034	0.037	2221	0	0	0.000	-	-	bullet cannelure mutilated
warren	587	458	18	386	30	41	25	0.928	0.055	0.039	2364	0	0	0.000	-	-	bullets bullets bullets
warren	588	502	2	461	17	20	7	0.964	0.014	0.004	2296	0	0	0.000	-	-	bullet andthat cannot
warren	589	513	10	470	25	10	14	0.949	0.028	0.019	2382	0	0	0.000	-	-	benzidine diphenylamine diphenylbenzidine
warren	590	477	8	442	18	15	11	0.961	0.023	0.017	2321	0	0	0.000	-	-	preparsltions bullet bullet
warren	591	475	10	440	14	13	8	0.969	0.017	0.021	2401	0	0	0.000	-	-	gavetestimony palmprints palmprints
warren	592	21	3	12	2	5	2	0.857	0.105	0.143	114	0	3	0.152	-	-	IrunJ CoanmlBBion
warren	593	514	5	471	13	26	7	0.973	0.014	0.010	2411	0	0	0.000	-	-	palmprints nonabsorbent assassination
warren	594	477	8	375	33	61	24	0.919	0.051	0.017	2345	0	0	0.000	-	-	palmprint palmprints palmprint
warren	595	500	29	393	18	65	8	0.956	0.017	0.058	2328	0	0	0.000	-	-	foundin assassination uponthe
warren	596	485	3	455	20	7	8	0.958	0.017	0.006	2482	0	0	0.000	-	-	sible wliich hanclAvriting
warren	597	474	6	436	9	22	1	0.980	0.002	0.013	2248	0	0	0.000	-	-	indorsements
warren	598	484	12	409	20	46	7	0.953	0.015	0.025	2215	0	0	0.000	-	-	upstroke nmnber thethird
warren	599	459	9	387	18	45	5	0.956	0.011	0.020	2293	0	0	0.000	-	-	ownname opaqued lowermost
warren	600	518	6	456	17	44	11	0.964	0.021	0.012	2528	0	0	0.000	-	-	typewriting uninked indentations
warren	601	167	19	67	30	46	20	0.691	0.140	0.114	637	0	28	0.296	misread	-	tersiiT CnLASSiriCATION iii
warren	602	136	9	60	23	31	15	0.723	0.132	0.066	539	0	5	0.110	misread	-	coumortru couworii OBtmMMMm
warren	603	514	8	464	24	23	19	0.951	0.037	0.016	2600	0	0	0.000	-	-	tives opaquing opaqued
warren	604	517	9	446	30	34	15	0.937	0.029	0.017	2473	0	0	0.000	-	-	undercolor wasput orby
warren	605	465	15	396	9	49	4	0.978	0.009	0.032	2275	0	0	0.000	-	-	typewriting hadbeen ontothe
warren	606	442	5	377	9	54	4	0.977	0.009	0.011	2193	0	0	0.000	-	-	wasunableto determinewhether penman
warren	607	492	7	439	23	24	14	0.950	0.029	0.014	2477	0	0	0.000	-	-	malring writtenby theRussianlanguage
warren	608	435	6	368	14	48	6	0.963	0.014	0.014	2188	0	0	0.000	-	-	bullets bullets bullet
warren	609	449	13	380	24	41	18	0.941	0.040	0.029	2323	0	0	0.000	-	-	distinquished assassination bullets
warren	610	455	23	407	22	7	14	0.949	0.032	0.051	2245	0	0	0.000	-	-	ity bullet bullet
warren	611	488	20	426	25	22	14	0.945	0.030	0.041	2407	0	0	0.000	-	-	bullets bullet bullet
warren	612	447	17	394	26	16	15	0.938	0.034	0.038	2178	0	0	0.000	-	-	bullet missile bullet
warren	613	501	16	441	24	22	16	0.948	0.033	0.032	2471	0	0	0.000	-	-	bullet wasyawingon buUet
warren	614	516	17	453	26	22	20	0.946	0.040	0.033	2380	0	0	0.000	-	-	bullet mutilated mutilated
warren	615	16	3	9	0	6	0	1.000	0.000	0.188	81	0	7	0.281	-	-	
warren	616	471	24	384	33	30	19	0.921	0.043	0.051	2421	0	0	0.000	-	-	assassination wornby ber
warren	617	10	2	7	0	1	0	1.000	0.000	0.200	49	0	2	0.290	-	-	
warren	618	553	7	505	30	11	19	0.944	0.035	0.013	2633	0	0	0.000	-	-	delustered delustering wasuniform
warren	619	504	16	459	19	18	17	0.960	0.034	0.032	2423	0	0	0.000	-	-	areawasratherclear ofpigment andcontained
warren	620	501	15	455	12	35	8	0.974	0.016	0.030	2314	0	0	0.000	-	-	butt woodenstock andhad
warren	621	508	35	450	22	32	14	0.953	0.028	0.069	2420	0	0	0.000	-	-	rephotographed newnegative neAv
warren	622	20	2	17	0	1	0	1.000	0.000	0.100	97	0	1	0.066	-	-	
warren	623	479	3	443	15	14	9	0.967	0.019	0.006	2229	0	0	0.000	-	-	hehimself hadtaken withthe
warren	624	441	11	397	25	13	16	0.941	0.037	0.025	2151	0	0	0.000	-	-	shadowgraph ShaneyfeU shadowgraph
warren	625	364	12	331	15	14	7	0.957	0.019	0.033	1803	0	0	0.000	-	-	rephotograph meis rephotographing
warren	626	109	9	78	5	17	2	0.940	0.020	0.083	514	0	0	0.000	-	-	stenographic repoits
warren	627	317	16	207	58	48	34	0.781	0.109	0.050	1252	0	0	0.000	misread	-	INTSBHOOATin mediately eTrat
warren	628	353	11	161	121	82	82	0.571	0.225	0.031	1305	0	0	0.000	misread	-	aftsr officcrr troupht
warren	629	368	8	231	78	57	61	0.748	0.167	0.022	1352	0	0	0.003	misread	-	hcmrs thoy pvinch
warren	630	317	9	191	91	44	61	0.677	0.187	0.028	1283	0	1	0.004	misread	-	bnr orV thet
warren	631	270	9	180	48	36	37	0.789	0.140	0.033	1127	0	0	0.000	misread	-	arina sbe rifl
warren	632	343	6	216	74	50	61	0.745	0.179	0.017	1312	0	0	0.000	misread	-	ovenbcr ald wbs
warren	633	321	5	223	65	32	54	0.774	0.169	0.016	1208	0	0	0.000	misread	-	vhoa homo thea
warren	634	332	6	196	94	35	78	0.676	0.240	0.018	1321	0	0	0.000	misread	-	aaked hia vtiy
warren	635	314	13	204	61	46	39	0.770	0.125	0.041	1257	0	0	0.000	misread	-	VMlo rlfisns tir
warren	636	257	6	96	95	53	58	0.503	0.238	0.023	874	0	8	0.083	misread	-	tcld ftboot ftt
warren	637	304	12	182	72	49	52	0.717	0.172	0.039	1231	0	0	0.006	misread	-	npe cen rorocne
warren	638	308	2	260	18	28	16	0.935	0.052	0.006	1260	0	0	0.000	-	-	vdio hla irere
warren	639	283	7	256	12	11	11	0.955	0.039	0.025	1236	0	0	0.002	-	-	frcsn warcier haiKl
warren	640	450	22	335	12	84	9	0.965	0.021	0.049	2031	0	0	0.000	-	-	JALiZS uncomplimentary evei
warren	641	204	4	174	1	27	1	0.994	0.005	0.020	898	0	0	0.000	-	-	lunchrooni
warren	642	323	13	244	13	46	8	0.949	0.026	0.040	1493	0	0	0.000	-	-	pF nake aay
warren	643	212	22	126	17	48	12	0.881	0.063	0.104	970	0	0	0.000	-	-	cont dseeased iafsnt
warren	644	187	35	95	9	57	5	0.913	0.031	0.187	810	0	0	0.000	-	-	indistinct OSWALIi bethj
warren	645	189	27	115	6	45	2	0.950	0.012	0.143	786	0	0	0.000	-	-	ORegon ozi
warren	646	49	6	21	2	19	2	0.913	0.048	0.122	260	0	0	0.000	-	-	stGck etc
warren	647	452	11	384	14	46	7	0.965	0.016	0.024	1952	0	0	0.000	-	-	hin luncj cherecfter
warren	648	30	7	19	0	5	0	1.000	0.000	0.233	89	0	0	0.000	-	-	
warren	649	429	26	243	70	112	40	0.776	0.094	0.061	1773	0	0	0.000	-	-	FHITZs rnt ind
warren	650	364	13	297	19	46	11	0.940	0.030	0.036	1630	0	0	0.000	-	-	ljL xiire csnts
warren	651	322	8	261	2	52	1	0.992	0.003	0.025	1472	0	0	0.000	-	-	declTifled
warren	652	60	4	42	1	14	1	0.977	0.018	0.067	283	0	0	0.000	-	-	haraes
warren	653	346	11	282	8	47	5	0.972	0.015	0.032	1540	0	0	0.000	-	-	DSilias culd wvm
warren	654	580	14	431	58	100	47	0.881	0.080	0.024	2441	0	0	0.000	-	-	asout iaterview viith
warren	655	575	16	445	62	75	53	0.878	0.091	0.028	2421	0	2	0.009	-	-	bourht fouiid poscessioa
warren	656	543	30	271	112	179	87	0.708	0.155	0.055	2416	0	0	0.000	misread	-	iirrsRviEivs iiARviTir lSf
warren	657	589	12	442	59	99	52	0.882	0.087	0.020	2645	0	0	0.000	-	-	PralL ninary ani
warren	658	679	12	547	58	90	45	0.904	0.065	0.018	2974	0	0	0.000	-	-	whsther opiate tha
warren	659	626	14	461	87	104	63	0.841	0.097	0.022	2873	0	0	0.000	-	-	energency traatitient ths
warren	660	48	5	34	6	10	4	0.850	0.080	0.104	195	0	0	0.000	-	-	acccuata vera vic
warren	661	536	15	402	62	61	49	0.866	0.093	0.028	2265	0	0	0.000	-	-	DallXLG PRAIiPU UolneG
warren	662	608	8	424	126	61	103	0.771	0.169	0.013	2624	0	0	0.000	misread	-	hai ofTice ctatod
warren	663	599	9	385	138	86	116	0.736	0.190	0.015	2661	0	0	0.000	misread	-	aciiod vao corniamiot
warren	664	646	8	379	194	97	157	0.661	0.234	0.012	2664	0	0	0.000	misread	-	cccl hln nomin
warren	665	432	4	395	15	18	12	0.963	0.028	0.009	2219	0	0	0.000	-	-	assassinations assassination bruited
warren	666	506	2	460	18	28	11	0.962	0.022	0.004	2670	0	0	0.000	-	-	tlie assassination uncor
warren	667	388	17	334	14	23	10	0.960	0.027	0.044	1987	0	0	0.000	-	-	assassination assassin ber
warren	668	452	7	397	6	43	5	0.985	0.011	0.015	2294	0	0	0.000	-	-	rost assassination rimning
warren	669	472	6	413	23	29	21	0.947	0.045	0.013	2351	0	0	0.000	-	-	bullets assassination bul
warren	670	477	6	434	13	25	11	0.971	0.023	0.013	2272	0	0	0.000	-	-	bullet theback ComTYiission
warren	671	470	10	406	7	48	5	0.983	0.011	0.021	2286	0	0	0.000	-	-	throughthe mons mons
warren	672	491	13	407	15	58	10	0.964	0.021	0.026	2365	0	0	0.000	-	-	tlie assassina tion
warren	673	483	13	416	22	37	14	0.950	0.029	0.027	2376	0	0	0.000	-	-	fey ownpurposes ine
warren	674	483	8	397	15	67	11	0.964	0.023	0.017	2375	0	0	0.000	-	-	assassination assassination ber
warren	675	487	6	423	6	54	1	0.986	0.002	0.012	2392	0	0	0.000	-	-	madethis
warren	676	466	14	396	18	40	14	0.957	0.031	0.030	2174	0	0	0.000	-	-	nothave limchroom ComTThission
warren	677	499	26	405	17	51	11	0.960	0.023	0.052	2391	0	0	0.000	-	-	ber mentandthe showthat
warren	678	447	15	380	12	40	8	0.969	0.019	0.034	2106	0	0	0.000	-	-	ley WTialey whenhe
warren	679	476	13	380	22	63	8	0.945	0.017	0.027	2381	0	0	0.000	-	-	slayer assassin slayer
warren	680	515	5	428	13	72	8	0.971	0.016	0.010	2510	0	0	0.000	-	-	IMrs whokilled unidentified
warren	681	505	9	417	10	70	9	0.977	0.018	0.018	2370	0	0	0.000	-	-	roominghouse otherlight brjOwn
warren	682	456	3	396	8	49	5	0.980	0.011	0.007	2281	0	0	0.000	-	-	assassination roominghouse makingthe
warren	683	437	10	345	31	53	20	0.918	0.047	0.023	2232	0	0	0.000	-	-	assas sination murder
warren	684	513	12	427	14	62	8	0.968	0.016	0.023	2473	0	0	0.000	-	-	onhis duringhis noevidence
warren	685	416	4	338	21	53	13	0.942	0.032	0.010	2219	0	0	0.000	-	-	plemented assassins kov
warren	686	467	19	382	14	54	6	0.965	0.013	0.041	2222	0	0	0.000	-	-	ber assassinated murder
warren	687	465	7	380	9	69	2	0.977	0.004	0.015	2232	0	0	0.000	-	-	manandtwo CTiba
warren	688	474	5	373	22	73	17	0.944	0.036	0.011	2286	0	0	0.000	-	-	fromhis cannot FBIor
warren	689	441	11	355	13	63	12	0.965	0.028	0.025	2242	0	0	0.000	-	-	assassination assassination FBIknew
warren	690	457	13	378	14	52	5	0.964	0.011	0.028	2245	0	0	0.000	-	-	baxik attack und
warren	691	429	10	341	20	58	13	0.945	0.031	0.023	2196	0	0	0.000	-	-	attack assassination prearrangement
warren	692	479	15	397	12	57	4	0.971	0.009	0.031	2355	0	0	0.000	-	-	foimd assassination andthe
warren	693	466	15	391	10	52	9	0.975	0.020	0.032	2293	0	0	0.000	-	-	bySheriff amongthem favorof
warren	694	494	13	401	22	59	15	0.948	0.031	0.026	2365	0	0	0.000	-	-	wdth whostated battered
warren	695	500	15	395	16	74	12	0.961	0.025	0.030	2415	0	0	0.000	-	-	whowas shootingand accoimt
warren	696	174	7	129	5	34	2	0.963	0.012	0.040	841	0	0	0.000	-	-	assassi fimeral
warren	697	452	16	358	12	62	5	0.968	0.012	0.035	1933	0	0	0.000	-	-	lawfirm guerite stevedoring
warren	698	554	23	448	9	68	7	0.980	0.013	0.042	2411	0	0	0.000	-	-	attack bom bor
warren	699	544	9	457	11	64	5	0.976	0.009	0.017	2399	0	0	0.000	-	-	motheror tant summerresort
warren	700	519	12	435	11	60	9	0.975	0.018	0.023	2417	0	0	0.000	-	-	unsuccessiully elate guerite
warren	701	528	10	465	12	39	6	0.975	0.012	0.019	2460	0	0	0.000	-	-	ossibly waswithdrawnbefore womanin
warren	702	552	12	464	8	66	2	0.983	0.004	0.022	2403	0	0	0.000	-	-	makea stockboy
warren	703	554	10	489	8	49	4	0.984	0.007	0.018	2405	0	0	0.000	-	-	boththe andsixth gradesin
warren	704	566	21	485	10	53	7	0.980	0.013	0.037	2417	0	0	0.000	-	-	agamst eran ber
warren	705	510	16	441	17	41	10	0.963	0.020	0.031	2445	0	0	0.000	-	-	andthe wasclosed thathis
warren	706	520	12	442	15	52	8	0.967	0.016	0.023	2520	0	0	0.000	-	-	gradewith passingmarks jjjg
warren	707	559	9	499	8	40	2	0.984	0.004	0.016	2526	0	0	0.000	-	-	fellows hadno
warren	708	480	19	394	12	57	9	0.970	0.019	0.040	2091	0	0	0.000	-	-	shoesaleman stockboy apartmentin
warren	709	392	29	321	8	36	2	0.976	0.005	0.074	1742	0	0	0.001	-	-	ect amvery
warren	710	524	23	439	13	50	9	0.971	0.018	0.044	2358	0	0	0.000	-	-	liighest andwas ruary
warren	711	523	31	433	10	56	5	0.977	0.010	0.059	2333	0	0	0.000	-	-	ing BexarP himto
warren	712	522	28	428	15	52	7	0.966	0.014	0.054	2412	0	0	0.000	-	-	martialed assaulting oversea
warren	713	552	3	495	13	40	4	0.974	0.007	0.005	2551	0	0	0.000	-	-	fellows quonset whoknew
warren	714	518	2	439	16	52	7	0.965	0.014	0.004	2532	0	0	0.000	-	-	fellows nyet fellows
warren	715	538	14	446	18	57	10	0.961	0.019	0.026	2477	0	0	0.000	-	-	whichDelgado attacliment dominatedhis
warren	716	499	17	415	18	48	6	0.958	0.012	0.034	2346	0	0	0.000	-	-	contemporaiy wrot aquire
warren	717	441	19	373	5	44	3	0.987	0.007	0.043	2027	0	0	0.000	-	-	imfit SSMarionLyhes ber
warren	718	508	12	429	8	60	4	0.982	0.008	0.024	2202	0	0	0.000	-	-	harly standoffish movedto
warren	719	510	7	434	12	53	5	0.973	0.010	0.014	2412	0	0	0.000	-	-	agreeedto politly ect
warren	720	526	6	459	16	42	15	0.966	0.029	0.011	2483	0	0	0.000	-	-	suicide foimdhimunconscious kinskaya
warren	721	530	11	459	14	42	7	0.970	0.014	0.021	2448	0	0	0.001	-	-	metRima whomhe andhe
warren	722	538	7	480	7	41	4	0.986	0.008	0.013	2378	0	0	0.000	-	-	sendees wald dont
warren	723	541	5	494	11	28	9	0.978	0.017	0.009	2278	0	0	0.000	-	-	recived methat cannot
warren	724	530	9	466	16	39	12	0.967	0.023	0.017	2494	0	0	0.001	-	-	hehad whomight distortions
warren	725	505	29	413	14	50	11	0.967	0.023	0.057	2181	0	0	0.000	-	-	hopeyou andyour alwaysbe
warren	726	540	18	470	15	39	8	0.969	0.015	0.033	2459	0	0	0.000	-	-	madeof betested tliat
warren	727	522	3	468	19	33	13	0.961	0.025	0.006	2298	0	0	0.000	-	-	habituatated whereI generaly
warren	728	520	4	475	19	24	2	0.962	0.004	0.008	2523	0	0	0.000	-	-	himg corrup
warren	729	534	14	462	18	40	8	0.963	0.015	0.026	2450	0	0	0.000	-	-	tion amstating mydisire
warren	730	524	15	431	15	62	11	0.966	0.022	0.029	2457	0	0	0.000	-	-	whowas washe hearthe
warren	731	544	11	484	16	34	9	0.968	0.017	0.020	2473	0	0	0.000	-	-	micle knownthem notattach
warren	732	477	11	412	28	20	25	0.936	0.054	0.023	2050	0	0	0.000	-	-	hecould returnto theUnited
warren	733	522	8	470	3	43	3	0.994	0.006	0.015	2466	0	0	0.000	-	-	himto wherethey wentboating
warren	734	538	4	475	16	43	4	0.967	0.007	0.007	2501	0	0	0.000	-	-	MondayJ expatriating imprisoned
warren	735	470	13	403	21	32	18	0.950	0.039	0.028	2097	0	0	0.000	-	-	foundout whichblanks andcertificates
warren	736	564	11	505	19	32	10	0.964	0.018	0.020	2558	0	0	0.000	-	-	madeno waldagreed wald
warren	737	544	16	468	18	42	11	0.963	0.021	0.029	2437	0	0	0.000	-	-	ven mthe aroimd
warren	738	474	9	399	26	45	18	0.939	0.038	0.019	2141	0	0		-	-	fromsomeone mayhave knowlege
warren	739	525	18	458	10	37	6	0.979	0.012	0.034	2305	0	0	0.000	-	-	moneyby wasborn namemust
warren	740	544	12	479	12	37	7	0.976	0.013	0.022	2431	0	0	0.000	-	-	ordersJ ofthe andkept
warren	741	490	11	411	16	52	6	0.963	0.013	0.022	2239	0	0	0.000	-	-	intentionlly unintentionlly walds
warren	742	568	14	482	12	57	8	0.976	0.015	0.025	2467	0	0	0.000	-	-	hehadbecomerather thinnerthan TTorth
warren	743	545	11	478	11	52	6	0.978	0.011	0.020	2452	0	0	0.000	-	-	intervieAved ell whenthe
warren	744	518	5	440	14	63	8	0.969	0.015	0.010	2470	0	0	0.000	-	-	themget highchair assassination
warren	745	516	2	444	3	70	2	0.993	0.004	0.004	2473	0	0	0.001	-	-	ander schildts
warren	746	488	8	384	15	69	4	0.962	0.009	0.016	2186	0	0	0.000	-	-	liit childt butno
warren	747	517	15	449	16	45	6	0.966	0.012	0.029	2429	0	0	0.000	-	-	whichhe wasnoted liim
warren	748	528	7	460	7	54	4	0.985	0.008	0.013	2449	0	0	0.000	-	-	YMCAon monthlyrent whichhe
warren	749	567	6	483	14	58	9	0.972	0.016	0.011	2459	0	0	0.000	-	-	nobaby meto mostof
warren	750	513	5	423	12	74	8	0.972	0.016	0.010	2493	0	0	0.000	-	-	assassination tlie viet
warren	751	492	19	409	7	59	3	0.983	0.006	0.039	2193	0	0	0.000	-	-	himvarious haveused workwhich
warren	752	541	10	471	18	50	11	0.963	0.020	0.018	2467	0	0	0.000	-	-	ing AYorker andasked
warren	753	552	11	465	23	54	13	0.953	0.024	0.020	2476	0	0	0.000	-	-	lish nien waswelcome
warren	754	542	20	432	15	77	8	0.966	0.015	0.037	2378	0	0	0.000	-	-	wald lubrication nas
warren	755	513	8	440	10	47	1	0.978	0.002	0.016	2279	0	0	0.000	-	-	madethe
warren	756	546	8	459	12	67	6	0.975	0.011	0.015	2494	0	0	0.000	-	-	dsit whowas rets
warren	757	522	12	434	11	65	6	0.975	0.012	0.023	2435	0	0	0.000	-	-	wald guier progTam
warren	758	487	16	390	21	59	9	0.949	0.019	0.033	2209	0	0	0.000	-	-	loadin hijack pelidos
warren	759	563	19	478	11	57	7	0.978	0.013	0.034	2457	0	0	0.000	-	-	notepaper roominghouse tember
warren	760	534	15	444	9	68	6	0.980	0.012	0.028	2386	0	0	0.000	-	-	reputa bility inexpensively
warren	761	557	18	456	22	62	12	0.954	0.022	0.032	2454	0	0	0.000	-	-	traveledto whotold whohas
warren	762	505	6	414	9	71	4	0.979	0.008	0.012	2291	0	0	0.000	-	-	intransit employedthere ber
warren	763	521	8	452	14	48	8	0.970	0.016	0.015	2360	0	0	0.000	-	-	corse wdth languagebarrier
warren	764	523	32	397	19	75	13	0.954	0.026	0.061	2361	0	0	0.000	-	-	almostcertainly nese jeAvelry
warren	765	521	11	441	11	61	6	0.976	0.012	0.021	2293	0	0	0.000	-	-	employmentcommission hitchhiked wouldreturn
warren	766	502	10	410	13	72	3	0.969	0.006	0.020	2286	0	0	0.000	-	-	sian whomshe nie
warren	767	473	10	386	19	61	12	0.953	0.026	0.021	2263	0	0	0.000	-	-	whowas hegotthe FBIhadbeen
warren	768	433	9	362	11	53	5	0.971	0.012	0.021	1926	0	0	0.000	-	-	tele phoneon wasunusual
warren	769	313	49	218	5	41	2	0.978	0.008	0.157	1393	0	0	0.000	-	-	ing tures
warren	770	218	70	118	3	26	3	0.975	0.020	0.321	806	0	0	0.000	-	-	tures lO oO
warren	771	204	67	120	1	11	1	0.992	0.008	0.328	729	0	0	0.000	-	-	tures
warren	772	221	74	127	1	18	1	0.992	0.007	0.335	787	0	0	0.000	-	-	tures
warren	773	198	80	95	3	18	1	0.969	0.009	0.404	624	0	0	0.000	-	-	tures
warren	774	381	14	310	8	49	2	0.975	0.005	0.037	1862	0	0	0.000	-	-	assassination underthe
warren	775	435	9	356	14	59	10	0.962	0.023	0.021	2078	0	0	0.000	-	-	morethan urday presentably
warren	776	500	4	437	15	40	13	0.967	0.026	0.008	2423	0	0	0.000	-	-	andthat partyliner happento
warren	777	403	17	343	5	38	2	0.986	0.005	0.042	1953	0	0	0.000	-	-	appeered expatriation
warren	778	519	23	445	8	45	4	0.982	0.008	0.044	2401	0	0	0.000	-	-	expatriated annoimced commmiication
warren	779	493	15	417	23	32	9	0.948	0.019	0.030	2309	0	0	0.000	-	-	expatriated folloAving eyer
warren	780	406	18	345	15	29	10	0.958	0.026	0.044	1768	0	0	0.000	-	-	ruary meto showthem
warren	781	504	13	445	15	31	9	0.967	0.018	0.026	2324	0	0	0.000	-	-	meto undobtedly despatch
warren	782	493	10	424	14	44	7	0.968	0.015	0.020	2388	0	0	0.000	-	-	despatch patriated expatriating
warren	783	503	12	440	15	35	10	0.967	0.020	0.024	2350	0	0	0.000	-	-	wald ber hehad
warren	784	420	9	366	22	13	11	0.943	0.027	0.021	1860	0	0	0.000	-	-	expatriating expatriation onthe
warren	785	442	15	374	12	40	8	0.969	0.019	0.034	2179	0	0	0.000	-	-	despatch theEmbassybe despatch
warren	786	482	17	412	13	39	6	0.969	0.013	0.035	2250	0	0	0.000	-	-	passpoit despatch wald
warren	787	457	16	397	13	29	4	0.968	0.009	0.035	2145	0	0	0.000	-	-	bom expatriated ber
warren	788	493	18	431	19	29	12	0.958	0.025	0.037	2336	0	0	0.000	-	-	theUnited expatriation losehis
warren	789	486	16	414	20	31	5	0.954	0.011	0.033	2238	0	0	0.000	-	-	nonquota memberof nonquota
warren	790	494	8	436	15	30	6	0.967	0.012	0.016	2423	0	0	0.000	-	-	clieck nonquota oAvn
warren	791	449	14	375	18	42	5	0.954	0.011	0.031	2188	0	0	0.000	-	-	immigrantvisa bythe mentand
warren	792	499	17	417	17	51	7	0.961	0.014	0.034	2428	0	0	0.000	-	-	ary theVisa indorse
warren	793	437	4	383	11	36	4	0.972	0.009	0.009	2171	0	0	0.000	-	-	imder whois unabletoissue
warren	794	480	17	413	24	30	6	0.945	0.013	0.035	2365	0	0	0.000	-	-	andthat bom expatriated
warren	795	445	6	410	13	11	3	0.969	0.007	0.013	2160	0	0	0.000	-	-	pur voluntariness havejustified
warren	796	485	18	428	15	22	3	0.966	0.006	0.037	2401	0	0	0.000	-	-	terial whetherthe expatriation
warren	797	467	15	395	15	45	7	0.963	0.015	0.032	2213	0	0	0.000	-	-	appearto beinappropriate residenaul
warren	798	471	18	414	13	26	6	0.970	0.013	0.038	2270	0	0	0.000	-	-	ruary ruary makeexpenditures
warren	799	408	9	361	26	13	6	0.933	0.015	0.022	2060	0	0	0.000	-	-	mider underthe mistable
warren	800	447	3	404	16	24	9	0.962	0.020	0.007	2158	0	0	0.000	-	-	dentto fromMoscowto wasstamped
warren	801	389	43	277	6	63	2	0.979	0.006	0.111	1660	0	0	0.000	-	-	expatriated reentry
warren	802	467	17	404	18	25	5	0.957	0.011	0.036	2167	0	0	0.000	-	-	tlie wasissued expatriated
warren	803	448	15	399	11	17	0	0.973	0.000	0.033	2154	0	0	0.000	-	-	
warren	804	456	4	428	6	14	3	0.986	0.007	0.009	2296	0	0	0.000	-	-	etc cannot coun
warren	805	435	12	364	15	44	8	0.960	0.019	0.028	2161	0	0	0.000	-	-	iew assassination assport
warren	806	284	4	261	8	12	3	0.970	0.011	0.014	1455	0	0	0.000	-	-	wasno reasonablebasis readmittance
warren	807	422	25	352	10	35	5	0.972	0.013	0.059	1946	0	0	0.000	-	-	ber bom ber
warren	808	474	24	394	18	40	8	0.956	0.018	0.051	2259	0	0	0.000	-	-	amiy detesting yeai
warren	809	423	11	384	15	14	13	0.962	0.031	0.026	2146	0	0	0.000	-	-	arated buther husbandhadbeen
warren	810	428	11	379	12	23	4	0.969	0.010	0.026	2008	0	0	0.000	-	-	sex sex ish
warren	811	489	21	404	21	39	14	0.951	0.030	0.043	2302	0	0	0.000	-	-	nien liis HymanI
warren	812	443	24	378	6	36	2	0.984	0.005	0.054	2228	0	0	0.000	-	-	attack micertainty
warren	813	479	6	438	18	21	4	0.961	0.008	0.013	2447	0	0	0.000	-	-	knickknacks occasioned wasnot
warren	814	425	12	363	13	39	9	0.965	0.022	0.028	2044	0	0	0.000	-	-	tliough fromthe wayJack
warren	815	460	5	420	5	36	2	0.988	0.004	0.011	2276	0	0	0.000	-	-	TVHien dis
warren	816	486	17	418	18	35	15	0.959	0.032	0.035	2394	0	0	0.000	-	-	aunion andnego tiated
warren	817	468	4	428	10	30	2	0.977	0.004	0.009	2434	0	0	0.000	-	-	punchboards poolhall
warren	818	460	29	381	32	26	17	0.923	0.039	0.063	2363	0	0	0.000	-	-	liis liis poolroom
warren	819	456	11	409	15	24	7	0.965	0.016	0.024	2235	0	0	0.000	-	-	bastard attacked militarv
warren	820	457	16	379	17	46	8	0.957	0.018	0.035	2194	0	0	0.000	-	-	erated niglitclub himin
warren	821	484	17	400	24	48	11	0.943	0.023	0.035	2358	0	0	0.000	-	-	coconspirators confederates narcotics
warren	822	483	27	392	16	50	11	0.961	0.024	0.056	2221	0	0	0.000	-	-	TJie clanoehalls managedthe
warren	823	505	19	444	16	31	6	0.965	0.012	0.038	2376	0	0	0.000	-	-	secuiity ownmoney ofthe
warren	824	481	11	440	12	19	4	0.973	0.008	0.023	2443	0	0	0.000	-	-	groin downthe assassination
warren	825	496	27	431	14	27	12	0.969	0.025	0.054	2363	0	0	0.000	-	-	AGYAgrew acute AGVAofficials
warren	826	444	56	367	8	14	3	0.979	0.008	0.126	2010	0	0	0.000	-	-	assassination cosigned stiatements
warren	827	505	34	429	20	28	7	0.955	0.015	0.067	2314	0	0	0.000	-	-	wasnot uponprior ber
warren	828	476	58	370	13	39	10	0.966	0.024	0.122	2172	0	0	0.000	-	-	tAvistboards fiberboards twistboards
warren	829	431	7	367	20	38	11	0.948	0.026	0.016	2226	0	0	0.000	-	-	killed forthe othershad
warren	830	470	25	370	14	61	5	0.964	0.011	0.053	2127	0	0	0.000	-	-	quent inoliulinir cago
warren	831	489	16	420	13	40	5	0.970	0.011	0.033	2246	0	0	0.000	-	-	sonjetimes hile spoketo
warren	832	391	10	350	12	19	9	0.967	0.024	0.026	2029	0	0	0.000	-	-	execiitive whenhewitnessedthe maltreatmentof
warren	833	503	12	448	20	22	14	0.957	0.029	0.024	2290	0	0	0.000	-	-	employino attacked kike
warren	834	180	2	169	5	4	3	0.971	0.017	0.011	895	0	0	0.000	-	-	ofen imusual hander
warren	835	417	6	376	13	19	7	0.967	0.017	0.014	1786	0	0	0.000	-	-	onbehalf ToNAHiLL meto
warren	836	469	8	392	24	45	11	0.942	0.024	0.017	2311	0	0	0.000	-	-	EuBT wantit youagreetothat
warren	837	438	13	377	16	36	10	0.959	0.023	0.030	2219	0	0	0.000	-	-	madeavailable der wasto
warren	838	273	5	206	21	41	21	0.907	0.078	0.018	1249	0	0	0.000	-	-	amemberofthe assassination youknowtell
warren	839	311	9	247	13	42	11	0.950	0.036	0.029	1304	0	0	0.000	-	-	duringthe weekbeforetheassassination AYall
warren	840	280	6	222	11	45	10	0.953	0.036	0.021	1101	0	0	0.000	-	-	YesJ miderworld assassination
warren	841	440	2	410	20	9	5	0.953	0.011	0.005	2349	0	0	0.000	-	-	poly pneumograph inee
warren	842	451	2	422	12	15	4	0.972	0.009	0.004	2252	0	0	0.000	-	-	tion examinee werepresent
warren	843	387	3	348	12	24	5	0.967	0.013	0.008	2003	0	0	0.000	-	-	opinionthat coimsel examinee
warren	844	58	1	56	0	1	0	1.000	0.000	0.017	290	0	0	0.000	-	-	
warren	845	532	157	218	15	140	2	0.936	0.005	0.295	1519	0	0	0.001	-	-	ments miemoranda
warren	846	880	446	66	15	341	5	0.815	0.012	0.507	1498	0	0	0.000	-	-	lerman rels ttt
warren	847	899	424	69	10	388	3	0.873	0.006	0.472	1654	0	0	0.000	-	-	garet liam ODonnell
warren	848	888	412	97	9	362	3	0.915	0.006	0.464	1557	0	0	0.000	-	-	descrip tion zier
warren	849	905	442	76	8	359	5	0.905	0.011	0.488	1408	0	0	0.000	-	-	cliffe nally zier
warren	850	827	389	118	7	308	3	0.944	0.007	0.470	1591	0	0	0.000	-	-	zier supra mian
warren	851	1020	488	129	25	358	6	0.838	0.012	0.478	1765	0	0	0.000	-	-	gan della gan
warren	852	1030	521	107	9	383	2	0.922	0.004	0.506	1576	0	0	0.000	-	-	zier supra
warren	853	845	448	105	14	276	4	0.882	0.010	0.530	1246	0	0	0.000	-	-	ston ston ley
warren	854	843	443	83	18	293	0	0.822	0.000	0.526	1200	0	0	0.000	-	-	
warren	855	950	466	65	24	380	5	0.730	0.011	0.491	1457	0	0	0.000	-	-	lis laway supra
warren	856	925	470	92	33	335	6	0.736	0.013	0.508	1416	0	0	0.000	-	-	wald wald ningham
warren	857	896	428	92	41	324	12	0.692	0.026	0.478	1404	0	0	0.000	-	-	schildt schildt wald
warren	858	1057	485	117	13	441	8	0.900	0.014	0.459	1970	0	0	0.000	-	-	supra condi tions
warren	859	1107	476	182	25	418	10	0.879	0.016	0.430	2146	0	0	0.000	-	-	chael testimonv lon
warren	860	971	457	174	47	285	19	0.787	0.038	0.471	1683	0	0	0.000	-	-	lor supra supra
warren	861	960	433	133	40	350	6	0.769	0.011	0.451	1710	0	0	0.000	-	-	rensehildt ings consti
warren	862	1004	410	243	52	299	21	0.824	0.035	0.408	2148	0	0	0.000	-	-	peared datelined sec
warren	863	1039	423	202	56	348	8	0.783	0.013	0.407	2103	0	0	0.000	-	-	dis wald HaU
warren	864	1126	411	174	71	466	26	0.710	0.037	0.365	2405	0	0	0.000	-	-	schildt enschildt com
warren	865	1116	456	175	48	401	10	0.785	0.016	0.409	2030	0	0	0.000	-	-	rec ord tain
warren	866	1017	479	155	80	277	1	0.660	0.002	0.471	1587	0	0	0.000	-	-	ert
warren	867	1006	482	110	42	341	10	0.724	0.020	0.479	1513	0	0	0.000	-	-	supra supra rreener
warren	868	1025	449	181	42	338	12	0.812	0.021	0.438	1804	0	0	0.000	-	-	lOi ilO zier
warren	869	1127	485	143	43	432	12	0.769	0.019	0.430	2114	0	0	0.000	-	-	supra wald supra
warren	870	1088	499	145	45	380	12	0.763	0.021	0.459	1711	0	0	0.000	-	-	fard iiani hardt
warren	871	1071	479	165	28	370	3	0.855	0.005	0.447	1722	0	0	0.000	-	-	tor fard supra
warren	872	1070	491	160	35	372	8	0.821	0.014	0.459	1611	0	0	0.000	-	-	mick fard ator
warren	873	1016	531	119	43	295	5	0.735	0.011	0.523	1395	0	0	0.000	-	-	liam ities bach
warren	874	970	463	138	42	314	9	0.767	0.018	0.477	1566	0	0	0.000	-	-	sec arlin upra
warren	875	979	441	107	57	361	7	0.652	0.013	0.450	1643	0	0	0.000	-	-	swald IMc guerite
warren	876	973	451	126	47	337	4	0.728	0.008	0.464	1679	0	0	0.000	-	-	supra schildt ibid
warren	877	1008	440	151	34	373	9	0.816	0.016	0.437	1833	0	0	0.000	-	-	nold infi supra
warren	878	825	330	163	33	296	15	0.832	0.030	0.400	1831	0	0	0.000	-	-	wald cmidoynient supra
warren	879	914	369	212	59	261	17	0.782	0.032	0.404	1804	0	0	0.000	-	-	assassination mont supra
warren	880	947	332	330	78	232	33	0.809	0.052	0.351	2447	0	0	0.000	-	-	sess rence ment
warren	881	833	311	299	47	176	18	0.864	0.034	0.373	2265	0	0	0.000	-	-	ence ington sess
warren	882	885	420	135	26	298	11	0.839	0.024	0.475	1606	0	0	0.000	-	-	nette tigation chs
warren	883	880	489	38	17	325	4	0.691	0.011	0.556	1122	0	0	0.000	-	-	della gan gan
warren	884	758	373	76	9	300	6	0.894	0.016	0.492	1193	0	0	0.000	-	-	baugh baugh baugh
warren	885	823	374	131	202	97	91	0.393	0.212	0.454	1338	0	0	0.000	-	-	supra supra supra
warren	886	953	404	135	57	342	11	0.703	0.021	0.424	1685	0	0	0.000	-	-	supra supra supra
warren	887	1002	389	213	42	356	6	0.835	0.010	0.388	1977	0	0	0.000	-	-	wald supra guerite
warren	888	959	389	167	60	325	9	0.736	0.016	0.406	1906	0	0	0.000	-	-	ibid wald nierita
warren	889	950	442	132	58	304	7	0.695	0.014	0.465	1675	0	0	0.000	-	-	supra som gado
warren	890	997	476	149	57	290	12	0.723	0.024	0.477	1605	0	0	0.000	-	-	rived cial tion
warren	891	1050	479	214	40	308	5	0.843	0.009	0.456	1911	0	0	0.000	-	-	lA lA para
warren	892	918	450	139	65	252	10	0.681	0.022	0.490	1333	0	0	0.000	-	-	wald wald ibid
warren	893	941	457	106	40	319	7	0.726	0.015	0.486	1531	0	0	0.000	-	-	wald guerite wald
warren	894	1034	465	113	19	438	8	0.856	0.014	0.450	2088	0	0	0.000	-	-	lerer schildt schildt
warren	895	996	458	90	32	398	10	0.738	0.019	0.460	1693	0	0	0.000	-	-	schildt ley schildt
warren	896	1000	472	120	78	289	2	0.606	0.004	0.472	1545	0	0	0.000	-	-	supra seums
warren	897	967	454	81	47	366	8	0.633	0.016	0.469	1492	0	0	0.000	-	-	rina rina mond
warren	898	1025	345	344	10	320	10	0.972	0.015	0.337	2644	0	0	0.000	-	-	fifjure lian ment
warren	899	920	459	160	40	247	3	0.800	0.007	0.499	1534	0	0	0.000	-	-	thereto thereto thereto
warren	900	942	431	206	81	232	37	0.718	0.071	0.458	1951	0	0	0.000	-	-	supra sec sec
warren	901	956	396	263	101	198	33	0.723	0.059	0.414	2206	0	0	0.000	-	-	sec sess sess
warren	902	1100	551	149	87	270	3	0.631	0.006	0.501	1376	0	0	0.000	-	-	supra lis supra
warren	903	1031	502	181	76	234	5	0.704	0.010	0.487	1282	0	0	0.000	-	-	supra supra supra
warren	904	1089	543	130	57	325	5	0.695	0.010	0.499	1478	0	0	0.000	-	-	supra supra hardt
warren	905	1090	568	133	59	297	7	0.693	0.014	0.521	1424	0	0	0.000	-	-	supra supra supra
warren	906	745	397	96	23	212	2	0.807	0.006	0.533	970	0	0	0.000	-	-	supra supra
warren	907	216	110	32	1	70	0	0.970	0.000	0.509	320	0	0	0.000	-	-	
warren	908	416	171	53	2	190	1	0.964	0.004	0.411	1208	0	0	0.000	-	-	JamesW
warren	909	543	332	34	2	176	1	0.944	0.005	0.611	1037	0	0	0.000	-	-	aark
warren	910	522	296	51	1	174	0	0.981	0.000	0.567	1111	0	0	0.000	-	-	
warren	911	476	208	51	1	216	1	0.981	0.004	0.437	1265	0	0	0.000	-	-	MarionT
warren	912	528	300	36	2	191	1	0.947	0.004	0.568	1177	0	0	0.000	-	-	WardH
warren	913	530	351	30	3	148	0	0.909	0.000	0.662	912	0	0	0.000	-	-	
warren	914	511	276	59	1	173	1	0.983	0.004	0.540	1179	0	0	0.000	-	-	RaymondE
warren	915	530	346	27	0	159	0	1.000	0.000	0.653	993	0	0	0.000	-	-	
warren	916	368	191	34	0	144	0	1.000	0.000	0.519	922	0	0	0.000	-	-	
warren	919	8	3	3	1	2	0	0.750	0.000	0.375	37	0	1	0.699	-	-	
